city,province,region_std,city_job_count,GDI_c,Exposure_c,SRI_c,entropy_c,GDI_group,Exposure_group,SRI_group,city_type,n_c,city_display_weight,GDI_c_weighted_display,Exposure_c_weighted_display,SRI_c_weighted_display,entropy_c_weighted_display,GDI_rank_raw,GDI_rank_weighted,SRI_rank_raw,SRI_rank_weighted,small_sample_threshold,small_sample_penalty_weight,small_sample_penalty_flag,GDI_c_penalty_display,GDI_rank_penalty,Exposure_c_penalty_display,Exposure_rank_raw,Exposure_rank_penalty,SRI_c_penalty_display,SRI_rank_penalty,entropy_c_penalty_display,entropy_rank_raw,entropy_rank_penalty
七台河,黑龙江,东北,21,0.0,7.9165082312,-0.578638425,2.4205609811,low,low,middle,低 GDI × 低 Exposure,21,0.0123986148804989,0.0,0.0981537367569484,-0.0071743149866334,0.0300116033994215,165.0,165.0,141.0,56.0,1000,0.14491376746189438,1,0.0,165.0,1.1472110329262897,289.0,330.0,-0.0838526741649668,60.0,0.35077261114246033,330.0,328.0
三亚,海南,东部,781,0.0051216389,9.318588482,-0.0124788979,3.7874910702,high,high,high,高 GDI × 高 Exposure,781,0.0756117065123168,0.0003872558573688,0.7045943774100405,-0.0009435507656119,0.2863786632179834,68.0,68.0,37.0,41.0,1000,0.8837420438114281,1,0.004526207629150115,58.0,8.235228430520312,11.0,72.0,-0.01102812673466014,41.0,3.347165099296081,82.0,103.0
三明,福建,东部,160,0.0,8.8420019313,-0.5094855548,3.2844152394,low,high,middle,低 GDI × 高 Exposure,160,0.0342234284503276,0.0,0.3026036204535047,-0.0174363424311733,0.1124039499467717,165.0,165.0,123.0,101.0,1000,0.4,1,0.0,165.0,3.5368007725200004,65.0,240.0,-0.20379422192000002,108.0,1.3137660957600001,234.0,246.0
三门峡,河南,中部,150,0.0,7.60712118,-4.2946535115,2.9206311697,low,low,low,低 GDI × 低 Exposure,150,0.03313669210956,0.0,0.2520748323817731,-0.1423106111278164,0.0967800558359331,165.0,165.0,342.0,322.0,1000,0.3872983346207417,1,0.0,165.0,2.9462253642721716,323.0,265.0,-1.6633121527770705,328.0,1.131155588066239,306.0,265.0
上海,上海,东部,136607,0.0162070758,9.2467545623,0.5854972384,4.1161635582,high,high,high,高 GDI × 高 Exposure,136607,1.0,0.0162070758,9.2467545623,0.5854972384,4.1161635582,6.0,1.0,7.0,2.0,1000,1.0,0,0.0162070758,2.0,9.2467545623,16.0,6.0,0.5854972384,4.0,4.1161635582,1.0,1.0
上饶,江西,中部,831,0.0024067389,8.3927708368,-1.2928746384,3.8137092544,middle,middle,low,高 GDI × 高 Exposure,831,0.0779945101680838,0.0001877124216079,0.6545900503691953,-0.1008371241307465,0.2974483852204163,123.0,117.0,250.0,284.0,1000,0.9115920140062659,1,0.0021939639610382253,110.0,7.6507828702115654,165.0,102.0,-1.1785741954766789,297.0,3.4765469000528304,69.0,100.0
东莞,广东,东部,45687,0.0049685906,8.4625201237,-0.2960440099,3.9303495089,high,middle,high,高 GDI × 高 Exposure,45687,0.5783088569753085,0.0028733799506642,4.8939503398674935,-0.1712048729796559,2.2729559320054245,70.0,17.0,79.0,334.0,1000,1.0,0,0.0049685906,53.0,8.4625201237,141.0,51.0,-0.2960440099,142.0,3.9303495089,28.0,28.0
东营,山东,东部,250,0.004,8.6145275597,-0.5529167343,3.5753470906,middle,high,middle,高 GDI × 高 Exposure,250,0.0427792855629095,0.0001711171422516,0.3685233344659611,-0.0236533828691311,0.1529507941752954,84.0,127.0,136.0,118.0,1000,0.5,1,0.002,120.0,4.30726377985,99.0,206.0,-0.27645836715,127.0,1.7876735453,159.0,204.0
中卫,宁夏,西部,76,0.0263157895,9.1166818878,-0.4477951917,3.0412801973,high,high,high,高 GDI × 高 Exposure,76,0.0235868703111494,0.000620707114072,0.2150339933555434,-0.0105620871125841,0.0717342815935819,2.0,47.0,111.0,77.0,1000,0.27568097504180444,1,0.0072547625083548796,29.0,2.5132957519746624,27.0,290.0,-0.12344861506688773,83.0,0.8384230901669953,287.0,301.0
中山,广东,东部,9839,0.0136192703,8.6326307512,-0.0113946269,4.0102341339,high,high,high,高 GDI × 高 Exposure,9839,0.2683731126751166,0.0036550459627747,2.316765985274474,-0.0030580114889246,1.0762390170707434,11.0,11.0,36.0,44.0,1000,1.0,0,0.0136192703,5.0,8.6326307512,92.0,41.0,-0.0113946269,42.0,4.0102341339,11.0,11.0
临夏,甘肃,西部,51,0.0,9.485688544,-0.1690915722,2.9235210921,low,high,high,低 GDI × 高 Exposure,51,0.0193218457645144,0.0,0.1832810110173896,-0.0032671612781276,0.056487823630861,165.0,165.0,54.0,45.0,1000,0.22583179581272428,1,0.0,165.0,2.1421700784117057,5.0,303.0,-0.03818625340672293,45.0,0.66022401832532,305.0,310.0
临汾,山西,中部,305,0.0,8.0850007098,-2.7554612572,2.9435962672,low,low,low,低 GDI × 低 Exposure,305,0.0472512653099683,0.0,0.3820265135700421,-0.130199030915296,0.1390886481868996,165.0,165.0,321.0,316.0,1000,0.552268050859363,1,0.0,165.0,4.465087583197812,257.0,196.0,-1.5217532177323339,322.0,1.6256541730034406,302.0,217.0
临沂,山东,东部,730,0.001369863,8.5258376475,-0.5996445649,3.5630175858,middle,middle,middle,高 GDI × 高 Exposure,730,0.0731012752143015,0.0001001387321688,0.6232496043023508,-0.043834782369515,0.2604611291329621,153.0,154.0,145.0,184.0,1000,0.8544003745317531,1,0.001170411460257191,153.0,7.28447887922092,123.0,108.0,-0.51233654083649,196.0,3.044243559770743,163.0,116.0
临沧,云南,西部,150,0.0,9.1381145359,0.1426848532,3.0274784349,low,high,high,低 GDI × 高 Exposure,150,0.03313669210956,0.0,0.3028068878380135,0.0047281040491861,0.100320620765614,165.0,165.0,25.0,29.0,1000,0.3872983346207417,1,0.0,165.0,3.5391765413276617,24.0,239.0,0.05526160601996501,27.0,1.1725373559369796,293.0,256.0
丹东,辽宁,东北,111,0.0,7.8472962644,-0.3181768994,2.8846990676,low,low,high,低 GDI × 低 Exposure,111,0.028505260380028,0.0,0.2236892232959434,-0.0090697153643069,0.0822290980399621,165.0,165.0,85.0,68.0,1000,0.3331666249791536,1,0.0,165.0,2.614457211621668,303.0,286.0,-0.10600592371942968,74.0,0.9610854524328033,311.0,290.0
丽水,浙江,东部,672,0.0014880952,8.4743123519,-0.7944954608,3.7666770186,middle,middle,middle,高 GDI × 高 Exposure,672,0.0701371572745697,0.0001043707670819,0.5943641782190392,-0.0557236530880613,0.2641840184560556,150.0,153.0,182.0,212.0,1000,0.8197560612767679,1,0.0012198750599568642,152.0,6.946868915622607,139.0,119.0,-0.6512924696476787,229.0,3.087756316869255,89.0,114.0
丽江,云南,西部,154,0.0,8.7673177609,-0.3411764628,3.1990993132,low,high,high,低 GDI × 高 Exposure,154,0.0335756078178213,0.0,0.2943680227541981,-0.0114552071116443,0.1074117039102648,165.0,165.0,90.0,80.0,1000,0.3924283374069717,1,0.0,165.0,3.4405439324286005,68.0,243.0,-0.13388731205899554,85.0,1.255417224678861,253.0,249.0
义乌,浙江,东部,882,0.0068027211,8.748884354,-0.7137054349,3.7987650231,high,high,middle,高 GDI × 高 Exposure,882,0.0803522080599346,0.0005466136612009,0.7029921759049146,-0.0573478075985909,0.3052391575069335,46.0,54.0,167.0,216.0,1000,0.9391485505499116,1,0.006388765660860301,38.0,8.2165020599879,73.0,74.0,-0.6702754247059294,233.0,3.5676046653240667,77.0,95.0
乌兰察布,内蒙古,西部,199,0.0,7.5402659009,-2.0695116099,3.2263791435,low,low,low,低 GDI × 低 Exposure,199,0.0381671789568639,0.0,0.2877906780219895,-0.0789874199683609,0.123141790152658,165.0,165.0,304.0,249.0,1000,0.44609416046390926,1,0.0,165.0,3.363668586736628,330.0,244.0,-0.9231970441886539,270.0,1.4392688953578991,249.0,233.0
乌海,内蒙古,西部,56,0.0,7.7232185106,-0.2686231405,2.9712875713,low,low,high,低 GDI × 低 Exposure,56,0.0202468533163339,0.0,0.1563708723141135,-0.0054387733230764,0.0601592236167573,165.0,165.0,75.0,51.0,1000,0.23664319132398465,1,0.0,165.0,1.8276470756408556,317.0,313.0,-0.06356783723139112,52.0,0.7031349732137235,299.0,305.0
乌鲁木齐,新疆,西部,1696,0.0035377358,9.1337139158,0.4523813191,3.5998931201,middle,high,high,高 GDI × 高 Exposure,1696,0.1114234103852677,0.000394186587878,1.0177095539818144,0.050405869368708,0.4011123684640043,92.0,67.0,10.0,15.0,1000,1.0,0,0.0035377358,72.0,9.1337139158,25.0,11.0,0.4523813191,6.0,3.5998931201,148.0,92.0
乐山,四川,西部,452,0.0066371681,9.0295308703,-0.7688217186,3.6634031585,high,high,middle,高 GDI × 高 Exposure,452,0.0575218361153181,0.000381782095718,0.5193951949196028,-0.0442240368992064,0.2107256761075759,48.0,69.0,179.0,186.0,1000,0.6723094525588644,1,0.0044622308518521584,59.0,6.07063895627476,36.0,132.0,-0.5168861087473313,201.0,2.46294057199355,125.0,140.0
九江,江西,中部,1405,0.0142348754,8.7190564898,-0.4837009742,3.8791665985,high,high,middle,高 GDI × 高 Exposure,1405,0.101414880938618,0.001443628193867,0.8842420758101517,-0.0490544767083865,0.3934052187279413,8.0,32.0,116.0,198.0,1000,1.0,0,0.0142348754,3.0,8.7190564898,79.0,36.0,-0.4837009742,191.0,3.8791665985,44.0,42.0
云浮,广东,东部,367,0.0,8.4389804171,-0.1399796669,3.7329866594,low,middle,high,低 GDI × 高 Exposure,367,0.0518318315050193,0.0,0.4374078110532848,-0.0072554025088895,0.1934875355405057,165.0,165.0,50.0,58.0,1000,0.6058052492344383,1,0.0,165.0,5.11237863486581,153.0,164.0,-0.08480041699410816,62.0,2.26146291358665,104.0,156.0
亳州,安徽,中部,319,0.0,8.0124643532,-1.4387394162,3.589131866,low,low,low,低 GDI × 低 Exposure,319,0.0483235536844746,0.0,0.3871907513167996,-0.0695250014167104,0.1734396064073096,165.0,165.0,259.0,238.0,1000,0.5648008498577175,1,0.0,165.0,4.525446676142027,274.0,194.0,-0.8126012449935563,253.0,2.0271447281682153,151.0,182.0
仙桃,湖北,中部,400,0.0,7.9438090802,-1.1604635486,3.6635646764,low,low,low,低 GDI × 低 Exposure,400,0.054111991621421,0.0,0.429855330389951,-0.0627949938188077,0.198242781073891,165.0,165.0,242.0,226.0,1000,0.6324555320336759,1,0.0,165.0,5.024105998191836,285.0,167.0,-0.7339415910355004,244.0,2.3170417465523436,124.0,150.0
伊春,黑龙江,东北,52,0.0,8.518790787,-0.5677483017,2.6328164431,low,middle,middle,低 GDI × 高 Exposure,52,0.0195103560408511,0.0,0.1662046412918925,-0.0110769715077555,0.0513671861950883,165.0,165.0,139.0,78.0,1000,0.22803508501982758,1,0.0,165.0,1.942583181379669,126.0,309.0,-0.12946653224802224,84.0,0.6003745214439085,324.0,314.0
伊犁,新疆,西部,103,0.0,8.6455514075,-0.1537646955,3.3244842169,low,high,high,低 GDI × 高 Exposure,103,0.027458836766849,0.0,0.2373967848579446,-0.0042221996742387,0.0912864694458231,165.0,165.0,51.0,47.0,1000,0.3209361307176242,1,0.0,165.0,2.77466981664336,87.0,274.0,-0.04934864641474368,48.0,1.066947101203697,224.0,274.0
佛山,广东,东部,22680,0.0071428571,8.9450411921,-0.0475111692,4.0288134262,high,high,high,高 GDI × 高 Exposure,22680,0.4074600631121085,0.0029104290047667,3.644747048673476,-0.019358904000762,1.641580572906362,42.0,14.0,40.0,106.0,1000,1.0,0,0.0071428571,30.0,8.9450411921,53.0,25.0,-0.0475111692,47.0,4.0288134262,8.0,8.0
佳木斯,黑龙江,东北,107,0.0093457944,7.8359432885,-0.3388645627,2.8973802769,high,low,high,高 GDI × 低 Exposure,107,0.0279869396855181,0.000261560184186,0.21930407219439,-0.0094837820778443,0.0810888070556101,30.0,95.0,88.0,72.0,1000,0.32710854467592254,1,0.0030570892050243866,85.0,2.5632040052642977,306.0,288.0,-0.1108454939470399,78.0,0.9477578457494804,308.0,291.0
保定,河北,东部,1280,0.00078125,8.3551376068,-1.9346598234,3.5468640629,middle,middle,low,高 GDI × 低 Exposure,1280,0.0967984733307172,7.562380728962288e-05,0.8087645648063027,-0.187272117319395,0.3433310264003051,163.0,163.0,298.0,337.0,1000,1.0,0,0.00078125,163.0,8.3551376068,174.0,58.0,-1.9346598234,337.0,3.5468640629,167.0,96.0
保山,云南,西部,193,0.0,9.1149523386,-0.6641080848,3.4997732361,low,high,middle,低 GDI × 高 Exposure,193,0.0375873906379084,0.0,0.3426072741968755,-0.0249620900091708,0.1315473437693877,165.0,165.0,154.0,130.0,1000,0.4393176527297759,1,0.0,165.0,4.004359466137534,28.0,217.0,-0.291754404973203,140.0,1.5375121631699438,178.0,221.0
信阳,河南,中部,401,0.0,7.7995246421,-3.0235363768,3.368546077,low,low,low,低 GDI × 低 Exposure,401,0.0541795893887157,0.0,0.4225750425361479,-0.1638139593968692,0.1825064432888291,165.0,165.0,332.0,330.0,1000,0.6332456079595026,1,0.0,165.0,4.939014723781736,310.0,172.0,-1.9146411311143878,335.0,2.1331170084694624,212.0,167.0
儋州,海南,东部,108,0.0,8.9643692578,-0.3148406887,3.3259069535,low,high,high,低 GDI × 高 Exposure,108,0.0281174156361128,0.0,0.2520548963371546,-0.0088525065033379,0.0935159081785972,165.0,165.0,83.0,67.0,1000,0.3286335345030997,1,0.0,165.0,2.945992353781742,50.0,266.0,-0.10346720833287111,73.0,1.0930045575571414,223.0,270.0
克孜勒苏柯尔克孜,新疆,西部,18,0.0,6.1932568115,-0.7444048136,2.0801158528,low,low,middle,低 GDI × 低 Exposure,18,0.0114788868657049,0.0,0.071091694269465,-0.0085449386376005,0.0238774145418505,165.0,165.0,174.0,65.0,1000,0.1341640786499874,1,0.0,165.0,0.8309125939576562,342.0,333.0,-0.0998723859592596,71.0,0.2790768268761448,337.0,332.0
克拉玛依,新疆,西部,46,0.0,9.095678796,-0.4153460918,3.2620303945,low,high,high,低 GDI × 高 Exposure,46,0.0183502691610293,0.0,0.1669081541088675,-0.0076217125795116,0.0598591357505338,165.0,165.0,103.0,61.0,1000,0.21447610589527216,1,0.0,165.0,1.9508057686402775,29.0,308.0,-0.08908181236808423,65.0,0.6996275763243784,241.0,307.0
六安,安徽,中部,806,0.0074441687,8.368205776,-0.4875421808,3.7126772287,high,middle,middle,高 GDI × 高 Exposure,806,0.0768123485452179,0.0005718040808138,0.6427815387642177,-0.0374492599221052,0.2851794573267981,41.0,53.0,117.0,170.0,1000,0.8977750274985377,1,0.006683188759346253,36.0,7.512766170661822,169.0,104.0,-0.43770319477441705,182.0,3.333148901089337,110.0,104.0
六盘水,贵州,西部,227,0.0,8.0785267809,-1.6553985589,3.3378966581,low,low,low,低 GDI × 低 Exposure,227,0.0407639679635318,0.0,0.3293128068891419,-0.0674806138218764,0.1360659124363685,165.0,165.0,278.0,235.0,1000,0.47644516998286385,1,0.0,165.0,3.8489750653370187,261.0,227.0,-0.7887066477844984,252.0,1.5903247406536878,218.0,219.0
兰州,甘肃,西部,1693,0.0005906675,8.7455850644,-0.54645823,3.4916228008,middle,high,middle,高 GDI × 高 Exposure,1693,0.111324820119345,6.575595318784321e-05,0.9736006841327602,-0.0608343641574856,0.3887042802236636,164.0,164.0,133.0,222.0,1000,1.0,0,0.0005906675,164.0,8.7455850644,74.0,33.0,-0.54645823,208.0,3.4916228008,179.0,98.0
兴安盟,内蒙古,西部,35,0.0,8.1359161847,-0.6056921021,3.1262545923,low,low,middle,低 GDI × 低 Exposure,35,0.0160065429827372,0.0,0.1302278921143482,-0.0096950366665681,0.0500405285066296,165.0,165.0,147.0,74.0,1000,0.18708286933869708,1,0.0,165.0,1.5220905445328208,243.0,319.0,-0.11331461639665508,80.0,0.5848686794107626,271.0,318.0
内江,四川,西部,404,0.0024752475,8.5185462365,-0.4016929729,3.6775044178,middle,middle,high,高 GDI × 高 Exposure,404,0.0543818785406417,0.000134608608903,0.4632545467761839,-0.021844818462877,0.199989598581473,120.0,143.0,102.0,111.0,1000,0.6356099432828282,1,0.0015732919230859622,138.0,5.414472690233914,127.0,155.0,-0.2553200477220796,119.0,2.337458374420208,121.0,148.0
凉山,四川,西部,230,0.0086956522,8.6649887596,-0.5020765642,3.4563535825,high,high,middle,高 GDI × 高 Exposure,230,0.0410324492494797,0.0003568039075876,0.3555457115255991,-0.0206014311398896,0.1418226529621886,38.0,73.0,121.0,109.0,1000,0.47958315233127197,1,0.0041702882936523605,61.0,4.155582624244006,84.0,211.0,-0.24078746137069026,117.0,1.657608946666835,191.0,216.0
包头,内蒙古,西部,433,0.0,8.3431129293,-0.9760976988,3.1680156851,low,middle,middle,低 GDI × 低 Exposure,433,0.0562998802601637,0.0,0.469716258916614,-0.0549541835646613,0.1783589037334506,165.0,165.0,211.0,207.0,1000,0.6580273550544841,1,0.0,165.0,5.489996533788148,184.0,153.0,-0.6422989870161324,223.0,2.084640982037472,260.0,174.0
北京,北京,东部,27472,0.029011357,9.8365080735,1.4431886966,4.0978192798,high,high,high,高 GDI × 高 Exposure,27472,0.4484444586851526,0.0130099822855867,4.411127538372841,0.647189973827318,1.837644348719493,1.0,2.0,1.0,1.0,1000,1.0,0,0.029011357,1.0,9.8365080735,4.0,1.0,1.4431886966,1.0,4.0978192798,2.0,2.0
北海,广西,西部,352,0.0,8.3137063649,-1.4406602451,3.6308862229,low,middle,low,低 GDI × 低 Exposure,352,0.0507615476593093,0.0,0.4220166018673749,-0.0731301436925159,0.1843094040492681,165.0,165.0,260.0,243.0,1000,0.593295878967653,1,0.0,165.0,4.932487725242317,191.0,173.0,-0.8547377864103589,261.0,2.1541898330469973,134.0,162.0
十堰,湖北,中部,611,0.0032733224,8.6463614538,-0.2077669868,3.7256178018,middle,high,high,高 GDI × 高 Exposure,611,0.0668781310734617,0.0002189136845128,0.5782524946157636,-0.0138950677759485,0.2491623556784027,100.0,106.0,65.0,89.0,1000,0.7816648898345121,1,0.0025586411931888407,96.0,6.75855717325395,86.0,123.0,-0.16240415884827053,92.0,2.912184628609494,107.0,121.0
南京,江苏,东部,26215,0.0135418653,9.0774439157,0.393955943,4.0344882911,high,high,high,高 GDI × 高 Exposure,26215,0.4380648973330358,0.0059322158323423,3.976509536977512,0.1725782697240342,1.7673676990320564,12.0,7.0,15.0,6.0,1000,1.0,0,0.0135418653,6.0,9.0774439157,34.0,15.0,0.393955943,10.0,4.0344882911,7.0,7.0
南充,四川,西部,492,0.0,8.6073024301,-0.4186302484,3.6467398253,low,high,high,低 GDI × 高 Exposure,492,0.0600131018511891,0.0,0.5165509174015788,-0.0251232997352177,0.2188521685605164,165.0,165.0,106.0,131.0,1000,0.7014271166700072,1,0.0,165.0,6.03739532585179,101.0,136.0,-0.2936386080860609,141.0,2.557922200905865,130.0,136.0
南宁,广西,西部,4527,0.0136956042,9.0238436867,-0.3636107494,3.8509695922,high,high,high,高 GDI × 高 Exposure,4527,0.1820408146115229,0.0024931589451649,1.6427078556539163,-0.0661919970222823,0.7010336416082923,10.0,20.0,95.0,233.0,1000,1.0,0,0.0136956042,4.0,9.0238436867,38.0,17.0,-0.3636107494,161.0,3.8509695922,50.0,48.0
南平,福建,东部,198,0.0,8.7094534448,-1.9138002781,3.6256386047,low,high,low,低 GDI × 高 Exposure,198,0.038071160744482,0.0,0.3315790020935634,-0.0728605980203794,0.1380322701209332,165.0,165.0,296.0,242.0,1000,0.4449719092257398,1,0.0,165.0,3.8754621276453523,80.0,223.0,-0.8515873636229089,260.0,1.6133073320959064,136.0,218.0
南昌,江西,中部,5609,0.0062399715,8.7936137572,0.0320895711,3.894699534,high,high,high,高 GDI × 高 Exposure,5609,0.2026311657745477,0.0012644126994449,1.7818602069925369,0.0065023472011982,0.7891875069160079,50.0,36.0,35.0,28.0,1000,1.0,0,0.0062399715,39.0,8.7936137572,66.0,30.0,0.0320895711,33.0,3.894699534,36.0,36.0
南通,江苏,东部,12469,0.003769348,7.8495784163,-0.7640553586,3.8982449126,middle,low,middle,高 GDI × 低 Exposure,12469,0.3021199022271826,0.0011387950492202,2.37151386365716,-0.2308363302363869,1.1777373718523243,87.0,37.0,178.0,343.0,1000,1.0,0,0.003769348,64.0,7.8495784163,302.0,96.0,-0.7640553586,249.0,3.8982449126,34.0,34.0
南阳,河南,中部,907,0.0044101433,8.1231477703,-2.7157715544,3.1051534048,high,low,low,高 GDI × 低 Exposure,907,0.0814830293216588,0.0003593518358266,0.6618986879515226,-0.2212892931981022,0.2530173059315672,76.0,72.0,319.0,341.0,1000,0.9523654760647301,1,0.004200068223418179,60.0,7.73620549340591,246.0,100.0,-2.586407069289208,343.0,2.9572409006163696,276.0,119.0
博尔塔拉,新疆,西部,12,0.0,7.5412073158,-1.000347361,2.4471513083,low,low,middle,低 GDI × 低 Exposure,12,0.0093724718787042,0.0,0.0706797534988144,-0.0093757275099085,0.0229358568199761,165.0,165.0,217.0,70.0,1000,0.10954451150103323,1,0.0,165.0,0.826097871537329,329.0,335.0,-0.10958256299209274,76.0,0.26807199463683784,329.0,335.0
厦门,福建,东部,4717,0.0127199491,9.0505387537,0.3822810287,4.0167715759,high,high,high,高 GDI × 高 Exposure,4717,0.185821713779941,0.0023636427409556,1.6817866218443054,0.0710361158985928,0.7464033780962923,16.0,21.0,16.0,12.0,1000,1.0,0,0.0127199491,9.0,9.0505387537,35.0,16.0,0.3822810287,11.0,4.0167715759,10.0,10.0
双鸭山,黑龙江,东北,31,0.0,8.0625270158,-0.5356922379,2.6472082086,low,low,middle,低 GDI × 低 Exposure,31,0.0150641409275752,0.0,0.1214550431983939,-0.0080697433655337,0.0398779175189844,165.0,165.0,129.0,63.0,1000,0.17606816861659008,1,0.0,165.0,1.4195543660936873,265.0,325.0,-0.09431835126917569,68.0,0.4660891012350062,323.0,323.0
台州,浙江,东部,3278,0.0015253203,8.0909154326,-0.415859322,3.8618271006,middle,low,high,高 GDI × 低 Exposure,3278,0.1549059136610191,0.0002362811346971,1.253330647440943,-0.0644190682288619,0.5982198554193275,147.0,102.0,104.0,228.0,1000,1.0,0,0.0015253203,140.0,8.0909154326,254.0,82.0,-0.415859322,177.0,3.8618271006,49.0,47.0
合肥,安徽,中部,16438,0.0104027254,8.6566636531,0.1021371225,3.9759017057,high,high,high,高 GDI × 高 Exposure,16438,0.3468869893095502,0.0036085700946199,3.002883992089272,0.0354300389207657,1.3791885724809785,22.0,12.0,29.0,18.0,1000,1.0,0,0.0104027254,16.0,8.6566636531,85.0,39.0,0.1021371225,24.0,3.9759017057,18.0,18.0
吉安,江西,中部,1460,0.0061643836,8.314128472,-0.3958111832,3.8369561851,high,middle,high,高 GDI × 低 Exposure,1460,0.1033808148348334,0.0006372789995224,0.8595213760768485,-0.0409192826399555,0.3966676569011919,51.0,45.0,99.0,177.0,1000,1.0,0,0.0061643836,40.0,8.314128472,190.0,64.0,-0.3958111832,173.0,3.8369561851,59.0,55.0
吐鲁番,新疆,西部,29,0.0,7.2942770975,-0.9294926084,2.7729734675,low,low,middle,低 GDI × 低 Exposure,29,0.0145700996461816,0.0,0.1062783441574359,-0.0135427999247773,0.0404024997376929,165.0,165.0,207.0,88.0,1000,0.17029386365926402,1,0.0,165.0,1.2421706295345571,338.0,327.0,-0.1582868875271633,91.0,0.4722203656052016,317.0,321.0
吕梁,山西,中部,196,0.0,7.5457423457,-3.2504606245,2.9278925679,low,low,low,低 GDI × 低 Exposure,196,0.0378783941349947,0.0,0.2858206026115444,-0.1231222286550921,0.110903868671838,165.0,165.0,336.0,306.0,1000,0.4427188724235731,1,0.0,165.0,3.3406425428871116,328.0,246.0,-1.4390402625358634,314.0,1.2962332962380478,303.0,247.0
吴忠,宁夏,西部,106,0.0094339623,8.4879421016,-1.1982136036,3.0605333786,high,middle,low,高 GDI × 高 Exposure,106,0.0278558525963169,0.000262791063228,0.2364388640282422,-0.0333772615207833,0.0852537666603894,27.0,94.0,246.0,155.0,1000,0.3255764119219941,1,0.0030714755958413625,84.0,2.763473734040558,131.0,275.0,-0.39011008577621054,169.0,0.996437475972086,286.0,284.0
周口,河南,中部,514,0.0,7.9641270599,-3.1896476585,3.2935847816,low,low,low,低 GDI × 低 Exposure,514,0.0613401851468449,0.0,0.4885210283872638,-0.1956535779255904,0.2020291003001748,165.0,165.0,335.0,339.0,1000,0.7169379331573968,1,0.0,165.0,5.709784793727602,282.0,143.0,-2.2867793997853205,342.0,2.3612958659989602,231.0,146.0
呼伦贝尔,内蒙古,西部,79,0.0,7.8425962849,-0.2351913441,3.1809349974,low,low,high,低 GDI × 低 Exposure,79,0.0240478950919671,0.0,0.1885979327079264,-0.0056558567694555,0.0764947911118419,165.0,165.0,69.0,54.0,1000,0.2810693864511039,1,0.0,165.0,2.20431372598055,305.0,300.0,-0.06610508678479746,55.0,0.8940634480600619,256.0,297.0
呼和浩特,内蒙古,西部,1223,0.0024529845,8.8878106074,-0.3194452104,3.6262228697,middle,high,high,高 GDI × 高 Exposure,1223,0.0946186509143485,0.0002320980841038,0.8409526492544245,-0.0302254748490982,0.3431083158457714,121.0,103.0,86.0,144.0,1000,1.0,0,0.0024529845,100.0,8.8878106074,58.0,28.0,-0.3194452104,147.0,3.6262228697,135.0,90.0
和田,新疆,西部,27,0.0,8.9316065403,0.7050156211,2.788292538,low,high,high,低 GDI × 高 Exposure,27,0.0140587078180564,0.0,0.1255668466959193,0.0099116086242104,0.0391997901030089,165.0,165.0,4.0,25.0,1000,0.16431676725154984,1,0.0,165.0,1.4676127130648955,55.0,322.0,0.11584588772099556,22.0,0.45816321599577914,315.0,325.0
咸宁,湖北,中部,902,0.0011086475,8.1733947661,-0.7482884953,3.8273187297,middle,low,middle,高 GDI × 低 Exposure,902,0.0812581240367316,9.00866160680124e-05,0.6641547257049266,-0.0608045193663466,0.3110007400660686,160.0,160.0,175.0,221.0,1000,0.9497368056467013,1,0.0010529233352382014,160.0,7.762573836445281,233.0,99.0,-0.7106771252283987,239.0,3.6349454645370685,63.0,89.0
咸阳,陕西,西部,1162,0.0008605852,8.1337908998,-1.8252494976,3.6922996079,middle,low,low,高 GDI × 低 Exposure,1162,0.092228806162569,7.937074559717575e-05,0.7501698242645225,-0.168340582112477,0.3405363848311389,162.0,162.0,289.0,333.0,1000,1.0,0,0.0008605852,162.0,8.1337908998,245.0,80.0,-1.8252494976,334.0,3.6922996079,112.0,83.0
哈密,新疆,西部,94,0.0,7.8830554081,-0.5017230942,3.4369927133,low,low,middle,低 GDI × 低 Exposure,94,0.0262317611827844,0.0,0.2067864268559363,-0.013161080386942,0.0901583720422558,165.0,165.0,120.0,86.0,1000,0.3065941943351178,1,0.0,165.0,2.416899021745513,297.0,296.0,-0.15382538784557143,89.0,1.053762011869884,194.0,275.0
哈尔滨,黑龙江,东北,2075,0.0086746988,8.9850787183,-0.0928819142,3.8074551149,high,high,high,高 GDI × 高 Exposure,2075,0.1232459263755423,0.0010691212896348,1.1073743501940545,-0.0114473175591126,0.4692533327691476,39.0,38.0,46.0,79.0,1000,1.0,0,0.0086746988,26.0,8.9850787183,43.0,20.0,-0.0928819142,66.0,3.8074551149,74.0,64.0
唐山,河北,东部,697,0.0043041607,8.5472560169,-1.6933299844,3.4587161308,high,middle,low,高 GDI × 高 Exposure,697,0.0714298786075198,0.0003074456763082,0.610529459714561,-0.1209543552281655,0.2470556733609148,77.0,81.0,281.0,303.0,1000,0.8348652585896721,1,0.003593394235817004,69.0,7.13580710478135,118.0,113.0,-1.4137023753037514,311.0,2.8875619369286123,189.0,122.0
商丘,河南,中部,378,0.0,7.9280435849,-3.1775386823,3.0772601463,low,low,low,低 GDI × 低 Exposure,378,0.0526028679559273,0.0,0.4170378298453313,-0.1671476477298781,0.1618727091418564,165.0,165.0,334.0,332.0,1000,0.6148170459575759,1,0.0,165.0,4.8742963370911285,287.0,178.0,-1.9536049460676141,338.0,1.891951992791144,282.0,195.0
商洛,陕西,西部,122,0.0,7.9611695723,-2.1975466515,3.150624153,low,low,low,低 GDI × 低 Exposure,122,0.0298843241408804,0.0,0.2379141720391274,-0.0656721964481323,0.0941542734343387,165.0,165.0,308.0,232.0,1000,0.3492849839314596,1,0.0,165.0,2.7807169861364307,283.0,273.0,-0.7675700468578105,250.0,1.1004657066546735,264.0,267.0
喀什地区,新疆,西部,121,0.0,9.3425292057,0.4157649083,3.158922778,low,high,high,低 GDI × 高 Exposure,121,0.0297615953917815,0.0,0.278048574155946,0.0123738269789257,0.0940145815927187,165.0,165.0,11.0,23.0,1000,0.3478505426185217,1,0.0,165.0,3.2498038536321316,9.0,251.0,0.14462404895389494,18.0,1.098833002417308,261.0,268.0
嘉兴,浙江,东部,11604,0.0053429852,8.2941547055,-0.5165815654,3.9503684766,high,middle,middle,高 GDI × 低 Exposure,11604,0.2914522303161154,0.0015572249530859,2.4173498875048782,-0.1505588493760202,1.1513437030755451,62.0,31.0,127.0,323.0,1000,1.0,0,0.0053429852,48.0,8.2941547055,196.0,66.0,-0.5165815654,200.0,3.9503684766,23.0,23.0
嘉峪关,甘肃,西部,61,0.0,8.2313044041,-2.0458319278,2.6051198796,low,middle,low,低 GDI × 低 Exposure,61,0.0211314082511933,0.0,0.1739390538028831,-0.0432313096796677,0.0550498517191273,165.0,165.0,302.0,182.0,1000,0.2469817807045694,1,0.0,165.0,2.0329822192459823,214.0,305.0,-0.5052832125503061,194.0,0.6434171468124814,325.0,312.0
四平,吉林,东北,102,0.0,8.968192012,-0.3685596259,3.2975562775,low,high,high,低 GDI × 高 Exposure,102,0.0273252163302574,0.0,0.245057786819187,-0.0100709715083162,0.090106438643886,165.0,165.0,96.0,75.0,1000,0.31937438845342625,1,0.0,165.0,2.864210839365402,48.0,269.0,-0.11770850513043607,81.0,1.0531550195173192,230.0,276.0
固原,宁夏,西部,65,0.0,7.8628990748,-1.5127804571,2.7556823171,low,low,low,低 GDI × 低 Exposure,65,0.0218132411862834,0.0,0.1715153139420171,-0.0329986449726183,0.0601103630156786,165.0,165.0,265.0,153.0,1000,0.25495097567963926,1,0.0,165.0,2.0046537907907926,299.0,306.0,-0.3856848535267357,167.0,0.702563895407774,318.0,306.0
塔城,新疆,西部,37,0.0,8.7493313647,-0.3418347625,3.1007011919,low,high,high,低 GDI × 高 Exposure,37,0.0164575197537295,0.0,0.1439922937664759,-0.0056257523563552,0.051029851116107,165.0,165.0,91.0,53.0,1000,0.19235384061671346,1,0.0,165.0,1.6829674908283159,72.0,317.0,-0.0657532294231771,54.0,0.596431782866786,277.0,316.0
大兴安岭,黑龙江,东北,17,0.0,8.8757013018,-0.0681389605,2.3021471895,low,high,high,低 GDI × 高 Exposure,17,0.0111554728533828,0.0,0.0990126449269646,-0.0007601223241154,0.0256815404769588,165.0,165.0,42.0,38.0,1000,0.130384048104053,1,0.0,165.0,1.157249865491097,60.0,329.0,-0.008884233503592166,38.0,0.3001632698983784,333.0,330.0
大同,山西,中部,448,0.0022321429,8.455994533,-2.1632115098,3.1436439401,middle,middle,low,高 GDI × 高 Exposure,448,0.0572667491106763,0.0001278275674334,0.4842473174025621,-0.123880090805044,0.1800262688110049,128.0,145.0,307.0,308.0,1000,0.6693280212272604,1,0.0014940357903534787,141.0,5.659834088281422,142.0,147.0,-1.4478980793504685,315.0,2.1041289778702015,265.0,171.0
大庆,黑龙江,东北,172,0.0,8.5410302564,-0.7151190218,3.2873550467,low,middle,middle,低 GDI × 高 Exposure,172,0.0354836058485013,0.0,0.303066551158222,-0.025375001504317,0.1166472107611845,165.0,165.0,168.0,132.0,1000,0.4147288270665544,1,0.0,165.0,3.542211460176724,120.0,238.0,-0.29658047312409574,143.0,1.3633609026692093,233.0,243.0
大理,云南,西部,562,0.0017793594,8.998962959,-0.4306792175,3.5791855932,middle,high,high,高 GDI × 高 Exposure,562,0.0641404024801655,0.0001141288280728,0.5771971060943614,-0.0276239383502927,0.229570404499058,138.0,148.0,108.0,136.0,1000,0.7496665925596525,1,0.0013339262983369877,147.0,6.746221898044058,40.0,124.0,-0.32286582146948245,148.0,2.6831958677928425,157.0,131.0
大连,辽宁,东北,6238,0.0081756973,8.6361656335,-0.7279474262,3.9931356401,high,high,middle,高 GDI × 高 Exposure,6238,0.2136909885856374,0.0017470728384139,1.8454707718119228,-0.1555558051430483,0.8532971024895113,40.0,29.0,171.0,328.0,1000,1.0,0,0.0081756973,28.0,8.6361656335,90.0,40.0,-0.7279474262,241.0,3.9931356401,14.0,14.0
天水,甘肃,西部,219,0.0,8.2079038858,-2.38870977,2.9255122571,low,middle,low,低 GDI × 低 Exposure,219,0.0400392174172662,0.0,0.3286380482235708,-0.095642069827778,0.1171352213189042,165.0,165.0,314.0,277.0,1000,0.4679743582719036,1,0.0,165.0,3.841088553714719,221.0,228.0,-1.1178549217135765,293.0,1.3690647211329607,304.0,242.0
天津,天津,东部,7051,0.0102113175,8.8994983228,0.1145534576,3.984058291,high,high,high,高 GDI × 高 Exposure,7051,0.2271898267427279,0.0023199074536399,2.021875482054129,0.0260253801849244,0.9051375128652186,23.0,22.0,28.0,20.0,1000,1.0,0,0.0102113175,17.0,8.8994983228,57.0,27.0,0.1145534576,23.0,3.984058291,16.0,16.0
天门,湖北,中部,278,0.0,8.2736269179,-0.7260470162,3.5436009,low,middle,middle,低 GDI × 低 Exposure,278,0.0451113600757008,0.0,0.373234563025398,-0.0327529683796864,0.1598566561644776,165.0,165.0,170.0,151.0,1000,0.5272570530585627,1,0.0,165.0,4.362328146837953,204.0,204.0,-0.38281341014357456,165.0,1.8683885677496705,168.0,198.0
太原,山西,中部,2317,0.0034527406,8.7011991222,-0.3459036343,3.6834294631,middle,high,high,高 GDI × 高 Exposure,2317,0.1302346478042377,0.0004496664560003,1.1331976031542594,-0.0450486379872663,0.4797101388385809,94.0,60.0,93.0,189.0,1000,1.0,0,0.0034527406,76.0,8.7011991222,81.0,37.0,-0.3459036343,155.0,3.6834294631,119.0,85.0
威海,山东,东部,494,0.0101214575,8.6326417255,-0.4882351639,3.8403240061,high,high,middle,高 GDI × 高 Exposure,494,0.0601349559905665,0.0006086534013228,0.5191235302452712,-0.0293600000941735,0.2309377150963398,24.0,48.0,118.0,141.0,1000,0.7028513356322231,1,0.007113879922419782,31.0,6.067463766802134,91.0,133.0,-0.3431567370497324,154.0,2.699176856947875,56.0,129.0
娄底,湖南,中部,351,0.0,8.4137018961,-1.073424724,3.5655954104,low,middle,low,低 GDI × 高 Exposure,351,0.0506893919047688,0.0,0.4264854327813094,-0.0544112465151043,0.1807378631316106,165.0,165.0,235.0,205.0,1000,0.5924525297439449,1,0.0,165.0,4.9847189728558705,159.0,169.0,-0.635953193223496,221.0,2.1124460209348794,161.0,170.0
孝感,湖北,中部,1591,0.0050282841,8.1229679026,-1.0674269374,3.8450170528,high,low,low,高 GDI × 低 Exposure,1591,0.1079191740475674,0.0005426482669485,0.8766239868634931,-0.1151958334403324,0.4149510645369879,69.0,55.0,233.0,298.0,1000,1.0,0,0.0050282841,52.0,8.1229679026,247.0,81.0,-1.0674269374,290.0,3.8450170528,52.0,49.0
宁德,福建,东部,756,0.0026455026,8.2812040188,-0.5541498708,3.7619684631,middle,middle,middle,高 GDI × 低 Exposure,756,0.0743916892829934,0.0001968034074165,0.6160527562556466,-0.0412241450047645,0.2798591889993557,116.0,113.0,137.0,179.0,1000,0.8694826047713663,1,0.0023002184915774217,106.0,7.200362840909331,199.0,110.0,-0.4818236730969001,190.0,3.2709661383639217,92.0,106.0
宁波,浙江,东部,31120,0.0054305913,8.5985258999,-0.0678812311,3.9464120276,high,high,high,高 GDI × 高 Exposure,31120,0.4772910790880327,0.002591972781663,4.103999705329668,-0.0323991060415431,1.8835872551791952,61.0,18.0,41.0,149.0,1000,1.0,0,0.0054305913,47.0,8.5985258999,103.0,45.0,-0.0678812311,56.0,3.9464120276,25.0,25.0
安庆,安徽,中部,788,0.0012690355,7.9367997222,-1.0506029029,3.6056740359,middle,low,middle,高 GDI × 低 Exposure,788,0.0759497995083356,9.638299179396052e-05,0.6027983476389043,-0.0797930798381304,0.2738502201190165,154.0,155.0,229.0,252.0,1000,0.8876936408468858,1,0.001126514743358948,155.0,7.04544664207227,286.0,116.0,-0.9326135159596082,274.0,3.200733912635156,147.0,109.0
安康,陕西,西部,212,0.0,8.4092179924,-2.2171222098,3.1818518319,low,middle,low,低 GDI × 高 Exposure,212,0.0393941245331772,0.0,0.33127378081924,-0.0873415884381342,0.1253462673119866,165.0,165.0,310.0,266.0,1000,0.4604345773288535,1,0.0,165.0,3.871894731996884,160.0,224.0,-1.0208397275556766,286.0,1.4650346033439148,255.0,229.0
安阳,河南,中部,384,0.0,7.9774821298,-3.3840334378,3.2548498028,low,low,low,低 GDI × 低 Exposure,384,0.053018707375296,0.0,0.4229557906315199,-0.1794170785869353,0.1725679292451933,165.0,165.0,338.0,335.0,1000,0.6196773353931867,1,0.0,165.0,4.943464869341228,278.0,171.0,-2.097008823617349,339.0,2.016956652904143,246.0,183.0
安顺,贵州,西部,172,0.0,7.7959087193,-1.9867180914,3.40164056,low,low,low,低 GDI × 低 Exposure,172,0.0354836058485013,0.0,0.2766269522265362,-0.0704959216873245,0.1207024728693154,165.0,165.0,299.0,239.0,1000,0.4147288270665544,1,0.0,165.0,3.233188079073213,312.0,253.0,-0.8239492637582256,255.0,1.4107583995508173,207.0,237.0
定西,甘肃,西部,103,0.0097087379,8.5325955249,-1.1014966124,3.0740915812,high,middle,low,高 GDI × 高 Exposure,103,0.027458836766849,0.0002665906492082,0.2342951477157758,-0.0302458156791288,0.0844109789345157,25.0,93.0,239.0,145.0,1000,0.3209361307176242,1,0.0031158847757775526,83.0,2.7384181927399216,121.0,277.0,-0.3535100607822267,158.0,0.9865870575419513,283.0,287.0
宜宾,四川,西部,1280,0.0,8.5503682166,-0.3250894969,3.8845239709,low,middle,high,低 GDI × 高 Exposure,1280,0.0967984733307172,0.0,0.8276625897823677,-0.0314681669957709,0.3760159899996956,165.0,165.0,87.0,147.0,1000,1.0,0,0.0,165.0,8.5503682166,117.0,49.0,-0.3250894969,150.0,3.8845239709,43.0,41.0
宜昌,湖北,中部,1553,0.003219575,8.491967475,-0.54586655,3.7981094813,middle,middle,middle,高 GDI × 高 Exposure,1553,0.1066225956426294,0.0003432794433661,0.9054356142972858,-0.0582017084354871,0.4049642914310869,101.0,75.0,132.0,219.0,1000,1.0,0,0.003219575,80.0,8.491967475,130.0,50.0,-0.54586655,207.0,3.7981094813,78.0,66.0
宜春,江西,中部,927,0.0021574973,8.1356363934,-1.0531826875,3.7884062123,middle,low,low,高 GDI × 低 Exposure,927,0.0823765103005471,0.0001777270985568,0.6701853351624217,-0.0867575145052017,0.3120756833701879,132.0,121.0,231.0,265.0,1000,0.9628083921528727,1,0.0020772565064871643,113.0,7.833058995069851,244.0,97.0,-1.0140131299951165,285.0,3.6475092940865177,81.0,88.0
宝鸡,陕西,西部,563,0.0,8.0522121612,-1.8724179883,3.4339215674,low,low,low,低 GDI × 低 Exposure,563,0.0641974415332162,0.0,0.5169314194316899,-0.1202044443296316,0.2204489790528118,165.0,165.0,293.0,301.0,1000,0.7503332592921628,1,0.0,165.0,6.0418425954251855,268.0,135.0,-1.4049374919184137,310.0,2.5765855618208944,197.0,135.0
宣城,安徽,中部,899,0.0033370412,7.8005456775,-0.7990825917,3.771649431,middle,low,middle,高 GDI × 低 Exposure,899,0.0811228815728927,0.0002707103980714,0.6328027431997729,-0.0648238824534393,0.3059670701254813,97.0,91.0,183.0,231.0,1000,0.9481561052906847,1,0.0031640359873865527,81.0,7.396135008720486,309.0,106.0,-0.7576550379518584,248.0,3.5761124350187874,86.0,94.0
宿州,安徽,中部,580,0.0,8.4399777292,-1.4921172504,3.5497940828,low,middle,low,低 GDI × 高 Exposure,580,0.0651594664956158,0.0,0.5499444460695511,-0.0972255639849691,0.2313026886045418,165.0,165.0,263.0,279.0,1000,0.7615773105863908,1,0.0,165.0,6.42769554041317,152.0,128.0,-1.1363626426391922,295.0,2.703442630714308,166.0,128.0
宿迁,江苏,东部,983,0.002034588,8.0961636579,-0.8464040956,3.7916765416,middle,low,middle,高 GDI × 低 Exposure,983,0.0848282059135362,0.0001725904498132,0.6867830378820298,-0.0717989409076171,0.3216411184283696,136.0,124.0,192.0,240.0,1000,0.991463564635635,1,0.0020172198710448875,117.0,8.027051280135016,251.0,87.0,-0.8391788217457767,258.0,3.7593091398800524,79.0,76.0
山南,西藏,西部,13,0.0,7.188674889,-0.0796068115,2.5325911608,low,low,high,低 GDI × 低 Exposure,13,0.0097551780204255,0.0,0.070126803273158,-0.0007765786178209,0.0247058776265602,165.0,165.0,45.0,40.0,1000,0.11401754250991379,1,0.0,165.0,0.8196350447465073,340.0,336.0,-0.009076573014279945,40.0,0.2887598203367459,326.0,331.0
岳阳,湖南,中部,827,0.0012091898,7.9118690874,-1.646926529,3.6895648056,middle,low,low,高 GDI × 低 Exposure,827,0.077806571316226,9.40829124085531e-05,0.6155954063934325,-0.1281417064312231,0.2870723871727541,156.0,157.0,276.0,312.0,1000,0.9093954035511725,1,0.0010996316461409615,157.0,7.195017381580171,291.0,111.0,-1.4977074154590868,319.0,3.3552732753168155,115.0,102.0
崇左,广西,西部,236,0.0042372881,8.8573199836,-1.3716233101,3.6921386977,high,high,low,高 GDI × 高 Exposure,236,0.041564209435158,0.0001761195300255,0.3681475028325608,-0.057010438527141,0.1534608260948543,78.0,123.0,254.0,215.0,1000,0.48579831205964474,1,0.002058467406690419,115.0,4.30287109740504,63.0,207.0,-0.6663322888282427,232.0,1.793634747232755,113.0,203.0
巴中,四川,西部,111,0.0,9.1993497279,-0.117542904,3.4514582681,low,high,high,低 GDI × 高 Exposure,111,0.028505260380028,0.0,0.2622298593207296,-0.0033505910843446,0.0983847166229911,165.0,165.0,49.0,46.0,1000,0.3331666249791536,1,0.0,165.0,3.064916300847338,19.0,259.0,-0.039161372615928655,46.0,1.1499107024392718,192.0,262.0
巴彦淖尔,内蒙古,西部,98,0.0,7.9102238775,-0.3004808649,3.1798639409,low,low,high,低 GDI × 低 Exposure,98,0.0267840693533115,0.0,0.2118679849351809,-0.0080481003248246,0.0851696963271601,165.0,165.0,80.0,62.0,1000,0.31304951684997057,1,0.0,165.0,2.4762917630264756,292.0,293.0,-0.09406538957960628,67.0,0.9954548703473883,258.0,285.0
巴音郭楞,新疆,西部,74,0.0135135135,9.1725202556,-0.0196457354,3.3857988037,high,high,high,高 GDI × 高 Exposure,74,0.0232744476387474,0.0003145195623712,0.2134853424043127,-0.0004572436398919,0.0788025969720494,13.0,80.0,39.0,36.0,1000,0.2720294101747089,1,0.0036760731067929657,67.0,2.495195274946438,21.0,291.0,-0.005344217813310398,36.0,0.921036851540746,209.0,294.0
常州,江苏,东部,19794,0.0047994342,8.2161354815,-0.5154473622,3.9391115585,high,middle,middle,高 GDI × 低 Exposure,19794,0.3806539194973043,0.0018269234395994,3.1275041741538474,-0.1962070587159766,1.49943825408016,73.0,26.0,125.0,340.0,1000,1.0,0,0.0047994342,55.0,8.2161354815,217.0,75.0,-0.5154473622,198.0,3.9391115585,26.0,26.0
常德,湖南,中部,586,0.0017064846,7.8856688338,-1.1927376828,3.5231455654,middle,low,low,高 GDI × 低 Exposure,586,0.0654956310646124,0.000111767285779,0.5164768566362777,-0.0781191072295295,0.2307506421383639,143.0,150.0,244.0,248.0,1000,0.7655063683601855,1,0.0013063248288085838,149.0,6.036529711053337,296.0,137.0,-0.9130482919665709,268.0,2.6969903669736466,170.0,130.0
平凉,甘肃,西部,83,0.0,8.3527140573,-1.425972688,2.9485932732,low,middle,low,低 GDI × 低 Exposure,83,0.0246491852751084,0.0,0.2058875963483907,-0.0351490649837564,0.0726804218920453,165.0,165.0,257.0,162.0,1000,0.28809720581775866,1,0.0,165.0,2.406393580902844,178.0,297.0,-0.41081874698523857,175.0,0.8494814831019591,300.0,300.0
平顶山,河南,中部,364,0.0,8.0396382543,-2.9349710969,3.3188912294,low,low,low,低 GDI × 低 Exposure,364,0.0516195500744188,0.0,0.4150025094480524,-0.1515018875034016,0.1713196720075629,165.0,165.0,329.0,325.0,1000,0.6033241251599343,1,0.0,165.0,4.850507716377889,269.0,181.0,-1.7707388694068853,330.0,2.0023671474787337,226.0,184.0
广元,四川,西部,145,0.0,8.4865965278,-0.6977928604,3.2843545732,low,middle,middle,低 GDI × 高 Exposure,145,0.0325797332478079,0.0,0.2764910510574968,-0.0227339052540568,0.1070033958860739,165.0,165.0,162.0,113.0,1000,0.3807886552931954,1,0.0,165.0,3.231599679836863,133.0,254.0,-0.2657116049849084,122.0,1.2506449614348847,235.0,250.0
广安,四川,西部,335,0.0059701493,8.3214733484,-0.4791540616,3.6834500712,high,middle,high,高 GDI × 低 Exposure,335,0.049520603249413,0.000295645394825,0.4120843801366807,-0.0237279981798383,0.1824066695649172,54.0,88.0,115.0,120.0,1000,0.5787918451395113,1,0.0034554737291053617,75.0,4.816400913599703,187.0,184.0,-0.2773304634195551,129.0,2.1319508631891124,118.0,168.0
广州,广东,东部,83087,0.0127216051,9.3149577891,0.4110771748,4.0761408502,high,high,high,高 GDI × 高 Exposure,83087,0.7798840927584838,0.0099213774518452,7.264587404435825,0.3205925495226187,3.178917408914021,15.0,4.0,13.0,4.0,1000,1.0,0,0.0127216051,8.0,9.3149577891,12.0,3.0,0.4110771748,8.0,4.0761408502,3.0,3.0
庆阳,甘肃,西部,132,0.0,8.1903676686,-2.8123881174,2.8867004463,low,middle,low,低 GDI × 低 Exposure,132,0.0310849725798194,0.0,0.2545973543970706,-0.0874230075131889,0.089733004219388,165.0,165.0,324.0,267.0,1000,0.363318042491699,1,0.0,165.0,2.9757083486430527,229.0,263.0,-1.0217913455406826,287.0,1.0487903554096298,310.0,278.0
廊坊,河北,东部,1105,0.0027149321,8.0807690947,-1.0351741708,3.4861113821,middle,low,middle,高 GDI × 低 Exposure,1105,0.0899382974481199,0.0002441763707612,0.7267706144487039,-0.0931018024840213,0.3135349224205864,115.0,101.0,228.0,273.0,1000,1.0,0,0.0027149321,93.0,8.0807690947,259.0,84.0,-1.0351741708,288.0,3.4861113821,181.0,99.0
延安,陕西,西部,195,0.0,8.4843300361,-2.738336325,3.1230772113,low,middle,low,低 GDI × 高 Exposure,195,0.0377816420123968,0.0,0.3205519201389564,-0.1034588427406924,0.1179949851744113,165.0,165.0,320.0,287.0,1000,0.44158804331639234,1,0.0,165.0,3.746578699491895,134.0,231.0,-1.2092165796989507,299.0,1.3791135548639821,274.0,240.0
延边,吉林,东北,126,0.0238095238,9.471609191,-0.6743142781,3.313235654,high,high,middle,高 GDI × 高 Exposure,126,0.0303702799745009,0.0007231019038655,0.2876554229397266,-0.0204791134167005,0.1006238944334788,4.0,44.0,157.0,108.0,1000,0.35496478698597694,1,0.008451542543904548,27.0,3.3620877388977366,6.0,245.0,-0.2393578240873693,115.0,1.176081988156454,228.0,254.0
开封,河南,中部,539,0.0,8.1601504225,-2.9221421081,3.3480545478,low,low,low,低 GDI × 低 Exposure,539,0.0628142105034881,0.0,0.5125734063790423,-0.1835520494992998,0.2103054031426698,165.0,165.0,328.0,336.0,1000,0.7341661937191061,1,0.0,165.0,5.99090657586218,236.0,138.0,-2.1453379490101017,340.0,2.4580284637222687,216.0,141.0
开平,广东,东部,249,0.0040160643,7.7733801443,-0.7628389389,3.6181724774,middle,low,middle,高 GDI × 低 Exposure,249,0.0426936412616665,0.0001714604085079,0.3318739032713056,-0.0325683719978269,0.1544729577729507,83.0,126.0,177.0,150.0,1000,0.498998997994986,1,0.002004012061583435,119.0,3.8789089030398194,313.0,222.0,-0.38065586614265834,164.0,1.805464440795636,142.0,201.0
张家口,河北,东部,445,0.0,8.4798709255,-1.8878603367,3.2779196643,low,middle,low,低 GDI × 高 Exposure,445,0.0570746856883669,0.0,0.4839859677508338,-0.1077490353406871,0.1870862345516398,165.0,165.0,294.0,293.0,1000,0.6670832032063166,1,0.0,165.0,5.656779459758653,136.0,148.0,-1.2593599206119914,304.0,2.1866451495142183,236.0,161.0
张家界,湖南,中部,105,0.0,8.4043895412,-1.1850794216,3.2044473341,low,middle,low,低 GDI × 高 Exposure,105,0.027724145699636,0.0,0.2330045201567257,-0.0328553145500787,0.0888405647773985,165.0,165.0,243.0,152.0,1000,0.324037034920393,1,0.0,165.0,2.7233334672464102,162.0,278.0,-0.3840096219204383,166.0,1.038359612700322,252.0,280.0
张掖,甘肃,西部,116,0.0,7.9827085672,-1.7990992502,3.0138100113,low,low,low,低 GDI × 低 Exposure,116,0.0291401992923633,0.0,0.2326177185410646,-0.0524261106975695,0.0878230243586019,165.0,165.0,287.0,204.0,1000,0.34058772731852804,1,0.0,165.0,2.7188125687487914,276.0,280.0,-0.6127511248460858,219.0,1.0264667023184944,294.0,281.0
徐州,江苏,东部,2757,0.0029017048,8.6911551288,-0.2022955346,3.8752980615,middle,high,high,高 GDI × 高 Exposure,2757,0.1420633024030282,0.0004122257664867,1.2346941992943443,-0.028738771706662,0.5505376404127438,109.0,64.0,64.0,140.0,1000,1.0,0,0.0029017048,90.0,8.6911551288,82.0,38.0,-0.2022955346,107.0,3.8752980615,46.0,44.0
德宏,云南,西部,132,0.0,8.5256108903,-0.4664887544,3.3593582267,low,middle,high,低 GDI × 高 Exposure,132,0.0310849725798194,0.0,0.2650183807511854,-0.0145007901393181,0.1044255583627603,165.0,165.0,112.0,91.0,1000,0.363318042491699,1,0.0,165.0,3.097508259709707,124.0,257.0,-0.16948378109299894,93.0,1.2205154549530293,214.0,253.0
德州,山东,东部,380,0.0,8.4145285194,-1.0326709551,3.4757465234,low,middle,middle,低 GDI × 高 Exposure,380,0.0527418453922016,0.0,0.4437977622184665,-0.0544649718549014,0.1833172857596453,165.0,165.0,227.0,206.0,1000,0.6164414002968976,1,0.0,165.0,5.1870637433371165,158.0,161.0,-0.6365811296077787,222.0,2.1425940539617696,184.0,165.0
德阳,四川,西部,922,0.0021691974,8.1782888038,-0.5492609038,3.8914309031,middle,low,middle,高 GDI × 低 Exposure,922,0.0821540510494199,0.0001782083539358,0.6718795558842846,-0.0451240083302357,0.3196968130685677,131.0,120.0,135.0,191.0,1000,0.9602083107326244,1,0.0020828813710996007,112.0,7.8528608769803325,231.0,95.0,-0.5274048845892725,205.0,3.7365842937983818,38.0,79.0
忻州,山西,中部,149,0.0,7.6520741975,-2.914504469,3.0276728118,low,low,low,低 GDI × 低 Exposure,149,0.0330260517602496,0.0,0.2527177985199056,-0.0962545754486728,0.0999920789956073,165.0,165.0,327.0,278.0,1000,0.38600518131237566,1,0.0,165.0,2.953740288021739,321.0,264.0,-1.1250138259920741,294.0,1.1686973926734092,292.0,258.0
怀化,湖南,中部,320,0.0,8.6213750167,-1.5674635415,3.3956172348,low,high,low,低 GDI × 高 Exposure,320,0.0483992366653586,0.0,0.4172679698140735,-0.0758640389093796,0.1643452821720558,165.0,165.0,272.0,245.0,1000,0.565685424949238,1,0.0,165.0,4.876986189968684,94.0,177.0,-0.886691279565865,263.0,1.9208511784327944,208.0,193.0
怒江,云南,西部,44,0.0,8.1002521248,-1.5228771118,3.0400338223,low,low,low,低 GDI × 低 Exposure,44,0.0179469172867108,0.0,0.1453745548852896,-0.0273309495632997,0.0545592355576216,165.0,165.0,266.0,135.0,1000,0.20976176963403032,1,0.0,165.0,1.6991232201798623,250.0,314.0,-0.319441397906329,146.0,0.6376828743129532,288.0,313.0
恩施,湖北,中部,206,0.0,8.9658863567,0.2785770973,3.261302206,low,high,high,低 GDI × 高 Exposure,206,0.0388326593626669,0.0,0.3481692107741139,0.0108178895256914,0.1266450376443122,165.0,165.0,19.0,24.0,1000,0.4538722287164087,1,0.0,165.0,4.069366823133471,49.0,214.0,0.12643840802089884,19.0,1.48021450075496,242.0,228.0
惠州,广东,东部,16074,0.0051636183,8.3488365511,-0.2647963234,3.9076718233,high,middle,high,高 GDI × 低 Exposure,16074,0.3430247883205506,0.0017712490743256,2.8638578906639536,-0.090831702782345,1.3404283000136628,67.0,27.0,74.0,270.0,1000,1.0,0,0.0051636183,50.0,8.3488365511,180.0,61.0,-0.2647963234,121.0,3.9076718233,32.0,32.0
成都,四川,西部,35728,0.0117554859,9.1519963619,0.2726843724,4.0002226475,high,high,high,高 GDI × 高 Exposure,35728,0.5114084220639957,0.0060118544947145,4.680408018174709,0.1394530846105949,2.0457475520626347,18.0,6.0,20.0,8.0,1000,1.0,0,0.0117554859,11.0,9.1519963619,22.0,9.0,0.2726843724,14.0,4.0002226475,12.0,12.0
扬州,江苏,东部,2905,0.004130809,8.2030964386,-0.64509612,3.9057651228,high,middle,middle,高 GDI × 低 Exposure,2905,0.145826546675946,0.0006023816114479,1.1962292256907892,-0.0940721394536516,0.5695642399852762,80.0,50.0,153.0,275.0,1000,1.0,0,0.004130809,62.0,8.2030964386,225.0,77.0,-0.64509612,225.0,3.9057651228,33.0,33.0
承德,河北,东部,319,0.0031347962,8.2795168352,-1.9001262364,3.2314167981,middle,middle,low,高 GDI × 低 Exposure,319,0.0483235536844746,0.0001514844924605,0.4000956762672988,-0.0918208521919541,0.1561535431198985,104.0,135.0,295.0,271.0,1000,0.5648008498577175,1,0.0017705355578907433,128.0,4.67627814493224,200.0,187.0,-1.0731929131556663,291.0,1.8251069538113844,248.0,200.0
抚州,江西,中部,411,0.0,8.0809948323,-1.9341185368,3.5518060537,low,low,low,低 GDI × 低 Exposure,411,0.054850985380946,0.0,0.4432505294099877,-0.1060883075870335,0.1948200619274543,165.0,165.0,297.0,289.0,1000,0.6410928169929843,1,0.0,165.0,5.180667741144956,258.0,162.0,-1.2399495011554609,301.0,2.2770373483792676,165.0,155.0
抚顺,辽宁,东北,141,0.0141843972,8.2504272167,-0.876570671,3.0663704689,high,middle,middle,高 GDI × 低 Exposure,141,0.0321272149761841,0.0004557051781519,0.2650632488362817,-0.028161774389035,0.0985139432509729,9.0,59.0,197.0,138.0,1000,0.37549966711037175,1,0.005326236426761289,49.0,3.098032673389201,208.0,256.0,-0.32915199515921517,151.0,1.1514210903090245,284.0,261.0
拉萨,西藏,西部,330,0.0060606061,8.9615968524,0.06003125,3.5394507465,high,high,high,高 GDI × 高 Exposure,330,0.0491496571780548,0.0002978767121062,0.440459413063395,0.0029505153574701,0.1739627907890851,53.0,86.0,33.0,33.0,1000,0.5744562646538028,1,0.003481553141744052,74.0,5.148045453162981,52.0,163.0,0.034485327637498606,32.0,2.033259654760504,169.0,179.0
揭阳,广东,东部,428,0.0023364486,9.0922904711,-0.0135910376,3.5035563832,middle,high,high,高 GDI × 高 Exposure,428,0.0559738793710362,0.000130780092093,0.5089307700357737,-0.0007607430991496,0.1961076423628608,126.0,144.0,38.0,39.0,1000,0.6542170893518451,1,0.0015285446025121933,139.0,5.948331807544559,32.0,139.0,-0.008891489059943487,39.0,2.2920864593971815,177.0,153.0
攀枝花,四川,西部,282,0.0,8.3073299046,-0.1060063824,3.3240673576,low,middle,high,低 GDI × 低 Exposure,282,0.0454347431405956,0.0,0.3774414003996901,-0.0048163727556077,0.1510281465745945,165.0,165.0,48.0,49.0,1000,0.5310367218940701,1,0.0,165.0,4.411497240231363,194.0,200.0,-0.05629328180954525,50.0,1.765201832934988,225.0,207.0
文山,云南,西部,193,0.0,8.8639757775,-0.278261363,3.328657863,low,high,high,低 GDI × 高 Exposure,193,0.0375873906379084,0.0,0.3331737201538509,-0.0104591185505178,0.1251155633965266,165.0,165.0,76.0,76.0,1000,0.4393176527297759,1,0.0,165.0,3.8941010324248904,61.0,220.0,-0.12224512883854811,82.0,1.462338159113672,220.0,230.0
新乡,河南,中部,825,0.0012121212,8.361891995,-1.7601518455,3.5837519474,middle,middle,low,高 GDI × 高 Exposure,825,0.0777124314495485,9.419688566354456e-05,0.6498229584499664,-0.1367856796342151,0.2785020775445087,155.0,156.0,285.0,319.0,1000,0.9082951062292475,1,0.001100963754116723,156.0,7.59506557787602,170.0,103.0,-1.5987373074880284,325.0,3.2551043557629558,153.0,108.0
新余,江西,中部,347,0.0028818444,8.3560727461,-1.6881438268,3.636676702,middle,middle,low,高 GDI × 低 Exposure,347,0.0503997358654078,0.0001452441965652,0.421143859275573,-0.0850820029735387,0.1832875452086824,111.0,140.0,280.0,262.0,1000,0.5890670590009256,1,0.001697599605206287,134.0,4.922287197342915,173.0,174.0,-0.9944299192236439,281.0,2.1422464493843254,132.0,166.0
无锡,江苏,东部,24491,0.0068188314,8.448571975,-0.1970204844,3.9827949211,high,middle,high,高 GDI × 高 Exposure,24491,0.4234155291896044,0.0028871991056856,3.5772565736910864,-0.0834215326634182,1.6863772191712252,45.0,16.0,63.0,259.0,1000,1.0,0,0.0068188314,34.0,8.448571975,146.0,53.0,-0.1970204844,103.0,3.9827949211,17.0,17.0
日喀则,西藏,西部,13,0.0,9.8631542014,0.1856681077,2.3947004059,low,high,high,低 GDI × 高 Exposure,13,0.0097551780204255,0.0,0.0962168250775654,0.001811225443329,0.0233607287651398,165.0,165.0,22.0,35.0,1000,0.11401754250991379,1,0.0,165.0,1.1245726034399595,3.0,331.0,0.02116942136242,35.0,0.27303785532821107,332.0,334.0
日照,山东,东部,240,0.0,8.2351273967,-0.5849389675,3.4692144457,low,middle,middle,低 GDI × 低 Exposure,240,0.0419149684759758,0.0,0.3451751052283253,-0.0245176983831323,0.1454120141279154,165.0,165.0,143.0,128.0,1000,0.4898979485566356,1,0.0,165.0,4.034372017745877,212.0,215.0,-0.2865604002090865,137.0,1.6995610400514758,186.0,214.0
昆明,云南,西部,14163,0.0054367013,9.2820373704,0.1217025958,3.832234942,high,high,high,高 GDI × 高 Exposure,14163,0.3219890854756727,0.0017505584795914,2.9887147242461136,0.0391869075216574,1.2339378243024974,60.0,28.0,26.0,17.0,1000,1.0,0,0.0054367013,46.0,9.2820373704,13.0,4.0,0.1217025958,20.0,3.832234942,61.0,56.0
昌吉,新疆,西部,161,0.0,8.5802734478,-0.1832745042,3.5050458728,low,high,high,低 GDI × 高 Exposure,161,0.0343302100778278,0.0,0.2945625899881818,-0.0062918522310957,0.1203289611456472,165.0,165.0,59.0,55.0,1000,0.4012480529547776,1,0.0,165.0,3.4428180147493266,109.0,242.0,-0.07353853796650221,58.0,1.406392831978179,176.0,239.0
昌都,西藏,西部,9,0.0,7.5667575911,-0.264053046,2.1972245773,low,low,high,低 GDI × 低 Exposure,9,0.0081167987432131,0.0,0.0614178485056391,-0.0021432654319144,0.0178344296875857,165.0,165.0,73.0,43.0,1000,0.09486832980505137,1,0.0,165.0,0.7178456547073508,326.0,337.0,-0.025050271453956403,44.0,0.208447025855061,335.0,336.0
昭通,云南,西部,253,0.0,8.4047867653,-1.283299631,3.4455241609,low,middle,low,低 GDI × 高 Exposure,253,0.043035195834947,0.0,0.3617016443956564,-0.0552270509350002,0.1482788070183729,165.0,165.0,249.0,209.0,1000,0.5029910535983717,1,0.0,165.0,4.227532550347898,161.0,209.0,-0.6454882334790917,226.0,1.7330678278897365,193.0,210.0
晋中,山西,中部,225,0.0,7.9089310939,-2.6190040464,3.1800534872,low,low,low,低 GDI × 低 Exposure,225,0.0405839937160658,0.0,0.320976009815635,-0.1062896437614485,0.1290592707412779,165.0,165.0,316.0,290.0,1000,0.4743416490252569,1,0.0,165.0,3.7515354171076547,293.0,230.0,-1.2423026981731964,302.0,1.5084318151069667,257.0,225.0
晋城,山西,中部,183,0.0,7.7978970041,-2.949525358,3.1293328069,low,low,low,低 GDI × 低 Exposure,183,0.0366006727265471,0.0,0.2854082762023864,-0.1079546123268097,0.114535685917794,165.0,165.0,331.0,294.0,1000,0.42778499272414877,1,0.0,165.0,3.3358233131625803,311.0,247.0,-1.2617626838117222,305.0,1.3386816120311564,270.0,244.0
普洱,云南,西部,191,0.0052356021,9.0236339392,0.0936728572,3.4722848311,high,high,high,高 GDI × 高 Exposure,191,0.037392130144999,0.0001957703151106,0.3374128946353967,0.0035026276674763,0.1298361263049972,64.0,114.0,30.0,32.0,1000,0.43703546766824314,1,0.002288143812298336,107.0,3.9436480786853028,39.0,219.0,0.040938360954222555,30.0,1.5175116250371352,185.0,224.0
景德镇,江西,中部,381,0.0,8.5208115821,-1.5378618438,3.6237410209,low,middle,low,低 GDI × 高 Exposure,381,0.0528111969611369,0.0,0.4499942587310199,-0.081216324731939,0.1913741007909013,165.0,165.0,269.0,256.0,1000,0.6172519744804386,1,0.0,165.0,5.259487773227015,125.0,160.0,-0.9492482595636778,276.0,2.236761300156285,137.0,158.0
曲靖,云南,西部,870,0.0,8.5864892906,-0.7806148899,3.7480162762,low,high,middle,低 GDI × 高 Exposure,870,0.0798037224131175,0.0,0.6852338078502489,-0.0622959739851259,0.2991056505057112,165.0,165.0,180.0,224.0,1000,0.9327379053088815,1,0.0,165.0,8.008944034871387,108.0,88.0,-0.7281090972582491,242.0,3.495916850526382,97.0,97.0
朔州,山西,中部,131,0.0,8.2781198117,-3.9356284898,2.977684596,low,middle,low,低 GDI × 低 Exposure,131,0.0309670026188366,0.0,0.2563485578879572,-0.1218746177504046,0.0922099666824014,165.0,165.0,341.0,304.0,1000,0.3619392214170772,1,0.0,165.0,2.9961762394439795,201.0,260.0,-1.4244583113850793,312.0,1.0777408443018641,297.0,272.0
朝阳,辽宁,东北,181,0.0165745856,8.4819954307,-0.6651723119,3.4127880441,high,middle,middle,高 GDI × 高 Exposure,181,0.03640011958565,0.0006033168979225,0.3087456480024176,-0.0242123516982233,0.1242258929257168,5.0,49.0,155.0,125.0,1000,0.42544094772365293,1,0.007051507405790811,32.0,3.6085881746247015,135.0,236.0,-0.2829915387742693,134.0,1.4519397798618559,203.0,231.0
本溪,辽宁,东北,130,0.0,7.4960876756,-0.4962917747,3.2331208498,low,low,middle,低 GDI × 低 Exposure,130,0.0308485815249573,0.0,0.2312436717789749,-0.0153098972719987,0.0997371921150948,165.0,165.0,119.0,92.0,1000,0.36055512754639896,1,0.0,165.0,2.7027528479749474,331.0,281.0,-0.1789405441271872,95.0,1.1657183003725609,247.0,259.0
来宾,广西,西部,129,0.0,8.3159495948,-1.295351104,3.4285847536,low,middle,low,低 GDI × 低 Exposure,129,0.0307297040826762,0.0,0.2555466702146555,-0.039805756109088,0.1053593949005035,165.0,165.0,251.0,172.0,1000,0.35916569992135944,1,0.0,165.0,2.986803856727087,188.0,262.0,-0.46524568591206567,185.0,1.2314300427664457,199.0,251.0
杭州,浙江,东部,31458,0.0133193464,9.2283314658,0.5918837708,4.0650665214,high,high,high,高 GDI × 高 Exposure,31458,0.4798760518409767,0.0063916353635343,4.428455268887958,0.2840308470802535,1.9507280727603653,14.0,5.0,6.0,5.0,1000,1.0,0,0.0133193464,7.0,9.2283314658,18.0,7.0,0.5918837708,3.0,4.0650665214,5.0,5.0
松原,吉林,东北,71,0.0,8.2142097587,-0.7112012345,3.213669972,low,middle,middle,低 GDI × 低 Exposure,71,0.0227977872963479,0.0,0.1872658068864278,-0.016213814469031,0.0732645644623163,165.0,165.0,166.0,95.0,1000,0.2664582518894845,1,0.0,165.0,2.1887439729567464,218.0,301.0,-0.18950543768651334,100.0,0.8563088828888487,251.0,299.0
林芝,西藏,西部,83,0.0240963855,9.4478725449,0.8727481827,3.2661450722,high,high,high,高 GDI × 高 Exposure,83,0.0246491852751084,0.0005939562706499,0.2328823608148507,0.0215125316538865,0.0805078150200403,3.0,51.0,3.0,21.0,1000,0.28809720581775866,1,0.006942101332857556,33.0,2.7219056811080065,7.0,279.0,0.25143631281839673,15.0,0.9409672690962616,239.0,292.0
果洛,青海,西部,2,0.0,8.3392728422,1.0193093938,1.0986122887,low,middle,high,低 GDI × 低 Exposure,2,0.0038262956219016,0.0,0.0319085231659531,0.0039001790708601,0.0042036153904201,165.0,165.0,2.0,30.0,1000,0.044721359549995794,1,0.0,165.0,0.3729436191615415,185.0,342.0,0.04558490189281805,28.0,0.049131435168996485,342.0,342.0
枣庄,山东,东部,282,0.0,8.4362559113,-0.9924726719,3.6226794176,low,middle,middle,低 GDI × 高 Exposure,282,0.0454347431405956,0.0,0.3832991203982473,-0.0450927409218371,0.1645955088193787,165.0,165.0,216.0,190.0,1000,0.5310367218940701,1,0.0,165.0,4.4799616841962235,156.0,195.0,-0.527039434255225,204.0,1.9237758023954232,138.0,192.0
柳州,广西,西部,1390,0.0035971223,8.6297795817,-0.3593427573,3.7988949507,middle,high,high,高 GDI × 高 Exposure,1390,0.1008720676867371,0.000362849164123,0.8705037100868648,-0.0362476469371043,0.3832023886018145,89.0,71.0,94.0,164.0,1000,1.0,0,0.0035971223,68.0,8.6297795817,93.0,42.0,-0.3593427573,160.0,3.7988949507,76.0,65.0
株洲,湖南,中部,1218,0.0,8.255442182,-0.9555584435,3.7655102176,low,middle,middle,低 GDI × 低 Exposure,1218,0.0944250377568676,0.0,0.7795204397349881,-0.0902286421063812,0.3555584444707511,165.0,165.0,208.0,269.0,1000,1.0,0,0.0,165.0,8.255442182,207.0,70.0,-0.9555584435,277.0,3.7655102176,91.0,73.0
桂林,广西,西部,1038,0.0105973025,9.4322094349,0.6743906234,3.9862909346,high,high,high,高 GDI × 高 Exposure,1038,0.0871690272896821,0.0009237565508195,0.8221965216327958,0.0587859746550603,0.34748110326276,21.0,41.0,5.0,13.0,1000,1.0,0,0.0105973025,15.0,9.4322094349,8.0,2.0,0.6743906234,2.0,3.9862909346,15.0,15.0
梅州,广东,东部,456,0.0021929825,8.4383347042,-0.3965184789,3.6808162718,middle,middle,high,高 GDI × 高 Exposure,456,0.0577757968915175,0.0001267013115066,0.4875315119725031,-0.0229091711006598,0.2126620933145096,130.0,147.0,100.0,115.0,1000,0.6752777206453653,1,0.001480872224015175,144.0,5.698219425094859,154.0,144.0,-0.2677600946253594,124.0,2.4855732221354754,120.0,139.0
梧州,广西,西部,287,0.0034843206,8.6445217771,-1.064732174,3.5809642417,middle,high,low,高 GDI × 高 Exposure,287,0.0458357636536947,0.0001597064955152,0.3962282570743728,-0.0488028122819485,0.1641362306348934,93.0,129.0,232.0,197.0,1000,0.5357238094391549,1,0.0018666335051393218,123.0,4.631076137207745,88.0,189.0,-0.5704023762877131,214.0,1.9184078050289184,154.0,194.0
楚雄,云南,西部,340,0.0058823529,8.5575411976,-0.8181870874,3.5777714744,high,high,middle,高 GDI × 高 Exposure,340,0.0498887912426351,0.0002934634758436,0.4269253863573167,-0.0408183648007183,0.1784906942001967,56.0,89.0,187.0,176.0,1000,0.5830951894845301,1,0.0034299716788403754,77.0,4.989861106136245,115.0,168.0,-0.4770809547612988,188.0,2.0861813357976144,158.0,173.0
榆林,陕西,西部,449,0.004454343,8.0806347984,-2.2237063135,3.4155615357,high,low,low,高 GDI × 低 Exposure,449,0.0573306272667432,0.0002553702782512,0.4632678617057454,-0.1274864778099722,0.1958162853098419,75.0,97.0,311.0,311.0,1000,0.6700746227100381,1,0.0029847422051460996,88.0,5.414628313795485,260.0,154.0,-1.4900491690364424,318.0,2.288681107377096,201.0,154.0
武威,甘肃,西部,114,0.0087719298,8.138756273,-1.5687319998,3.1750717812,high,low,low,高 GDI × 低 Exposure,114,0.0288878984457587,0.0002534026172357,0.2351115646892062,-0.0453173706988344,0.0917211511733,36.0,99.0,273.0,192.0,1000,0.33763886032268264,1,0.0029617443805025775,89.0,2.747960392459804,241.0,276.0,-0.5296648845641948,206.0,1.072027617647078,259.0,273.0
武汉,湖北,中部,52255,0.0093579562,8.9705052026,0.0896286451,4.0192671082,high,high,high,高 GDI × 高 Exposure,52255,0.6184825474170756,0.0057877325891934,5.548100909322178,0.0554337527429889,2.485846559829199,29.0,8.0,31.0,14.0,1000,1.0,0,0.0093579562,20.0,8.9705052026,46.0,22.0,0.0896286451,25.0,4.0192671082,9.0,9.0
毕节,贵州,西部,302,0.0033112583,8.024762502,-2.7793402984,3.3813168927,middle,low,low,高 GDI × 低 Exposure,302,0.0470183077759476,0.000155689761875,0.3773107531479199,-0.1306798775642654,0.1589837983489796,98.0,133.0,322.0,317.0,1000,0.5495452665613635,1,0.0018196863251270273,125.0,4.409970248253224,272.0,202.0,-1.5273733051489677,323.0,1.8581866931272628,210.0,199.0
永州,湖南,中部,314,0.0,8.7556611829,-0.8658237402,3.6197903268,low,high,middle,低 GDI × 高 Exposure,314,0.0479433467253887,0.0,0.4197756999018021,-0.0415104877794815,0.1735448627109806,165.0,165.0,194.0,180.0,1000,0.5603570290448759,1,0.0,165.0,4.906296287773388,69.0,175.0,-0.4851704187349945,192.0,2.0283749532910287,141.0,181.0
汉中,陕西,西部,216,0.0,7.8353712386,-2.8151276594,3.0877097672,low,low,low,低 GDI × 低 Exposure,216,0.039764030531472,0.0,0.3115659411571084,-0.111940822198373,0.1227797854552652,165.0,165.0,325.0,296.0,1000,0.46475800154489,1,0.0,165.0,3.6415514782140455,307.0,234.0,-1.3083531050764876,306.0,1.4350378207545094,280.0,234.0
汕头,广东,东部,1462,0.0020519836,8.7512902857,-0.18177623,3.7609747888,middle,high,high,高 GDI × 高 Exposure,1462,0.1034515993791314,0.0002122809853197,0.9053349766867208,-0.0188050417226088,0.3890788571259509,135.0,108.0,57.0,104.0,1000,1.0,0,0.0020519836,116.0,8.7512902857,71.0,32.0,-0.18177623,97.0,3.7609747888,94.0,74.0
汕尾,广东,东部,607,0.0016474465,8.455504132,-0.7233428801,3.8183114399,middle,middle,middle,高 GDI × 高 Exposure,607,0.0666588579223103,0.0001098169021781,0.5636342485964962,-0.0482172102737006,0.2545242797754264,145.0,151.0,169.0,195.0,1000,0.7791020472312982,1,0.001283528940854037,150.0,6.587700579613901,143.0,127.0,-0.5635579187360935,212.0,2.974854259792776,68.0,118.0
江门,广东,东部,5036,0.0025814138,8.4431266525,-0.5608992702,3.9086361139,middle,middle,middle,高 GDI × 高 Exposure,5036,0.1920022790302516,0.0004956373327201,1.6210995594210598,-0.1076939381848049,0.7504670417687463,117.0,57.0,138.0,292.0,1000,1.0,0,0.0025814138,95.0,8.4431266525,149.0,54.0,-0.5608992702,211.0,3.9086361139,31.0,31.0
池州,安徽,中部,295,0.0033898305,8.0291881134,-0.642092743,3.621850384,middle,low,middle,高 GDI × 低 Exposure,295,0.0464701988640257,0.0001575260974503,0.3731179683463696,-0.0298381774563577,0.168308107600228,95.0,131.0,152.0,143.0,1000,0.5431390245600107,1,0.0018411492311937736,124.0,4.360965399920909,271.0,205.0,-0.34874562611008164,157.0,1.9671682846680603,139.0,187.0
沈阳,辽宁,东北,6256,0.0059143223,8.7522454072,-0.1703921497,3.9169413055,high,high,high,高 GDI × 高 Exposure,6256,0.213999073470851,0.0012656594924079,1.8729724079303112,-0.0364637621625065,0.8382218102167056,55.0,35.0,55.0,166.0,1000,1.0,0,0.0059143223,42.0,8.7522454072,70.0,31.0,-0.1703921497,94.0,3.9169413055,29.0,29.0
沧州,河北,东部,663,0.0015082956,8.181457312,-1.7955943066,3.5144599531,middle,low,low,高 GDI × 低 Exposure,663,0.0696659056405635,0.0001050767789476,0.5699686331000906,-0.1250917035323287,0.2448380354702039,148.0,152.0,286.0,309.0,1000,0.8142481194328913,1,0.0012281268558489045,151.0,6.661736230516477,230.0,125.0,-1.4620592874134564,316.0,2.8616424076338824,173.0,124.0
河池,广西,西部,113,0.0,8.8861067881,-0.8559960072,3.4351465322,low,high,middle,低 GDI × 高 Exposure,113,0.028760918057659,0.0,0.2555725891841522,-0.0246192310207625,0.0987979679286559,165.0,165.0,193.0,129.0,1000,0.3361547262794322,1,0.0,165.0,2.9871067950435597,59.0,261.0,-0.2877471034966029,139.0,1.1547407422614318,196.0,260.0
河源,广东,东部,1234,0.0024311183,8.2168947789,-0.4247860142,3.7387179859,middle,middle,high,高 GDI × 低 Exposure,1234,0.0950432115454615,0.0002310612908789,0.7809600687177914,-0.040373027009164,0.3553397644427157,122.0,104.0,107.0,175.0,1000,1.0,0,0.0024311183,101.0,8.2168947789,216.0,73.0,-0.4247860142,179.0,3.7387179859,101.0,78.0
泉州,福建,东部,2133,0.0032817628,8.9861298617,-0.0979727563,3.8253497138,middle,high,high,高 GDI × 高 Exposure,2133,0.1249565283431199,0.0004100776863335,1.1228755907584729,-0.0122423354994545,0.4780024199347955,99.0,65.0,47.0,83.0,1000,1.0,0,0.0032817628,79.0,8.9861298617,42.0,19.0,-0.0979727563,70.0,3.8253497138,65.0,58.0
泰安,山东,东部,312,0.0,8.2111769949,-0.6953072945,3.4833929199,low,middle,middle,低 GDI × 低 Exposure,312,0.0477904170001127,0.0,0.3924155726480033,-0.0332290255473751,0.1664728002172611,165.0,165.0,161.0,154.0,1000,0.5585696017507576,1,0.0,165.0,4.586513863946276,219.0,192.0,-0.38837751858326175,168.0,1.9457173960099519,182.0,190.0
泰州,江苏,东部,2832,0.0017655367,8.029606629,-0.9019369043,3.8635176799,middle,low,middle,高 GDI × 低 Exposure,2832,0.1439826450362548,0.0002542066439745,1.1561240010440654,-0.1298632611369254,0.5562794946963364,140.0,98.0,200.0,314.0,1000,1.0,0,0.0017655367,129.0,8.029606629,270.0,86.0,-0.9019369043,266.0,3.8635176799,48.0,46.0
泸州,四川,西部,637,0.0031397174,9.0245888679,-0.1799579897,3.8015274572,middle,high,high,高 GDI × 高 Exposure,637,0.068286246142979,0.0002143995151957,0.6162552967726077,-0.0122886555800498,0.2595920396616523,103.0,107.0,56.0,84.0,1000,0.7981227975693966,1,0.0025058800348653123,98.0,7.202730114161982,37.0,109.0,-0.14362857418432864,87.0,3.034085729177339,75.0,117.0
洛阳,河南,中部,1077,0.0027855153,8.4375812495,-1.8056444654,3.6213552956,middle,middle,low,高 GDI × 高 Exposure,1077,0.088791496289115,0.0002473300714232,0.7491854642040862,-0.1603258738490252,0.3215455552908345,114.0,100.0,288.0,329.0,1000,1.0,0,0.0027855153,92.0,8.4375812495,155.0,55.0,-1.8056444654,333.0,3.6213552956,140.0,91.0
济南,山东,东部,5426,0.0093991891,8.9640146822,0.173578862,3.8412936639,high,high,high,高 GDI × 高 Exposure,5426,0.1992982190063836,0.0018732416477342,1.7865121613095338,0.0345939580537548,0.765562985895776,28.0,25.0,23.0,19.0,1000,1.0,0,0.0093991891,19.0,8.9640146822,51.0,24.0,0.173578862,17.0,3.8412936639,54.0,51.0
济宁,山东,东部,749,0.0053404539,8.5426301401,-1.0313177486,3.7615821285,high,middle,middle,高 GDI × 高 Exposure,749,0.0740464823656451,0.0003954418255308,0.6325517120251437,-0.0763654514850868,0.2785319247449013,63.0,66.0,226.0,247.0,1000,0.8654478609367522,1,0.004621884404186336,57.0,7.393200981523373,119.0,107.0,-0.8925517394719772,265.0,3.2554532068482405,93.0,107.0
济源,河南,中部,88,0.0,7.2809441575,-4.6647075303,2.6840225311,low,low,low,低 GDI × 低 Exposure,88,0.0253807738296546,0.0,0.1847959969278531,-0.1183938868080313,0.0681225688155464,165.0,165.0,343.0,299.0,1000,0.2966479394838265,1,0.0,165.0,2.15987708181918,339.0,302.0,-1.3837758771581843,308.0,0.7962097533789797,322.0,303.0
海东,青海,西部,33,0.0,8.066051463,-1.5437984708,2.4082687167,low,low,low,低 GDI × 低 Exposure,33,0.0155424862899097,0.0,0.1253664942773837,-0.0239944665667925,0.0374304835117282,165.0,165.0,270.0,123.0,1000,0.1816590212458495,1,0.0,165.0,1.4652710140872327,263.0,323.0,-0.2804449192063672,132.0,0.43748373797272,331.0,327.0
海北,青海,西部,6,0.0,7.2999440358,0.5831530495,1.3862943611,low,low,high,低 GDI × 低 Exposure,6,0.006627338421912,0.0,0.0483791995862647,0.0038647526108065,0.0091874418833979,165.0,165.0,8.0,31.0,1000,0.07745966692414834,1,0.0,165.0,0.5654512335779912,337.0,339.0,0.04517084098007139,29.0,0.10738189946963103,341.0,341.0
海南州,青海,西部,8,0.0,12.1481255434,-0.9864534975,2.0794415417,low,high,middle,低 GDI × 高 Exposure,8,0.0076525912438032,0.0,0.092964639162046,-0.0075489253973876,0.0159131161340142,165.0,165.0,215.0,59.0,1000,0.08944271909999159,1,0.0,165.0,1.086561380569759,1.0,332.0,-0.08823108308209675,63.0,0.18599090569912655,338.0,337.0
海口,海南,东部,2046,0.0014662757,9.0927154104,0.1216335642,3.8132647321,middle,high,high,高 GDI × 高 Exposure,2046,0.1223816594284697,0.0001794452533456,1.112781600635571,0.0148857174289953,0.4666736657544569,151.0,119.0,27.0,22.0,1000,1.0,0,0.0014662757,145.0,9.0927154104,31.0,13.0,0.1216335642,21.0,3.8132647321,71.0,62.0
海宁,浙江,东部,931,0.0021482277,8.2822103163,-0.6817071094,3.8450286562,middle,middle,middle,高 GDI × 低 Exposure,931,0.0825540460890229,0.0001773448885555,0.6837299721708114,-0.0562776801286222,0.3174226728975487,133.0,122.0,160.0,213.0,1000,0.9648834126463155,1,0.0020727892743173455,114.0,7.991367354246065,198.0,89.0,-0.6577678821431272,230.0,3.7100043715171322,51.0,81.0
海西,青海,西部,76,0.0,8.1371478012,-0.7941220432,3.1368071409,low,low,middle,低 GDI × 低 Exposure,76,0.0235868703111494,0.0,0.1919298498895589,-0.0187308536441833,0.0739874632234956,165.0,165.0,181.0,103.0,1000,0.27568097504180444,1,0.0,165.0,2.243256839894091,242.0,299.0,-0.21892433917156595,111.0,0.8647580511214068,267.0,298.0
淄博,山东,东部,528,0.0151515152,8.4488539185,-0.5112979243,3.6499298824,high,middle,middle,高 GDI × 高 Exposure,528,0.0621699451596388,0.0009419688690694,0.5252647847749448,-0.0317873639139681,0.2269159406253351,7.0,40.0,124.0,148.0,1000,0.726636084983398,1,0.011009637686494447,12.0,6.139242133935481,144.0,130.0,-0.3715275219734898,162.0,2.6521707602110505,129.0,133.0
淮北,安徽,中部,260,0.0,7.9816235099,-1.5279183424,3.6992495417,low,low,low,低 GDI × 低 Exposure,260,0.0436264823725668,0.0,0.3482101573591173,-0.0666577026314351,0.1613852449227009,165.0,165.0,268.0,234.0,1000,0.5099019513592785,1,0.0,165.0,4.069845402713104,277.0,213.0,-0.7790885443073943,251.0,1.8862545598777467,111.0,196.0
淮南,安徽,中部,391,0.0,8.1199167253,-0.6788520415,3.7173645658,low,low,middle,低 GDI × 低 Exposure,391,0.0534997683677127,0.0,0.4344136639686666,-0.0363184269761989,0.198878143208643,165.0,165.0,159.0,165.0,1000,0.6252999280345393,1,0.0,165.0,5.077383343976542,248.0,166.0,-0.42448613269605007,178.0,2.3244677954728865,109.0,149.0
淮安,江苏,东部,1739,0.0017251294,8.1639901457,-0.7320745588,3.8221909073,middle,low,middle,高 GDI × 低 Exposure,1739,0.1128270710108471,0.0001946412973167,0.9211190959007504,-0.0825978282309622,0.4312466049149514,142.0,116.0,172.0,257.0,1000,1.0,0,0.0017251294,132.0,8.1639901457,235.0,79.0,-0.7320745588,243.0,3.8221909073,67.0,60.0
深圳,广东,东部,98489,0.0124683975,9.1391387692,0.4120143846,4.0677072111,high,high,high,高 GDI × 高 Exposure,98489,0.8490971574028053,0.0105868808746182,7.760016750037494,0.3498402427729262,3.453878630091903,17.0,3.0,12.0,3.0,1000,1.0,0,0.0124683975,10.0,9.1391387692,23.0,10.0,0.4120143846,7.0,4.0677072111,4.0,4.0
清远,广东,东部,3012,0.0019920319,8.3049900908,-0.8298437768,3.8234695628,middle,middle,middle,高 GDI × 低 Exposure,3012,0.1484878800050451,0.0002957925937334,1.2331903720457995,-0.1232217431524118,0.5677388896439889,137.0,87.0,190.0,307.0,1000,1.0,0,0.0019920319,121.0,8.3049900908,195.0,65.0,-0.8298437768,256.0,3.8234695628,66.0,59.0
温州,浙江,东部,4254,0.0023507287,8.6174201779,-0.2108861605,3.8876303679,middle,high,high,高 GDI × 高 Exposure,4254,0.1764664974492688,0.0004148248601424,1.5206859558426675,-0.0372143421039593,0.6860365144007252,125.0,63.0,66.0,169.0,1000,1.0,0,0.0023507287,105.0,8.6174201779,96.0,43.0,-0.2108861605,110.0,3.8876303679,41.0,39.0
渭南,陕西,西部,325,0.0,8.2040448525,-2.0656220334,3.4236246813,low,middle,low,低 GDI × 低 Exposure,325,0.0487758901021278,0.0,0.4001595901184677,-0.1007525532936522,0.1669903412060213,165.0,165.0,303.0,283.0,1000,0.570087712549569,1,0.0,165.0,4.677025163615791,224.0,186.0,-1.1775857400129954,296.0,1.9517663631905644,200.0,189.0
湖州,浙江,东部,3982,0.005775992,8.3438033615,-0.5159969425,3.9120686555,high,middle,middle,高 GDI × 低 Exposure,3982,0.1707316945639906,0.000986144901948,1.4245516870176165,-0.088097032382863,0.6679141108041876,58.0,39.0,126.0,268.0,1000,1.0,0,0.005775992,45.0,8.3438033615,183.0,62.0,-0.5159969425,199.0,3.9120686555,30.0,30.0
湘潭,湖南,中部,1092,0.0,8.1740516326,-0.904751434,3.7601875956,low,low,middle,低 GDI × 低 Exposure,1092,0.0894076833927393,0.0,0.7308230204034045,-0.0808917297601988,0.3361896620447104,165.0,165.0,201.0,253.0,1000,1.0,0,0.0,165.0,8.1740516326,232.0,78.0,-0.904751434,267.0,3.7601875956,95.0,75.0
湘西,湖南,中部,117,0.0,8.2078285142,-0.5394655745,3.4366004357,low,middle,middle,低 GDI × 低 Exposure,117,0.0292655340612767,0.0,0.2402064849514383,-0.0157877481454159,0.1005739471059767,165.0,165.0,130.0,94.0,1000,0.3420526275297414,1,0.0,165.0,2.8075093095956434,222.0,271.0,-0.18452561721956645,98.0,1.175498208801039,195.0,255.0
湛江,广东,东部,1691,0.0017740982,8.9971374376,-0.3072093663,3.6850820986,middle,high,high,高 GDI × 高 Exposure,1691,0.1112590447398248,0.0001973844710066,1.001012916700291,-0.0341798206296649,0.4099987140780649,139.0,112.0,81.0,159.0,1000,1.0,0,0.0017740982,127.0,8.9971374376,41.0,18.0,-0.3072093663,145.0,3.6850820986,117.0,84.0
滁州,安徽,中部,1978,0.0025278059,7.9694736167,-0.9228543008,3.8403352603,middle,low,middle,高 GDI × 低 Exposure,1978,0.1203307619278449,0.0003041728099527,0.9589728324613692,-0.1110477611636526,0.4621104679302678,118.0,83.0,204.0,295.0,1000,1.0,0,0.0025278059,97.0,7.9694736167,279.0,91.0,-0.9228543008,269.0,3.8403352603,55.0,52.0
滨州,山东,东部,247,0.004048583,8.3685252594,-0.5477345178,3.5942151049,high,middle,middle,高 GDI × 高 Exposure,247,0.0425218351672842,0.000172153178987,0.3558450516734613,-0.0232906768813235,0.152832622246321,82.0,125.0,134.0,117.0,1000,0.4969909455915671,1,0.0020121090934759433,118.0,4.15908128187612,168.0,210.0,-0.27221909593456306,126.0,1.7862923636437444,149.0,205.0
漯河,河南,中部,286,0.006993007,7.7297093238,-2.8065238226,3.2909452043,high,low,low,高 GDI × 低 Exposure,286,0.0457558407268872,0.000319970914494,0.353679348684928,-0.1284148570231003,0.1505799646088641,43.0,78.0,323.0,313.0,1000,0.5347896782848375,1,0.0037397879637736165,66.0,4.133768762510311,316.0,212.0,-1.5008999721869862,320.0,1.7599635270606258,232.0,208.0
漳州,福建,东部,717,0.0027894003,8.8530944386,-0.2331445033,3.6610012061,middle,high,high,高 GDI × 高 Exposure,717,0.0724474495047746,0.0002020849373828,0.6413841123014743,-0.0168907246301425,0.2652302000158486,113.0,111.0,68.0,98.0,1000,0.8467585252006619,1,0.002361948484222284,103.0,7.496433190291117,64.0,105.0,-0.19741709577294883,104.0,3.0999839820350803,127.0,113.0
潍坊,山东,东部,1126,0.0035523979,8.3757191853,-0.2795461346,3.7792107058,middle,middle,high,高 GDI × 高 Exposure,1126,0.0907888924859282,0.0003225182710103,0.760422268606528,-0.0253796839590562,0.3431103544505451,91.0,77.0,77.0,133.0,1000,1.0,0,0.0035523979,71.0,8.3757191853,167.0,56.0,-0.2795461346,131.0,3.7792107058,84.0,69.0
潜江,湖北,中部,245,0.0,8.085069573,-1.021936237,3.4863560443,low,low,middle,低 GDI × 低 Exposure,245,0.0423493320821888,0.0,0.3423972962545775,-0.0432783170675354,0.1476448498768068,165.0,165.0,224.0,183.0,1000,0.4949747468305833,1,0.0,165.0,4.0019052650033275,256.0,218.0,-0.5058326301860739,195.0,1.7256582003886662,180.0,212.0
潮州,广东,东部,413,0.0,9.0927837474,-0.4163702599,3.6515177428,low,high,high,低 GDI × 高 Exposure,413,0.0549842808032162,0.0,0.4999601748499628,-0.0228938192884497,0.2007760769280416,165.0,165.0,105.0,114.0,1000,0.6426507605223851,1,0.0,165.0,5.843484390532193,30.0,142.0,-0.26758066418363813,123.0,2.346650654471403,128.0,147.0
濮阳,河南,中部,227,0.0,7.8569028597,-3.3928505046,3.0384012714,low,low,low,低 GDI × 低 Exposure,227,0.0407639679635318,0.0,0.3202785364653927,-0.1383060492745673,0.1238572920877041,165.0,165.0,339.0,320.0,1000,0.47644516998286385,1,0.0,165.0,3.7433834185286154,301.0,232.0,-1.6165072353905925,326.0,1.4476316102283227,290.0,232.0
烟台,山东,东部,1330,0.0037593985,8.7418296927,-0.2406591529,3.9315717117,middle,high,high,高 GDI × 高 Exposure,1330,0.0986709577019103,0.0003709434503781,0.8625647078457054,-0.0237460690963734,0.3879319460671779,88.0,70.0,70.0,121.0,1000,1.0,0,0.0037593985,65.0,8.7418296927,75.0,34.0,-0.2406591529,116.0,3.9315717117,27.0,27.0
焦作,河南,中部,386,0.0,7.8749628416,-3.5771433954,3.2702572759,low,low,low,低 GDI × 低 Exposure,386,0.0531565976143456,0.0,0.4186062309988553,-0.1901487720780919,0.1738357501104024,165.0,165.0,340.0,338.0,1000,0.6212889826803627,1,0.0,165.0,4.8926276525033225,298.0,176.0,-2.2224397810298444,341.0,2.031774816046965,238.0,180.0
牡丹江,黑龙江,东北,91,0.0,8.7334625612,-0.1950807728,3.1112536477,low,high,high,低 GDI × 高 Exposure,91,0.0258097750372094,0.0,0.2254087040004629,-0.0050349908600529,0.0803007567308342,165.0,165.0,62.0,50.0,1000,0.30166206257996714,1,0.0,165.0,2.6345543296765146,77.0,284.0,-0.05884846829254195,51.0,0.9385471925746284,275.0,293.0
玉林,广西,西部,409,0.0,8.3530743454,-0.8031652029,3.6145000369,low,middle,middle,低 GDI × 低 Exposure,409,0.0547173652424399,0.0,0.4570582198545064,-0.0439470837570976,0.1977759186878698,165.0,165.0,185.0,185.0,1000,0.6395310782127792,1,0.0,165.0,5.342050642505167,177.0,156.0,-0.5136491081936226,197.0,2.311585105798787,145.0,152.0
玉树,青海,西部,8,0.0,5.884474468,-0.6206357303,1.8891591638,low,low,middle,低 GDI × 低 Exposure,8,0.0076525912438032,0.0,0.0450314777882008,-0.0047494715552852,0.0144569628750466,165.0,165.0,150.0,48.0,1000,0.08944271909999159,1,0.0,165.0,0.5263233968923964,343.0,341.0,-0.05551134728864104,49.0,0.16897153242293841,339.0,338.0
玉溪,云南,西部,432,0.0,8.4444785115,-1.0950129877,3.5199992754,low,middle,low,低 GDI × 高 Exposure,432,0.0562348312722256,0.0,0.4748738242761374,-0.0615778706042051,0.1979465653304754,165.0,165.0,237.0,223.0,1000,0.6572670690061994,1,0.0,165.0,5.550277640539438,148.0,149.0,-0.7197159769493005,240.0,2.3135796066461034,171.0,151.0
珠海,广东,东部,10203,0.009310987,8.7374945981,-0.1854696873,4.0648912861,high,high,high,高 GDI × 高 Exposure,10203,0.273292344489955,0.0025446214667454,2.3878903836830663,-0.0506874456740358,1.1109036696750576,31.0,19.0,60.0,203.0,1000,1.0,0,0.009310987,21.0,8.7374945981,76.0,35.0,-0.1854696873,99.0,4.0648912861,6.0,6.0
甘南,甘肃,西部,43,0.0,9.3188238562,-0.6995885067,2.7880941051,low,high,middle,低 GDI × 高 Exposure,43,0.0177418029242506,0.0,0.1653327363425061,-0.0124119614139422,0.0494658161469492,165.0,165.0,163.0,85.0,1000,0.2073644135332772,1,0.0,165.0,1.9323924437608258,10.0,310.0,-0.14506976040646666,88.0,0.5781514989796488,316.0,319.0
甘孜,四川,西部,95,0.0,8.6156379078,-0.901067266,3.4134720853,low,high,middle,低 GDI × 高 Exposure,95,0.0263709226961008,0.0,0.2272023212441898,-0.0237619752156729,0.0900164084867444,165.0,165.0,199.0,122.0,1000,0.3082207001484488,1,0.0,165.0,2.655517948167633,98.0,283.0,-0.27772758360736854,130.0,1.0521027560683516,202.0,277.0
白城,吉林,东北,53,0.0,8.5693576681,-0.8658604616,2.8325852839,low,high,middle,低 GDI × 高 Exposure,53,0.0196970622665886,0.0,0.1687911715732342,-0.0170549074263123,0.0557936087124008,165.0,165.0,195.0,99.0,1000,0.23021728866442676,1,0.0,165.0,1.9728142879456967,111.0,307.0,-0.19933604783128098,105.0,0.6521101039702135,314.0,311.0
白山,吉林,东北,48,0.0,8.5651440483,-0.6367812278,3.2254906834,low,high,middle,低 GDI × 高 Exposure,48,0.0187449437574085,0.0,0.160553143459486,-0.0119364283008845,0.0604616414503782,165.0,165.0,151.0,82.0,1000,0.21908902300206645,1,0.0,165.0,1.8765290414140114,113.0,312.0,-0.1395117770647583,86.0,0.7066696025283736,250.0,304.0
白银,甘肃,西部,92,0.0,8.3100026797,-1.8492170064,2.7278675889,low,middle,low,低 GDI × 低 Exposure,92,0.0259511995207244,0.0,0.2156545375586498,-0.0479893994902032,0.0707914360656615,165.0,165.0,290.0,194.0,1000,0.30331501776206204,1,0.0,165.0,2.5205486103959887,192.0,289.0,-0.5608952891421232,210.0,0.8274032061797569,321.0,302.0
百色,广西,西部,177,0.0056497175,8.9355151571,-0.4782521687,3.3597238405,high,high,high,高 GDI × 高 Exposure,177,0.0359956612590637,0.0002033653173394,0.3216397767702009,-0.0172150030609377,0.1209354812866385,59.0,110.0,114.0,100.0,1000,0.4207136793592526,1,0.0023769134367653583,102.0,3.7592934587139104,54.0,229.0,-0.20120722955531897,106.0,1.4134817785677536,213.0,236.0
益阳,湖南,中部,438,0.0,8.0564383354,-2.0973273105,3.5806315088,low,low,low,低 GDI × 低 Exposure,438,0.0566240042983029,0.0,0.4561877989327025,-0.1187590706447002,0.2027496939449302,165.0,165.0,305.0,300.0,1000,0.6618156843109719,1,0.0,165.0,5.331877250051898,267.0,157.0,-1.3880441092226476,309.0,2.3697180922618997,155.0,145.0
盐城,江苏,东部,2641,0.0022718667,8.0774102428,-0.6652308401,3.8678010739,middle,low,middle,高 GDI × 低 Exposure,2641,0.139042549871813,0.0003158861389368,1.123103716519612,-0.0924953922608723,0.5377889237119926,127.0,79.0,156.0,272.0,1000,1.0,0,0.0022718667,109.0,8.0774102428,262.0,85.0,-0.6652308401,231.0,3.8678010739,47.0,45.0
盘锦,辽宁,东北,124,0.0,8.1969592833,-0.5973392411,3.2581542996,low,middle,middle,低 GDI × 低 Exposure,124,0.0301282818551504,0.0,0.2469602996424548,-0.0179968050190025,0.0981625910659192,165.0,165.0,144.0,102.0,1000,0.35213633723318016,1,0.0,165.0,2.8864472184707757,227.0,268.0,-0.21034485244660153,109.0,1.1473145212016815,244.0,263.0
眉山,四川,西部,888,0.0011261261,8.4785949275,-1.0051288427,3.891129933,middle,middle,middle,高 GDI × 高 Exposure,888,0.0806250516568242,9.079397498459798e-05,0.6835871540069752,-0.0810385648644514,0.3137225518515399,159.0,159.0,220.0,254.0,1000,0.9423375191511797,1,0.0010611908753253932,159.0,7.989698109868126,137.0,90.0,-0.9471706200572143,275.0,3.666757727758116,39.0,86.0
石嘴山,宁夏,西部,84,0.0,7.3587587229,-1.4730703905,3.1259579556,low,low,low,低 GDI × 低 Exposure,84,0.0247972297609978,0.0,0.1824768308074982,-0.0365280649273512,0.0775150976482322,165.0,165.0,262.0,167.0,1000,0.28982753492378877,1,0.0,165.0,2.132770900757035,335.0,304.0,-0.4269363600478379,180.0,0.9059886885469544,273.0,295.0
石家庄,河北,东部,3108,0.0038610039,8.9190562242,-0.0775683993,3.6635805091,middle,high,high,高 GDI × 高 Exposure,3108,0.1508356600453934,0.0005823770716943,1.3453117325591817,-0.0117000807070801,0.5525985842195371,85.0,52.0,44.0,81.0,1000,1.0,0,0.0038610039,63.0,8.9190562242,56.0,26.0,-0.0775683993,59.0,3.6635805091,123.0,87.0
神农架,湖北,中部,24,0.0,9.2624987234,-1.5710448323,3.0288503481,low,high,low,低 GDI × 高 Exposure,24,0.013254676843824,0.0,0.1227714273449995,-0.0208236915592961,0.0401464325723693,165.0,165.0,275.0,110.0,1000,0.15491933384829668,1,0.0,165.0,1.4349401319998265,15.0,324.0,-0.24338521886572495,118.0,0.46922747825383354,291.0,322.0
福州,福建,东部,4253,0.0091699976,8.9697443655,0.2222370909,3.8961547737,high,high,high,高 GDI × 高 Exposure,4253,0.1764457549869638,0.0016180071497606,1.5826733166107123,0.039212791289957,0.6874599705915598,34.0,30.0,21.0,16.0,1000,1.0,0,0.0091699976,23.0,8.9697443655,47.0,23.0,0.2222370909,16.0,3.8961547737,35.0,35.0
秦皇岛,河北,东部,453,0.0022075055,8.4312475053,-1.8499981525,3.3275433798,middle,middle,low,高 GDI × 高 Exposure,453,0.0575854313101031,0.0001271201563369,0.4855170240749321,-0.1065329415346065,0.1916180207288615,129.0,146.0,291.0,291.0,1000,0.6730527468185536,1,0.0014857676403920647,143.0,5.674674292549243,157.0,146.0,-1.2451463381493746,303.0,2.2396122119322834,222.0,157.0
红河州,云南,西部,496,0.0,8.348026607,-0.1582548896,3.4675283487,low,middle,high,低 GDI × 低 Exposure,496,0.0602565637103009,0.0,0.5030233970999833,-0.009535895837649,0.2089413428607163,165.0,165.0,52.0,73.0,1000,0.7042726744663603,1,0.0,165.0,5.879287025028225,181.0,141.0,-0.11145459434597059,79.0,2.442085463926871,187.0,142.0
绍兴,浙江,东部,3332,0.0030012005,8.4487820769,-0.4383648106,3.958452979,middle,middle,high,高 GDI × 高 Exposure,3332,0.1561766199473598,0.0004687173498743,1.319502227442077,-0.0684623344233725,0.6182178064807774,107.0,58.0,110.0,237.0,1000,1.0,0,0.0030012005,87.0,8.4487820769,145.0,52.0,-0.4383648106,183.0,3.958452979,21.0,21.0
绥化,黑龙江,东北,136,0.0,8.32677662,-1.09762516,2.7493287255,low,middle,low,低 GDI × 低 Exposure,136,0.0315524420078778,0.0,0.2627301364151029,-0.0346327542072876,0.0867480351719313,165.0,165.0,238.0,160.0,1000,0.3687817782917155,1,0.0,165.0,3.07076348936148,186.0,258.0,-0.40478415840252874,174.0,1.0139023364983857,320.0,282.0
绵阳,四川,西部,1464,0.006147541,8.6093703482,0.0792423558,3.8852476157,high,high,high,高 GDI × 高 Exposure,1464,0.1035223355237239,0.0006364078020478,0.8912621258343609,0.0082033537448179,0.402209907265244,52.0,46.0,32.0,26.0,1000,1.0,0,0.006147541,41.0,8.6093703482,100.0,44.0,0.0792423558,26.0,3.8852476157,42.0,40.0
聊城,山东,东部,332,0.0030120482,8.3908296803,-0.3988644509,3.7252345303,middle,middle,high,高 GDI × 高 Exposure,332,0.0492983705502169,0.0001484890682787,0.4136542308031878,-0.019663367499777,0.1836479922611927,106.0,136.0,101.0,107.0,1000,0.5761944116355173,1,0.001735525340416819,130.0,4.834749170774294,166.0,182.0,-0.2298234676086492,113.0,2.146459318390521,108.0,163.0
肇庆,广东,东部,2968,0.0023584906,8.2374631618,-0.8161311028,3.7908005669,middle,middle,middle,高 GDI × 低 Exposure,2968,0.147399317055055,0.0003476399037207,1.2141964443154942,-0.1202971671801089,0.5587614146529755,124.0,74.0,186.0,302.0,1000,1.0,0,0.0023584906,104.0,8.2374631618,211.0,71.0,-0.8161311028,254.0,3.7908005669,80.0,67.0
自贡,四川,西部,326,0.0,8.4423375233,-0.7613873956,3.6146217954,low,middle,middle,低 GDI × 高 Exposure,326,0.0488508722987414,0.0,0.4124155522536017,-0.0371944384323269,0.176577427735333,165.0,165.0,176.0,168.0,1000,0.5709640969448079,1,0.0,165.0,4.820271620094251,151.0,183.0,-0.4347248667539132,181.0,2.063819269207581,144.0,176.0
舟山,浙江,东部,568,0.0017605634,8.2298976927,-1.3387063825,3.7541717017,middle,middle,low,高 GDI × 低 Exposure,568,0.0644818799731845,0.0001135244378439,0.5306792752122698,-0.086322304275701,0.2420760490677453,141.0,149.0,253.0,264.0,1000,0.7536577472566709,1,0.0013268622459465453,148.0,6.202526155233156,215.0,129.0,-1.0089264364730772,284.0,2.8293605875179644,96.0,125.0
芜湖,安徽,中部,5804,0.0065472088,8.3494097347,-0.0688430901,3.8888485849,high,middle,high,高 GDI × 低 Exposure,5804,0.2061233655273102,0.001349532712666,1.721008434682851,-0.0141901694247118,0.801582558345706,49.0,33.0,43.0,90.0,1000,1.0,0,0.0065472088,37.0,8.3494097347,179.0,60.0,-0.0688430901,57.0,3.8888485849,40.0,38.0
苏州,江苏,东部,87734,0.0067020767,8.3585426557,-0.287216406,3.9511209761,high,middle,high,高 GDI × 高 Exposure,87734,0.8013965863499303,0.0053710213888354,6.6985075511382615,-0.2301742473120956,3.1664148625021444,47.0,9.0,78.0,342.0,1000,1.0,0,0.0067020767,35.0,8.3585426557,171.0,57.0,-0.287216406,138.0,3.9511209761,22.0,22.0
茂名,广东,东部,690,0.0,8.6045633038,-0.3425877578,3.6920291477,low,high,high,低 GDI × 高 Exposure,690,0.0710702868590903,0.0,0.6115287822982678,-0.0243478102212585,0.2623935706191617,165.0,165.0,92.0,126.0,1000,0.8306623862918074,1,0.0,165.0,7.147487086933426,102.0,112.0,-0.28457476440850776,135.0,3.06682974208739,114.0,115.0
荆州,湖北,中部,1397,0.0014316392,8.2933478506,-1.0077639047,3.8374653046,middle,middle,middle,高 GDI × 低 Exposure,1397,0.1011257431273033,0.0001447755779901,0.8386709644051485,-0.1019108737596603,0.3880665306529183,152.0,141.0,221.0,285.0,1000,1.0,0,0.0014316392,146.0,8.2933478506,197.0,67.0,-1.0077639047,283.0,3.8374653046,58.0,54.0
荆门,湖北,中部,2626,0.0011424219,7.7679759626,-0.6187675182,3.8279055792,middle,low,middle,高 GDI × 低 Exposure,2626,0.1386471299322825,0.0001583935176067,1.0770075725974495,-0.0857903404937513,0.5307281222078515,157.0,130.0,149.0,263.0,1000,1.0,0,0.0011424219,154.0,7.7679759626,314.0,98.0,-0.6187675182,220.0,3.8279055792,62.0,57.0
莆田,福建,东部,417,0.0,8.5285438141,-0.8932843874,3.6696929932,low,middle,middle,低 GDI × 高 Exposure,417,0.0552499068942139,0.0,0.4712012516722491,-0.0493538792339049,0.2027501962046491,165.0,165.0,198.0,199.0,1000,0.6457553716385176,1,0.0,165.0,5.507352980209526,122.0,151.0,-0.5768431915643726,215.0,2.36972396262313,122.0,144.0
菏泽,山东,东部,401,0.0024937656,8.3981056702,-1.4622309135,3.5179224778,middle,middle,low,高 GDI × 高 Exposure,401,0.0541795893887157,0.0001351111962397,0.4550059168544812,-0.0792230704849167,0.1905995953485374,119.0,142.0,261.0,250.0,1000,0.6332456079595026,1,0.0015791661134804938,136.0,5.318063530833944,164.0,158.0,-0.9259513037964864,272.0,2.2277089582088605,172.0,159.0
萍乡,江西,中部,531,0.0,8.3533892503,-1.6658533627,3.5729653766,low,middle,low,低 GDI × 低 Exposure,531,0.062346314152737,0.0,0.5208030304393003,-0.1038598170832876,0.222761221826356,165.0,165.0,279.0,288.0,1000,0.7286974680894672,1,0.0,165.0,6.087093596659383,176.0,131.0,-1.213903127607815,300.0,2.60361082349975,160.0,134.0
营口,辽宁,东北,876,0.0,7.4009838553,-1.7045626409,3.3482501234,low,low,low,低 GDI × 低 Exposure,876,0.0800784348345325,0.0,0.5926592033680682,-0.1364987083606893,0.2681226293164023,165.0,165.0,282.0,318.0,1000,0.9359487165438072,1,0.0,165.0,6.926941340529472,333.0,121.0,-1.5953832160188777,324.0,3.1337904056638743,215.0,112.0
葫芦岛,辽宁,东北,173,0.0,7.9576856514,-0.7342651276,3.4020484526,low,low,middle,低 GDI × 低 Exposure,173,0.0355866063724105,0.0,0.2831870269117513,-0.026130004068889,0.1210673591425446,165.0,165.0,173.0,134.0,1000,0.4159326868617084,1,0.0,165.0,3.3098615741876665,284.0,248.0,-0.30540486739152317,144.0,1.4150231537236355,206.0,235.0
蚌埠,安徽,中部,732,0.0040983607,8.2421282463,-0.9846062381,3.686716763,high,middle,middle,高 GDI × 低 Exposure,732,0.0732013454530942,0.000300005517392,0.6033348770261122,-0.0720745013704296,0.2698726273560764,81.0,85.0,213.0,241.0,1000,0.8555699854482975,1,0.0035064344044608746,73.0,7.051717543749893,209.0,115.0,-0.84239954480352,259.0,3.154244207271905,116.0,111.0
衡水,河北,东部,332,0.0,8.0185275998,-2.8301448194,3.126102658,low,low,low,低 GDI × 低 Exposure,332,0.0492983705502169,0.0,0.3953003448820821,-0.139521528017558,0.1541117672121021,165.0,165.0,326.0,321.0,1000,0.5761944116355173,1,0.0,165.0,4.620230792549918,273.0,190.0,-1.6307136290574904,327.0,1.8012428817385369,272.0,202.0
衡阳,湖南,中部,721,0.0069348128,8.4004703931,-0.8000410058,3.7407527831,high,middle,middle,高 GDI × 高 Exposure,721,0.0726492533761994,0.0005038089722237,0.6102879020675841,-0.0581223817417136,0.2717628967571553,44.0,56.0,184.0,218.0,1000,0.8491171886141512,1,0.0058884687483014295,43.0,7.132983803225486,163.0,114.0,-0.6793285696209339,236.0,3.1763374864864335,98.0,110.0
衢州,浙江,东部,1082,0.0,8.3151324989,-0.704415078,3.777429565,low,middle,middle,低 GDI × 低 Exposure,1082,0.0889973660212783,0.0,0.7400248905200304,-0.0626910865276733,0.3361812816159032,165.0,165.0,164.0,225.0,1000,1.0,0,0.0,165.0,8.3151324989,189.0,63.0,-0.704415078,238.0,3.777429565,85.0,70.0
襄阳,湖北,中部,1904,0.0015756303,8.2619515223,-0.5793585235,3.7711840299,middle,middle,middle,高 GDI × 低 Exposure,1904,0.1180584277095324,0.0001860164358694,0.9753930065351164,-0.0683981563645262,0.4452200571732925,146.0,118.0,142.0,236.0,1000,1.0,0,0.0015756303,137.0,8.2619515223,206.0,69.0,-0.5793585235,216.0,3.7711840299,87.0,71.0
西双版纳,云南,西部,252,0.0,9.2380146485,-0.5687605079,3.4574058804,low,high,middle,低 GDI × 高 Exposure,252,0.0429500618330072,0.0,0.3967733003673021,-0.0244282989824776,0.148495796344983,165.0,165.0,140.0,127.0,1000,0.5019960159204453,1,0.0,165.0,4.637446548561713,17.0,188.0,-0.28551550897868894,136.0,1.7356039773807197,190.0,209.0
西宁,青海,西部,630,0.0,8.7685324322,-0.522321135,3.5570441798,low,high,middle,低 GDI × 高 Exposure,630,0.0679100105186847,0.0,0.5954711297041303,-0.0354708337719813,0.2415589076656443,165.0,165.0,128.0,163.0,1000,0.7937253933193772,1,0.0,165.0,6.959806853581661,67.0,118.0,-0.4145795483168985,176.0,2.8233162906661566,164.0,126.0
西安,陕西,西部,13645,0.010773177,9.1840894435,0.4559406007,3.9502356666,high,high,high,高 GDI × 高 Exposure,13645,0.3160459962968024,0.0034048194582467,2.902594698249903,0.144098201400394,1.2484561668577605,20.0,13.0,9.0,7.0,1000,1.0,0,0.010773177,14.0,9.1840894435,20.0,8.0,0.4559406007,5.0,3.9502356666,24.0,24.0
许昌,河南,中部,660,0.003030303,8.4424289372,-1.8697919404,3.6360037085,middle,middle,low,高 GDI × 高 Exposure,660,0.0695081117671932,0.0002106306396124,0.5868172941534842,-0.1299657071747203,0.2527317521563471,105.0,109.0,292.0,315.0,1000,0.812403840463596,1,0.0024618297949683563,99.0,6.858661691422276,150.0,122.0,-1.5190261532488394,321.0,2.9539033767252776,133.0,120.0
贵港,广西,西部,236,0.0,8.2746054932,-1.5563690818,3.5103473068,low,middle,low,低 GDI × 低 Exposure,236,0.041564209435158,0.0,0.3439274357126737,-0.0646892504743397,0.1459048106499781,165.0,165.0,271.0,230.0,1000,0.48579831205964474,1,0.0,165.0,4.0197893815560235,203.0,216.0,-0.7560814728802592,247.0,1.7053207963865598,175.0,213.0
贵阳,贵州,西部,2909,0.0089377793,9.1251526701,-0.3406986707,3.8077102894,high,high,high,高 GDI × 高 Exposure,2909,0.1459269090737011,0.0013042625072319,1.3316053239733234,-0.0497171039407697,0.5556473931802699,35.0,34.0,89.0,200.0,1000,1.0,0,0.0089377793,24.0,9.1251526701,26.0,12.0,-0.3406986707,153.0,3.8077102894,73.0,63.0
贺州,广西,西部,135,0.0,8.6377290136,-0.9724732732,3.3334035745,low,high,middle,低 GDI × 高 Exposure,135,0.0314362263569818,0.0,0.2715376044817992,-0.0305708899424302,0.1047896293071544,165.0,165.0,209.0,146.0,1000,0.3674234614174767,1,0.0,165.0,3.1737042929630785,89.0,255.0,-0.3573094961751275,159.0,1.2247706796441797,219.0,252.0
资阳,四川,西部,192,0.0052083333,8.5082011444,-0.1915922675,3.5873114066,high,middle,high,高 GDI × 高 Exposure,192,0.037489887514817,0.0001952598295566,0.3189715038569939,-0.0071827725572837,0.1344879011140542,65.0,115.0,61.0,57.0,1000,0.4381780460041329,1,0.0022821773083322575,108.0,3.7281069524633192,128.0,233.0,-0.08395152540265113,61.0,1.5718811025523256,152.0,220.0
赣州,江西,中部,1738,0.00287687,8.2721127696,-0.833038862,3.8134415138,middle,middle,middle,高 GDI × 低 Exposure,1738,0.1127946261299431,0.0003244954760744,0.9330498671517606,-0.0939623069910033,0.4301357098174755,112.0,76.0,191.0,274.0,1000,1.0,0,0.00287687,91.0,8.2721127696,205.0,68.0,-0.833038862,257.0,3.8134415138,70.0,61.0
赤峰,内蒙古,西部,323,0.0,7.7149104046,-1.1404980791,3.0386305132,low,low,low,低 GDI × 低 Exposure,323,0.0486255788353071,0.0,0.3751419840862087,-0.0554573792567934,0.1477551675709764,165.0,165.0,240.0,210.0,1000,0.5683308895353129,1,0.0,165.0,4.384621892931559,319.0,203.0,-0.6481802878082186,227.0,1.7269475825361003,289.0,211.0
辽源,吉林,东北,54,0.0,8.1601467432,-1.4173412245,2.8571097487,low,low,low,低 GDI × 低 Exposure,54,0.019882015265736,0.0,0.1622401621189485,-0.0281795998622659,0.0568050996395366,165.0,165.0,256.0,139.0,1000,0.232379000772445,1,0.0,165.0,1.8962467463413375,237.0,311.0,-0.32936033750290367,152.0,0.6639323085001174,313.0,308.0
辽阳,辽宁,东北,100,0.0,7.8259668657,-0.6102343626,3.1518612032,low,low,middle,低 GDI × 低 Exposure,100,0.0270559958107105,0.0,0.2117393267331386,-0.0165104983580572,0.0852767435097202,165.0,165.0,148.0,97.0,1000,0.31622776601683794,1,0.0,165.0,2.4747880188621063,308.0,294.0,-0.19297304923170702,102.0,0.996706027083079,263.0,283.0
达州,四川,西部,262,0.0,8.618446399,-0.3709728622,3.4602594734,low,high,high,低 GDI × 高 Exposure,262,0.0437939550896019,0.0,0.3774358545399472,-0.0162463688666478,0.1515384479764491,165.0,165.0,97.0,96.0,1000,0.5118593556827891,1,0.0,165.0,4.411432420778794,95.0,201.0,-0.18988593022149208,101.0,1.7711661845497908,188.0,206.0
运城,山西,中部,398,0.0,8.0644432127,-2.3523305389,3.2573875019,low,low,low,低 GDI × 低 Exposure,398,0.053976542118318,0.0,0.4352907587310856,-0.1269706684091416,0.1758225136919881,165.0,165.0,313.0,310.0,1000,0.6308724118235002,1,0.0,165.0,5.0876347396097055,264.0,165.0,-1.4840204404819168,317.0,2.054995909567379,245.0,178.0
连云港,江苏,东部,1187,0.00168492,8.3543506565,-1.052941476,3.8377889616,middle,middle,low,高 GDI × 低 Exposure,1187,0.0932156607738208,0.000157060931151,0.7787563167818513,-0.0981506354415022,0.3577420339660196,144.0,132.0,230.0,281.0,1000,1.0,0,0.00168492,135.0,8.3543506565,175.0,59.0,-1.052941476,289.0,3.8377889616,57.0,53.0
迪庆,云南,西部,35,0.0,8.6789437887,-0.4737730563,3.1305830477,low,high,high,低 GDI × 高 Exposure,35,0.0160065429827372,0.0,0.138919886798587,-0.0075834687897287,0.0501098121140386,165.0,165.0,113.0,60.0,1000,0.18708286933869708,1,0.0,165.0,1.6236817068192586,83.0,318.0,-0.08863482278796808,64.0,0.5856784592667992,269.0,317.0
通化,吉林,东北,98,0.0,7.9131464852,-1.4933270821,3.1374763971,low,low,low,低 GDI × 低 Exposure,98,0.0267840693533115,0.0,0.2119462642625102,-0.0399973761341447,0.0840343854143044,165.0,165.0,264.0,173.0,1000,0.31304951684997057,1,0.0,165.0,2.4772066839549027,290.0,292.0,-0.4674853215503813,186.0,0.9821854702403414,266.0,288.0
通辽,内蒙古,西部,230,0.0,8.1009679088,-1.0253961738,3.1321900384,low,low,middle,低 GDI × 低 Exposure,230,0.0410324492494797,0.0,0.3324025545894998,-0.0420745164620591,0.1285214287903739,165.0,165.0,225.0,181.0,1000,0.47958315233127197,1,0.0,165.0,3.885087726636776,249.0,221.0,-0.4917627294194288,193.0,1.5021455723164798,268.0,226.0
遂宁,四川,西部,512,0.0,8.4457870509,-0.3133465092,3.7344155342,low,middle,high,低 GDI × 高 Exposure,512,0.0612207299504263,0.0,0.5170572482619569,-0.0191833020206419,0.2286236449419354,165.0,165.0,82.0,105.0,1000,0.7155417527999327,1,0.0,165.0,6.04331327017596,147.0,134.0,-0.22421251042670826,112.0,2.6721302370247653,102.0,132.0
遵义,贵州,西部,422,0.0,8.4731712975,-2.0191111761,3.2602603842,low,middle,low,低 GDI × 高 Exposure,422,0.0555801543474356,0.0,0.4709401685273113,-0.1122225108122702,0.1812057753666657,165.0,165.0,301.0,297.0,1000,0.6496152707564686,1,0.0,165.0,5.504301466591401,140.0,152.0,-1.3116454533496134,307.0,2.1179149322186714,243.0,169.0
邢台,河北,东部,453,0.0,8.2337857383,-2.6447077178,3.3027551477,low,middle,low,低 GDI × 低 Exposure,453,0.0575854313101031,0.0,0.4741461030549819,-0.1522966346186716,0.1901905796919681,165.0,165.0,317.0,326.0,1000,0.6730527468185536,1,0.0,165.0,5.541772107878248,213.0,150.0,-1.7800277939975182,331.0,2.222928424228603,229.0,160.0
那曲,西藏,西部,6,0.0,7.1615809323,-0.2633929888,2.1639556569,low,low,high,低 GDI × 低 Exposure,6,0.006627338421912,0.0,0.0474622204742642,-0.0017455944747364,0.0143412664682872,165.0,165.0,72.0,42.0,1000,0.07745966692414834,1,0.0,165.0,0.5547336736662897,341.0,340.0,-0.020402333182603934,43.0,0.1676192844221006,336.0,339.0
邯郸,河北,东部,713,0.0042075736,8.205754599,-2.2689983403,3.4044658621,high,middle,low,高 GDI × 低 Exposure,713,0.0722450819320907,0.0003039764994673,0.5928254133193851,-0.1639239709987513,0.2459559151424203,79.0,84.0,312.0,331.0,1000,0.844393273303382,1,0.003552846844768895,70.0,6.928883985773891,223.0,120.0,-1.9159269356858581,336.0,2.874708073148239,205.0,123.0
邵阳,湖南,中部,345,0.0028985507,8.1669863706,-1.1535725158,3.5114251169,middle,low,low,高 GDI × 低 Exposure,345,0.0502542817789359,0.0001456645836283,0.4104260343528617,-0.0579719582614492,0.1764641472703256,110.0,139.0,241.0,217.0,1000,0.5873670062235365,1,0.0017025130470461362,133.0,4.797018334367748,234.0,185.0,-0.6775704350671994,235.0,2.0624952584916847,174.0,177.0
郑州,河南,中部,7795,0.0087235407,9.2645586244,0.3971680746,3.8779633009,high,high,high,高 GDI × 高 Exposure,7795,0.2388754855163062,0.0020838400201337,2.2130759394978323,0.0948737166516515,0.9263503663169051,37.0,23.0,14.0,11.0,1000,1.0,0,0.0087235407,25.0,9.2645586244,14.0,5.0,0.3971680746,9.0,3.8779633009,45.0,43.0
郴州,湖南,中部,531,0.0,8.1591683547,-1.0106258861,3.4832588122,low,low,middle,低 GDI × 低 Exposure,531,0.062346314152737,0.0,0.5086940734671968,-0.0630087989856788,0.2171683481807108,165.0,165.0,222.0,227.0,1000,0.7286974680894672,1,0.0,165.0,5.945565321785594,238.0,140.0,-0.7364405243867442,245.0,2.538241877150465,183.0,138.0
鄂尔多斯,内蒙古,西部,290,0.0,8.1973403276,-0.8718084168,3.6429943427,low,middle,middle,低 GDI × 低 Exposure,290,0.0460747006175475,0.0,0.3776900014543194,-0.0401683117999181,0.167849873691322,165.0,165.0,196.0,174.0,1000,0.5385164807134504,1,0.0,165.0,4.414402864429594,226.0,199.0,-0.4694832004715009,187.0,1.9618124926898135,131.0,188.0
鄂州,湖北,中部,790,0.0037974684,7.907850864,-1.2379675323,3.7404484039,middle,low,low,高 GDI × 低 Exposure,790,0.0760461214234004,0.0002887827430479,0.6013613870018865,-0.0941426292795132,0.2844465935009439,86.0,90.0,248.0,276.0,1000,0.8888194417315589,1,0.0033752637432812363,78.0,7.028651590236906,294.0,117.0,-1.1003296109406815,292.0,3.3245832621800986,99.0,105.0
酒泉,甘肃,西部,201,0.0,8.5962101992,-2.21518368,3.3285054286,low,high,low,低 GDI × 高 Exposure,201,0.0383584943358242,0.0,0.3297376802355682,-0.0849711106420904,0.1276764566297135,165.0,165.0,309.0,261.0,1000,0.4483302354291979,1,0.0,165.0,3.8539409424062083,106.0,226.0,-0.993133820773317,280.0,1.4922696224316014,221.0,227.0
重庆,重庆,西部,22024,0.010851798,8.9731410699,0.3060287917,3.9988189054,high,high,high,高 GDI × 高 Exposure,22024,0.4015241045146047,0.0043572584743233,3.60293243277482,0.1228779365430289,1.605622180106807,19.0,10.0,18.0,9.0,1000,1.0,0,0.010851798,13.0,8.9731410699,45.0,21.0,0.3060287917,13.0,3.9988189054,13.0,13.0
金华,浙江,东部,3097,0.0048433968,8.5701215775,-0.232163298,3.8929747377,high,high,high,高 GDI × 高 Exposure,3097,0.1505685006278056,0.0007292629941215,1.2903903561221792,-0.0349564796806664,0.5861593692374139,72.0,43.0,67.0,161.0,1000,1.0,0,0.0048433968,54.0,8.5701215775,110.0,48.0,-0.232163298,114.0,3.8929747377,37.0,37.0
金昌,甘肃,西部,52,0.0,7.4484321328,-2.1103023813,2.8991300738,low,low,low,低 GDI × 低 Exposure,52,0.0195103560408511,0.0,0.1453215628570442,-0.041172750813019,0.056563059948577,165.0,165.0,306.0,178.0,1000,0.22803508501982758,1,0.0,165.0,1.6985038546674636,332.0,315.0,-0.4812229829372901,189.0,0.661103372862522,307.0,309.0
钦州,广西,西部,335,0.0029850746,8.5662004007,-1.1944831477,3.6157121382,middle,high,low,高 GDI × 高 Exposure,335,0.049520603249413,0.0001478226949365,0.4242034113980273,-0.0591515260453616,0.1790522462598889,108.0,137.0,245.0,220.0,1000,0.5787918451395113,1,0.0017277368356130888,131.0,4.958046935755974,112.0,170.0,-0.6913571050453344,237.0,2.0927446999621058,143.0,172.0
铁岭,辽宁,东北,109,0.0091743119,7.9273599597,-0.5428059487,3.3385369144,high,low,middle,高 GDI × 低 Exposure,109,0.0282472889167617,0.0002591494388517,0.2239264271288149,-0.0153327964586658,0.0943046167803312,33.0,96.0,131.0,93.0,1000,0.3301514803843836,1,0.003028912655293067,86.0,2.6172296262348427,288.0,285.0,-0.17920818752475476,96.0,1.1022229046070722,217.0,266.0
铜仁,贵州,西部,186,0.0,7.556969487,-2.0041057305,3.2640404656,low,low,low,低 GDI × 低 Exposure,186,0.0368994586859358,0.0,0.2788480833764342,-0.073950416604832,0.1204413263096299,165.0,165.0,300.0,244.0,1000,0.4312771730569565,1,0.0,165.0,3.2591484372310386,327.0,249.0,-0.8643250539572868,262.0,1.4077061447474801,240.0,238.0
铜川,陕西,西部,128,0.0,7.8453115331,-2.7073398019,3.0612687221,low,low,low,低 GDI × 低 Exposure,128,0.0306103649752131,0.0,0.2401478493724403,-0.0828726594480803,0.0937065528706854,165.0,165.0,318.0,258.0,1000,0.35777087639996635,1,0.0,165.0,2.8068239828279506,304.0,272.0,-0.9686073336382742,278.0,1.095232793601522,285.0,269.0
铜陵,安徽,中部,408,0.0049019608,8.3083217851,-0.9105719062,3.8106203747,high,middle,middle,高 GDI × 低 Exposure,408,0.0546504326605149,0.0002678942786048,0.4540533802384969,-0.0497631486423398,0.2082520521823286,71.0,92.0,203.0,201.0,1000,0.6387487769068525,1,0.003131121465445336,82.0,5.306930378381183,193.0,159.0,-0.5816266913709912,217.0,2.434029103595957,72.0,143.0
银川,宁夏,西部,1049,0.0047664442,8.5910716439,-0.9251934669,3.7656059308,high,high,middle,高 GDI × 高 Exposure,1049,0.0876296883405011,0.0004176820197383,0.7528329306658738,-0.0810744151591147,0.3299788741291467,74.0,62.0,205.0,255.0,1000,1.0,0,0.0047664442,56.0,8.5910716439,107.0,47.0,-0.9251934669,271.0,3.7656059308,90.0,72.0
锡林郭勒盟,内蒙古,西部,43,0.0,8.1541404873,-0.3168301047,2.8785677243,low,low,high,低 GDI × 低 Exposure,43,0.0177418029242506,0.0,0.14466915354233,-0.0056211372780571,0.0510709812686393,165.0,165.0,84.0,52.0,1000,0.2073644135332772,1,0.0,165.0,1.6908785600169156,240.0,316.0,-0.06569928885080231,53.0,0.5969125079652898,312.0,315.0
锦州,辽宁,东北,176,0.0,8.3567890745,-1.072652475,3.0133868465,low,middle,low,低 GDI × 高 Exposure,176,0.0358938345734217,0.0,0.2999572046050813,-0.0385016104924214,0.108162008973996,165.0,165.0,234.0,171.0,1000,0.41952353926806063,1,0.0,165.0,3.5058697294509007,172.0,241.0,-0.4500029627166449,184.0,1.2641867150275001,295.0,248.0
镇江,江苏,东部,2842,0.0021111893,8.0896670032,-0.6771323768,3.8427297086,middle,low,middle,高 GDI × 低 Exposure,2842,0.1442366276733031,0.0003045108250119,1.1668262875415645,-0.0976672905180403,0.5542623742284788,134.0,82.0,158.0,280.0,1000,1.0,0,0.0021111893,111.0,8.0896670032,255.0,83.0,-0.6771323768,234.0,3.8427297086,53.0,50.0
长春,吉林,东北,3102,0.0058027079,8.5977831587,-0.373833414,3.7825405353,high,high,high,高 GDI × 高 Exposure,3102,0.1506899954435295,0.0008744100270111,1.2955999050089582,-0.056332955452299,0.5699910160293228,57.0,42.0,98.0,214.0,1000,1.0,0,0.0058027079,44.0,8.5977831587,104.0,46.0,-0.373833414,163.0,3.7825405353,83.0,68.0
长沙,湖南,中部,13590,0.0091979397,9.0869690514,0.3819362384,3.9596905719,high,high,high,高 GDI × 高 Exposure,13590,0.3154083971220778,0.0029011074176025,2.8661063432000025,0.1204658967565798,1.2489196563823828,32.0,15.0,17.0,10.0,1000,1.0,0,0.0091979397,22.0,9.0869690514,33.0,14.0,0.3819362384,12.0,3.9596905719,20.0,20.0
长治,山西,中部,299,0.0,8.1552396032,-2.6179446773,3.0881284354,low,low,low,低 GDI × 低 Exposure,299,0.0467841902658843,0.0,0.3815362812599838,-0.1224784218883623,0.1444755882872412,165.0,165.0,315.0,305.0,1000,0.5468089245796927,1,0.0,165.0,4.459357797115511,239.0,197.0,-1.4315155136035436,313.0,1.6886161887250428,279.0,215.0
阜新,辽宁,东北,104,0.0,7.6060256271,-1.0770477256,3.0057308149,low,low,low,低 GDI × 低 Exposure,104,0.0275918101196995,0.0,0.2098640148685117,-0.0297176963346094,0.0829335539156505,165.0,165.0,236.0,142.0,1000,0.322490309931942,1,0.0,165.0,2.4528695618337726,324.0,295.0,-0.3473374548402372,156.0,0.9693190620690897,296.0,289.0
阜阳,安徽,中部,592,0.0033783784,8.6163248939,-0.9822821124,3.6097824126,middle,high,middle,高 GDI × 高 Exposure,592,0.0658300790149182,0.0002223989170142,0.5672133485836441,-0.0646637090742328,0.2376322614481202,96.0,105.0,212.0,229.0,1000,0.7694153624668538,1,0.00259937624118619,94.0,6.629532741372245,97.0,126.0,-0.7557829475569529,246.0,2.777422043417103,146.0,127.0
防城港,广西,西部,162,0.0,8.9794304294,-0.9754659428,3.4124804677,low,high,middle,低 GDI × 高 Exposure,162,0.0344366605971148,0.0,0.309221598052653,-0.0335917895962482,0.1175144316604686,165.0,165.0,210.0,156.0,1000,0.40249223594996214,1,0.0,165.0,3.614151031086335,44.0,235.0,-0.39261746841060985,170.0,1.3734968935801455,204.0,241.0
阳江,广东,东部,812,0.0,8.5562658245,-0.4370370481,3.7336315585,low,middle,high,低 GDI × 高 Exposure,812,0.0770977204824538,0.0,0.6596685909108739,-0.0336945601748905,0.2878544822817017,165.0,165.0,109.0,158.0,1000,0.9011104260855048,1,0.0,165.0,7.710140342816039,116.0,101.0,-0.39381864062854227,172.0,3.3644143245262224,103.0,101.0
阳泉,山西,中部,135,0.0,7.7486968088,-3.2830409199,2.946162726,low,low,low,低 GDI × 低 Exposure,135,0.0314362263569818,0.0,0.2435897868530598,-0.1032064174972103,0.0926162383390387,165.0,165.0,337.0,286.0,1000,0.3674234614174767,1,0.0,165.0,2.8470530029638517,315.0,270.0,-1.206266258764875,298.0,1.082489306686069,301.0,271.0
阿克苏,新疆,西部,241,0.0,7.8587037655,-1.3206272978,3.0998226729,low,low,low,低 GDI × 低 Exposure,241,0.0420022005546749,0.0,0.3300828516583104,-0.055469252620174,0.1301993735910744,165.0,165.0,252.0,211.0,1000,0.4909175083453431,1,0.0,165.0,3.857975271383425,300.0,225.0,-0.6483190624888194,228.0,1.5217572228924694,278.0,223.0
阿勒泰,新疆,西部,15,0.0,9.9802388277,0.1730429082,2.2603834427,low,high,high,低 GDI × 高 Exposure,15,0.0104787421189939,0.0,0.1045803489614388,0.0018132720105485,0.023685975186097,165.0,165.0,24.0,34.0,1000,0.1224744871391589,1,0.0,165.0,1.2223246319488779,2.0,328.0,0.021193341434863556,34.0,0.27683930288252884,334.0,333.0
阿坝,四川,西部,79,0.0,8.501648318,-0.9856399871,3.1951523753,low,middle,middle,低 GDI × 高 Exposure,79,0.0240478950919671,0.0,0.2044467468600628,-0.0237025670082286,0.076836689124064,165.0,165.0,214.0,119.0,1000,0.2810693864511039,1,0.0,165.0,2.38955307656332,129.0,298.0,-0.27703322643587097,128.0,0.8980595177433583,254.0,296.0
阿拉善盟,内蒙古,西部,12,0.0,7.5752248695,-1.0050520319,2.7516666169,low,low,middle,低 GDI × 低 Exposure,12,0.0093724718787042,0.0,0.0709985820642499,-0.0094198219056173,0.0257899179864645,165.0,165.0,219.0,71.0,1000,0.10954451150103323,1,0.0,165.0,0.8298243078398557,325.0,334.0,-0.11009793386760637,77.0,0.30142997536201127,319.0,329.0
阿里,西藏,西部,7,0.0,7.3308486115,-1.233413,1.7328679514,low,low,low,低 GDI × 低 Exposure,7,0.0071583436388345,0.0,0.0524767335253901,-0.0088291941026058,0.0124044642768444,165.0,165.0,247.0,66.0,1000,0.08366600265340755,1,0.0,165.0,0.6133427993814881,336.0,338.0,-0.10319473533074738,72.0,0.1449821346198373,340.0,340.0
陇南,甘肃,西部,98,0.0,8.1933317192,-1.7553694887,3.1559813486,low,middle,low,低 GDI × 低 Exposure,98,0.0267840693533115,0.0,0.21945076500174,-0.0470159381260278,0.0845300233186601,165.0,165.0,284.0,193.0,1000,0.31304951684997057,1,0.0,165.0,2.5649185360870987,228.0,287.0,-0.5495175703307149,209.0,0.9879784363667485,262.0,286.0
随州,湖北,中部,438,0.0,8.5964292692,-0.1640570815,3.8354467633,low,high,high,低 GDI × 高 Exposure,438,0.0566240042983029,0.0,0.4867642478892384,-0.009289568888023,0.2171783540110114,165.0,165.0,53.0,69.0,1000,0.6618156843109719,1,0.0,165.0,5.6892517194264665,105.0,145.0,-0.1085755496589834,75.0,2.538358824291692,60.0,137.0
雅安,四川,西部,138,0.0,8.7209215988,-0.2602977232,3.5922016667,low,high,high,低 GDI × 高 Exposure,138,0.0317835985194671,0.0,0.2771822708160091,-0.0082731983297202,0.1141730955753536,165.0,165.0,71.0,64.0,1000,0.3714835124201342,1,0.0,165.0,3.2396785870628366,78.0,252.0,-0.09669631248929986,69.0,1.3344436924671763,150.0,245.0
青岛,山东,东部,6538,0.0094830223,8.8602410037,0.0348414089,3.9628605224,high,high,high,高 GDI × 高 Exposure,6538,0.2187691004932702,0.0020745922585286,1.93834695453304,0.0076222236849712,0.8669514318657392,26.0,24.0,34.0,27.0,1000,1.0,0,0.0094830223,18.0,8.8602410037,62.0,29.0,0.0348414089,31.0,3.9628605224,19.0,19.0
鞍山,辽宁,东北,403,0.0,7.641158828,-1.0124430749,3.3759692229,low,low,middle,低 GDI × 低 Exposure,403,0.0543145325351882,0.0,0.4150259697699467,-0.054990372331682,0.1833641901949961,165.0,165.0,223.0,208.0,1000,0.6348228099241552,1,0.0,165.0,4.8507819182677245,322.0,180.0,-0.6427219576962699,224.0,2.1431422682988446,211.0,164.0
韶关,广东,东部,1001,0.000999001,8.2091924852,-0.926298576,3.7319237232,middle,middle,middle,高 GDI × 低 Exposure,1001,0.0856013397219047,8.55158239835226e-05,0.702717874768113,-0.0792923990880926,0.3194576704458789,161.0,161.0,206.0,251.0,1000,1.0,0,0.000999001,161.0,8.2091924852,220.0,76.0,-0.926298576,273.0,3.7319237232,105.0,80.0
马鞍山,安徽,中部,1343,0.0014892033,7.8909136897,-1.0049883426,3.7399251984,middle,low,middle,高 GDI × 低 Exposure,1343,0.099152011537953,0.0001476575027839,0.7823999652061259,-0.0996466157409834,0.370821106422838,149.0,138.0,218.0,282.0,1000,1.0,0,0.0014892033,142.0,7.8909136897,295.0,94.0,-1.0049883426,282.0,3.7399251984,100.0,77.0
驻马店,河南,中部,373,0.0,7.9680962009,-2.9356711272,3.0809317737,low,low,low,低 GDI × 低 Exposure,373,0.0522538072462023,0.0,0.4163633630010255,-0.1533999932189502,0.16099041504162,165.0,165.0,330.0,327.0,1000,0.6107372593840988,1,0.0,165.0,4.866413236246515,281.0,179.0,-1.7929237386791563,332.0,1.8816398278189288,281.0,197.0
鸡西,黑龙江,东北,35,0.0,7.9694683587,-0.8282574856,2.4909549396,low,low,middle,低 GDI × 低 Exposure,35,0.0160065429827372,0.0,0.127563637833096,-0.0132575390440302,0.039871577308769,165.0,165.0,189.0,87.0,1000,0.18708286933869708,1,0.0,165.0,1.490951007649553,280.0,320.0,-0.15495278695730258,90.0,0.46601499749376885,327.0,324.0
鹤壁,河南,中部,336,0.0,7.6929501971,-3.0516168785,3.4311879185,low,low,low,低 GDI × 低 Exposure,336,0.0495944595219956,0.0,0.3815277071548044,-0.151343289757407,0.1701679103364087,165.0,165.0,333.0,324.0,1000,0.5796550698475775,1,0.0,165.0,4.459257583833936,320.0,198.0,-1.768885194854964,329.0,1.9889054725582818,198.0,186.0
鹤岗,黑龙江,东北,32,0.0,7.3998684122,-1.5703010753,2.4777720048,low,low,low,低 GDI × 低 Exposure,32,0.0153051824876065,0.0,0.1132563364329966,-0.0240337445179513,0.0379227526961468,165.0,165.0,274.0,124.0,1000,0.17888543819998318,1,0.0,165.0,1.3237287035386107,334.0,326.0,-0.2809039959609453,133.0,0.4432373308382988,328.0,326.0
鹰潭,江西,中部,314,0.0,8.0934049506,-1.7525474783,3.5645099112,low,low,low,低 GDI × 低 Exposure,314,0.0479433467253887,0.0,0.3880249197355936,-0.0840229914048426,0.1708945345787462,165.0,165.0,283.0,260.0,1000,0.5603570290448759,1,0.0,165.0,4.535196352975307,252.0,193.0,-0.9820522982002772,279.0,1.9973981838410466,162.0,185.0
黄冈,湖北,中部,879,0.0011376564,8.4874791368,-0.6031922692,3.8261165454,middle,middle,middle,高 GDI × 高 Exposure,879,0.0802154382449397,9.125760669816053e-05,0.6808268585531951,-0.0483853322198376,0.306913615465476,158.0,158.0,146.0,196.0,1000,0.9375499986667378,1,0.0010666097563032059,158.0,7.957436053390804,132.0,92.0,-0.5655229111842466,213.0,3.5871755620385537,64.0,93.0
黄南,青海,西部,2,0.0,7.7169995779,-0.1825828843,1.0986122887,low,low,high,低 GDI × 低 Exposure,2,0.0038262956219016,0.0,0.0295275216991356,-0.0006986160908312,0.0042036153904201,165.0,165.0,58.0,37.0,1000,0.044721359549995794,1,0.0,165.0,0.3451147127704317,318.0,343.0,-0.008165354816455582,37.0,0.049131435168996485,342.0,342.0
黄山,安徽,中部,312,0.0032051282,8.2402344341,-0.7048464072,3.7295126084,middle,middle,middle,高 GDI × 低 Exposure,312,0.0477904170001127,0.0001531744132168,0.3938042397843267,-0.0336849037211192,0.178234962762614,102.0,134.0,165.0,157.0,1000,0.5585696017507576,1,0.0017902871822341225,126.0,4.602744466188117,210.0,191.0,-0.39370577696515635,171.0,2.0831923723984174,106.0,175.0
黄石,湖北,中部,965,0.0051813472,8.0575979609,-0.9050682341,3.769064537,high,low,middle,高 GDI × 低 Exposure,965,0.0840479605632025,0.0004354816651298,0.6772246756518643,-0.0760691392466441,0.3167821875659412,66.0,61.0,202.0,246.0,1000,0.982344135219425,1,0.00508986603445559,51.0,7.915334100846113,266.0,93.0,-0.8890884717415366,264.0,3.702518443185468,88.0,82.0
黑河,黑龙江,东北,34,0.0,7.9849533586,-1.4323165258,2.8928987189,low,low,low,低 GDI × 低 Exposure,34,0.0157762210039389,0.0,0.1259723888914178,-0.0225965420586147,0.0456390095313781,165.0,165.0,258.0,112.0,1000,0.18439088914585774,1,0.0,165.0,1.472352649580457,275.0,321.0,-0.26410611773056786,120.0,0.5334241669868838,309.0,320.0
黔东南,贵州,西部,118,0.0,8.5586934173,-1.526929765,3.3132756761,low,high,low,低 GDI × 高 Exposure,118,0.0293903343462581,0.0,0.2515428611015655,-0.0448769763166033,0.0973782799019034,165.0,165.0,267.0,188.0,1000,0.34351128074635334,1,0.0,165.0,2.940007737292107,114.0,267.0,-0.5245175991848783,203.0,1.1381475709628508,227.0,264.0
黔南,贵州,西部,184,0.0,8.3446780759,-1.3733295507,3.5797120822,low,middle,low,低 GDI × 低 Exposure,184,0.0367005383220587,0.0,0.3062541775098114,-0.050401933804281,0.1313773604547178,165.0,165.0,255.0,202.0,1000,0.4289522117905443,1,0.0,165.0,3.5794681173373686,182.0,237.0,-0.5890927482900795,218.0,1.5355254152330249,156.0,222.0
黔西南,贵州,西部,101,0.0,8.4756901911,-1.6471460351,3.2730005416,low,middle,low,低 GDI × 高 Exposure,101,0.0271909392703208,0.0,0.2304619772602544,-0.0447874478097539,0.0889959589583729,165.0,165.0,277.0,187.0,1000,0.3178049716414141,1,0.0,165.0,2.693616480823947,138.0,282.0,-0.5234711989742231,202.0,1.040175844305521,237.0,279.0
齐齐哈尔,黑龙江,东北,155,0.0,8.2770767698,-0.8248736248,2.9729475833,low,middle,middle,低 GDI × 低 Exposure,155,0.033684443136695,0.0,0.2788087217903872,-0.027785408709535,0.1001420838180436,165.0,165.0,188.0,137.0,1000,0.39370039370059057,1,0.0,165.0,3.2586883829602726,202.0,250.0,-0.32475307083699323,149.0,1.1704506339964291,298.0,257.0
龙岩,福建,东部,281,0.0035587189,8.0911006551,-0.5070140678,3.6614866988,middle,low,middle,高 GDI × 低 Exposure,281,0.0453541135417595,0.0001614025410538,0.3669646977892101,-0.0229951735982705,0.1660634834690174,90.0,128.0,122.0,116.0,1000,0.5300943312279429,1,0.0018864567153237407,122.0,4.289046590663205,253.0,208.0,-0.26876528319359994,125.0,1.9409333429003945,126.0,191.0
