province_std_source,city_std_source,district_std_source,province_std_final,city_std_final,district_std_final,city_std_confidence,city_std_reason,record_count,example_job_id,example_detail_url
上海,上海,浦东新区,上海,上海,浦东新区,high,exact-city-alias,28015,job_000304,https://jobs.51job.com/shanghai-pdxq/158660215.html?s=sou_sou_soulb&t=0_0&req=4b45ca6e49337e3e3c9ab0646b199fe8
深圳,深圳,宝安区,广东,深圳,宝安区,high,exact-city-alias,23140,job_000043,https://jobs.51job.com/shenzhen-baq/169071482.html?s=sou_sou_soulb&t=0_1&req=0949676080f5f0934c4c3b057039b46f
上海,上海,,上海,上海,,high,exact-city-alias,22457,job_000311,https://jobs.51job.com/shanghai/171562073.html?s=sou_sou_soulb&t=0_0&req=4b45ca6e49337e3e3c9ab0646b199fe8
江苏,苏州,昆山市,江苏,苏州,昆山市,high,exact-city-alias,19056,job_004253,https://jobs.51job.com/kunshan/171659393.html?s=sou_sou_soulb&t=0_0&req=93163cfb21d4670dedb149fcd2766d24
上海,上海,闵行区,上海,上海,闵行区,high,exact-city-alias,14535,job_000305,https://jobs.51job.com/shanghai-mhq/171655105.html?s=sou_sou_soulb&t=0_0&req=4b45ca6e49337e3e3c9ab0646b199fe8
江苏,苏州,苏州工业园区,江苏,苏州,苏州工业园区,high,exact-city-alias,14387,job_004250,https://jobs.51job.com/suzhou-gyyq/170003052.html?s=sou_sou_soulb&t=0_0&req=93163cfb21d4670dedb149fcd2766d24
深圳,深圳,龙岗区,广东,深圳,龙岗区,high,exact-city-alias,14086,job_000605,https://jobs.51job.com/shenzhen-lgq/165433448.html?s=sou_sou_soulb&t=0_1&req=e7e878b3b47ffbafbfe13edf3f5214dd
深圳,深圳,南山区,广东,深圳,南山区,high,exact-city-alias,13636,job_002683,https://jobs.51job.com/shenzhen-nsq/170465975.html?s=sou_sou_soulb&t=0_0&req=9d3ed804a95527883fea21b6bf1c41a8
广东,广州,,广东,广州,,high,exact-city-alias,13215,job_001378,https://jobs.51job.com/guangzhou/171646671.html?s=sou_sou_soulb&t=0_0&req=50cd477752152299424fa76c834b3a61
广东,广州,黄埔区,广东,广州,黄埔区,high,exact-city-alias,12128,job_001382,https://jobs.51job.com/guangzhou-hpq/169521650.html?s=sou_sou_soulb&t=0_0&req=50cd477752152299424fa76c834b3a61
深圳,深圳,龙华区,广东,深圳,龙华区,high,exact-city-alias,11836,job_002679,https://jobs.51job.com/shenzhen-lhq/171348930.html?s=sou_sou_soulb&t=0_0&req=9d3ed804a95527883fea21b6bf1c41a8
广东,广州,天河区,广东,广州,天河区,high,exact-city-alias,11363,job_001376,https://jobs.51job.com/guangzhou-thq/169235910.html?s=sou_sou_soulb&t=0_0&req=50cd477752152299424fa76c834b3a61
江苏,苏州,,江苏,苏州,,high,exact-city-alias,11360,job_004249,https://jobs.51job.com/suzhou/171065378.html?s=sou_sou_soulb&t=0_0&req=93163cfb21d4670dedb149fcd2766d24
湖北,武汉,,湖北,武汉,,high,exact-city-alias,10765,job_007137,https://jobs.51job.com/wuhan/171582847.html?s=sou_sou_soulb&t=0_0&req=6b0892166965cee51d9887a5cdd87b5a
上海,上海,松江区,上海,上海,松江区,high,exact-city-alias,10592,job_000306,https://jobs.51job.com/shanghai-sjq/171479107.html?s=sou_sou_soulb&t=0_0&req=4b45ca6e49337e3e3c9ab0646b199fe8
深圳,深圳,,广东,深圳,,high,exact-city-alias,10333,job_002682,https://jobs.51job.com/shenzhen/168094523.html?s=sou_sou_soulb&t=0_0&req=9d3ed804a95527883fea21b6bf1c41a8
北京,北京,,北京,北京,,high,exact-city-alias,9308,job_000005,https://jobs.51job.com/beijing/171118438.html?s=sou_sou_soulb&t=0_0&req=0949676080f5f0934c4c3b057039b46f
广东,广州,番禺区,广东,广州,番禺区,high,exact-city-alias,9268,job_001377,https://jobs.51job.com/guangzhou-pyq/171661048.html?s=sou_sou_soulb&t=0_0&req=50cd477752152299424fa76c834b3a61
江苏,苏州,吴中区,江苏,苏州,吴中区,high,exact-city-alias,8711,job_004248,https://jobs.51job.com/suzhou-wzq/171536155.html?s=sou_sou_soulb&t=0_0&req=93163cfb21d4670dedb149fcd2766d24
上海,上海,嘉定区,上海,上海,嘉定区,high,exact-city-alias,8576,job_000309,https://jobs.51job.com/shanghai-jdq/170154649.html?s=sou_sou_soulb&t=0_0&req=4b45ca6e49337e3e3c9ab0646b199fe8
广东,广州,白云区,广东,广州,白云区,high,exact-city-alias,8525,job_001403,https://jobs.51job.com/guangzhou-byq/171603668.html?s=sou_sou_soulb&t=0_0&req=50cd477752152299424fa76c834b3a61
深圳,深圳,光明区,广东,深圳,光明区,high,exact-city-alias,8356,job_002696,https://jobs.51job.com/shenzhen-gmq/171592759.html?s=sou_sou_soulb&t=0_0&req=9ffc03cb77a9f53b0fdfdffac16a377b
深圳,深圳,福田区,广东,深圳,福田区,high,exact-city-alias,8267,job_001636,https://jobs.51job.com/shenzhen-ftq/143025609.html?s=sou_sou_soulb&t=0_0&req=7e76aef4c0466391b0dbbf36e9e5d273
四川,成都,,四川,成都,,high,exact-city-alias,8058,job_006180,https://jobs.51job.com/chengdu/140419407.html?s=sou_sou_soulb&t=0_0&req=60a5c2805641692fcae5e74872595e55
上海,上海,徐汇区,上海,上海,徐汇区,high,exact-city-alias,7922,job_000307,https://jobs.51job.com/shanghai-xhq/171227060.html?s=sou_sou_soulb&t=0_0&req=4b45ca6e49337e3e3c9ab0646b199fe8
广东,佛山,南海区,广东,佛山,南海区,high,exact-city-alias,7053,job_001718,https://jobs.51job.com/foshan-nhq/165926983.html?s=sou_sou_soulb&t=0_1&req=7ef536706379e0e0a1524eb549ebd443
广东,佛山,顺德区,广东,佛山,顺德区,high,exact-city-alias,6942,job_002297,https://jobs.51job.com/foshan-sdq/162358796.html?s=sou_sou_soulb&t=0_0&req=752db80933022e02425d90c0b399643e
浙江,杭州,,浙江,杭州,,high,exact-city-alias,6717,job_005692,https://jobs.51job.com/hangzhou/171603380.html?s=sou_sou_soulb&t=0_0&req=98c2aeb809c0a47b2625fffa4727b318
江苏,无锡,新吴区,江苏,无锡,新吴区,high,exact-city-alias,6668,job_004859,https://jobs.51job.com/wuxi-xwq/165921541.html?s=sou_sou_soulb&t=0_1&req=fda7f5b279b8b40b7a72c04e005c2485
重庆,重庆,两江新区,重庆,重庆,两江新区,high,exact-city-alias,6467,job_000048,https://jobs.51job.com/chongqing-ljxq/167805793.html?s=sou_sou_soulb&t=0_1&req=0949676080f5f0934c4c3b057039b46f
广东,东莞,,广东,东莞,,high,exact-city-alias,6431,job_001834,https://jobs.51job.com/dongguan/167748509.html?s=sou_sou_soulb&t=0_0&req=a946f27531e9f76a9efe47305dbb80d3
江苏,苏州,相城区,江苏,苏州,相城区,high,exact-city-alias,6387,job_004252,https://jobs.51job.com/suzhou-xcq/171668678.html?s=sou_sou_soulb&t=0_0&req=93163cfb21d4670dedb149fcd2766d24
浙江,宁波,鄞州区,浙江,宁波,鄞州区,high,exact-city-alias,6150,job_005701,https://jobs.51job.com/ningbo-yzq/171139034.html?s=sou_sou_soulb&t=0_0&req=98c2aeb809c0a47b2625fffa4727b318
江苏,苏州,吴江区,江苏,苏州,吴江区,high,exact-city-alias,6071,job_004264,https://jobs.51job.com/suzhou-wjq/156938709.html?s=sou_sou_soulb&t=0_0&req=93163cfb21d4670dedb149fcd2766d24
湖北,武汉,洪山区,湖北,武汉,洪山区,high,exact-city-alias,6023,job_007142,https://jobs.51job.com/wuhan-hsq/170761395.html?s=sou_sou_soulb&t=0_0&req=6b0892166965cee51d9887a5cdd87b5a
江苏,苏州,常熟市,江苏,苏州,常熟市,high,exact-city-alias,5980,job_004251,https://jobs.51job.com/changshu/171673895.html?s=sou_sou_soulb&t=0_0&req=93163cfb21d4670dedb149fcd2766d24
江苏,常州,武进区,江苏,常州,武进区,high,exact-city-alias,5934,job_005353,https://jobs.51job.com/changzhou-wjq/171650544.html?s=sou_sou_soulb&t=0_0&req=f999bd2c01d2d4b09044548d102a0be5
重庆,重庆,,重庆,重庆,,high,exact-city-alias,5934,job_000041,https://jobs.51job.com/chongqing/171518242.html?s=sou_sou_soulb&t=0_1&req=0949676080f5f0934c4c3b057039b46f
上海,上海,静安区,上海,上海,静安区,high,exact-city-alias,5803,job_000349,https://jobs.51job.com/shanghai-jaq/170574396.html?s=sou_sou_soulb&t=0_0&req=552f5b54867fdd5feca23845888fa8ef
上海,上海,青浦区,上海,上海,青浦区,high,exact-city-alias,5741,job_000318,https://jobs.51job.com/shanghai-qpq/171568660.html?s=sou_sou_soulb&t=0_0&req=4b45ca6e49337e3e3c9ab0646b199fe8
上海,上海,奉贤区,上海,上海,奉贤区,high,exact-city-alias,5599,job_000303,https://jobs.51job.com/shanghai-fxq/169363666.html?s=sou_sou_soulb&t=0_0&req=4b45ca6e49337e3e3c9ab0646b199fe8
江苏,苏州,高新区,江苏,苏州,高新区,high,exact-city-alias,5548,job_004290,https://jobs.51job.com/suzhou-gxq/169883482.html?s=sou_sou_soulb&t=0_0&req=93163cfb21d4670dedb149fcd2766d24
广东,广州,花都区,广东,广州,花都区,high,exact-city-alias,5480,job_001463,https://jobs.51job.com/guangzhou-hdq/165846872.html?s=sou_sou_soulb&t=0_0&req=341b162349d0d240859de4254b4639b5
湖北,武汉,江夏区,湖北,武汉,江夏区,high,exact-city-alias,5403,job_007134,https://jobs.51job.com/wuhan-jxq/171535169.html?s=sou_sou_soulb&t=0_0&req=6b0892166965cee51d9887a5cdd87b5a
江苏,南京,,江苏,南京,,high,exact-city-alias,5363,job_003984,https://jobs.51job.com/nanjing/171639589.html?s=sou_sou_soulb&t=0_0&req=4fb0fb84a4942b0c853a8ea19c919720
北京,北京,朝阳区,北京,北京,朝阳区,high,exact-city-alias,5270,job_000014,https://jobs.51job.com/beijing-cyq/171407650.html?s=sou_sou_soulb&t=0_0&req=0949676080f5f0934c4c3b057039b46f
江苏,南京,江宁区,江苏,南京,江宁区,high,exact-city-alias,5104,job_003986,https://jobs.51job.com/nanjing-jnq/169856256.html?s=sou_sou_soulb&t=0_0&req=4fb0fb84a4942b0c853a8ea19c919720
浙江,宁波,,浙江,宁波,,high,exact-city-alias,5040,job_005655,https://jobs.51job.com/ningbo/152108562.html?s=sou_sou_soulb&t=0_0&req=0bcd7ecbb8c10cd966c70e7739685bd9
广东,广州,越秀区,广东,广州,越秀区,high,exact-city-alias,5009,job_001390,https://jobs.51job.com/guangzhou-yxq/137325695.html?s=sou_sou_soulb&t=0_0&req=50cd477752152299424fa76c834b3a61
广东,广州,海珠区,广东,广州,海珠区,high,exact-city-alias,4928,job_001408,https://jobs.51job.com/guangzhou-hzq/171537920.html?s=sou_sou_soulb&t=0_0&req=50cd477752152299424fa76c834b3a61
上海,上海,长宁区,上海,上海,长宁区,high,exact-city-alias,4793,job_000330,https://jobs.51job.com/shanghai-cnq/171204934.html?s=sou_sou_soulb&t=0_0&req=4b45ca6e49337e3e3c9ab0646b199fe8
四川,成都,武侯区,四川,成都,武侯区,high,exact-city-alias,4686,job_006155,https://jobs.51job.com/chengdu-whq/171660694.html?s=sou_sou_soulb&t=0_0&req=60a5c2805641692fcae5e74872595e55
安徽,合肥,,安徽,合肥,,high,exact-city-alias,4658,job_006773,https://jobs.51job.com/hefei/148018034.html?s=sou_sou_soulb&t=0_0&req=438aa1e02e3d1521ebaf4547b54fb9ec
上海,上海,黄浦区,上海,上海,黄浦区,high,exact-city-alias,4630,job_000288,https://jobs.51job.com/shanghai-hpq/169515169.html?s=sou_sou_soulb&t=0_0&req=4b45ca6e49337e3e3c9ab0646b199fe8
湖北,武汉,东湖新技术产业开发区,湖北,武汉,东湖新技术产业开发区,high,exact-city-alias,4597,job_007140,https://jobs.51job.com/wuhan-dhxjs/171147380.html?s=sou_sou_soulb&t=0_0&req=6b0892166965cee51d9887a5cdd87b5a
广东,广州,增城区,广东,广州,增城区,high,exact-city-alias,4496,job_001434,https://jobs.51job.com/guangzhou-zcq/170709743.html?s=sou_sou_soulb&t=0_0&req=341b162349d0d240859de4254b4639b5
江苏,无锡,,江苏,无锡,,high,exact-city-alias,4401,job_004225,https://jobs.51job.com/wuxi/168829894.html?s=sou_sou_soulb&t=0_1&req=68eebb0435d3cb18941174f13c0d3b17
江苏,常州,新北区,江苏,常州,新北区,high,exact-city-alias,4397,job_004215,https://jobs.51job.com/changzhou-xbq/168557530.html?s=sou_sou_soulb&t=0_1&req=68eebb0435d3cb18941174f13c0d3b17
陕西,西安,,陕西,西安,,high,exact-city-alias,4388,job_007770,https://jobs.51job.com/xian/153465471.html?s=sou_sou_soulb&t=0_0&req=d39bf751ee95785621b4bcbdd616430c
广东,惠州,惠城区,广东,惠州,惠城区,high,exact-city-alias,4321,job_002422,https://jobs.51job.com/huizhou-hcq/171353885.html?s=sou_sou_soulb&t=0_0&req=7f7f56957e7f3bd345909221e2d7796e
上海,上海,宝山区,上海,上海,宝山区,high,exact-city-alias,4256,job_000308,https://jobs.51job.com/shanghai-bsq/170778803.html?s=sou_sou_soulb&t=0_0&req=4b45ca6e49337e3e3c9ab0646b199fe8
深圳,深圳,坪山区,广东,深圳,坪山区,high,exact-city-alias,4247,job_002718,https://jobs.51job.com/shenzhen-psq/171234833.html?s=sou_sou_soulb&t=0_0&req=9ffc03cb77a9f53b0fdfdffac16a377b
江苏,南通,,江苏,南通,,high,exact-city-alias,4135,job_005521,https://jobs.51job.com/nantong/170857970.html?s=sou_sou_soulb&t=0_0&req=44f20d73565cf144da99db82a572c244
湖北,武汉,武昌区,湖北,武汉,武昌区,high,exact-city-alias,4132,job_007130,https://jobs.51job.com/wuhan-wcq/171669560.html?s=sou_sou_soulb&t=0_0&req=6b0892166965cee51d9887a5cdd87b5a
浙江,宁波,慈溪市,浙江,宁波,慈溪市,high,exact-city-alias,4033,job_005632,https://jobs.51job.com/ningbo-cxs/169072040.html?s=sou_sou_soulb&t=0_0&req=0bcd7ecbb8c10cd966c70e7739685bd9
广东,广州,南沙区,广东,广州,南沙区,high,exact-city-alias,3935,job_001381,https://jobs.51job.com/guangzhou-nsq/171291217.html?s=sou_sou_soulb&t=0_0&req=50cd477752152299424fa76c834b3a61
江苏,常州,,江苏,常州,,high,exact-city-alias,3733,job_005362,https://jobs.51job.com/changzhou/171586784.html?s=sou_sou_soulb&t=0_0&req=f999bd2c01d2d4b09044548d102a0be5
湖南,长沙,,湖南,长沙,,high,exact-city-alias,3703,job_007632,https://jobs.51job.com/changsha/170814796.html?s=sou_sou_soulb&t=0_0&req=d1d0d05b398a90240b491b32f9ee423c
上海,上海,普陀区,上海,上海,普陀区,high,exact-city-alias,3667,job_000363,https://jobs.51job.com/shanghai-ptq/166252246.html?s=sou_sou_soulb&t=0_0&req=552f5b54867fdd5feca23845888fa8ef
深圳,深圳,罗湖区,广东,深圳,罗湖区,high,exact-city-alias,3647,job_002686,https://jobs.51job.com/shenzhen-luohuqu/171668029.html?s=sou_sou_soulb&t=0_0&req=9d3ed804a95527883fea21b6bf1c41a8
上海,上海,金山区,上海,上海,金山区,high,exact-city-alias,3590,job_000470,https://jobs.51job.com/shanghai-jsq/149655966.html?s=sou_sou_soulb&t=0_0&req=e8c6bbc6a317ca80fcfa43fb74f99a93
浙江,杭州,萧山区,浙江,杭州,萧山区,high,exact-city-alias,3536,job_005629,https://jobs.51job.com/hangzhou-xsq/167624544.html?s=sou_sou_soulb&t=0_0&req=0bcd7ecbb8c10cd966c70e7739685bd9
北京,北京,海淀区,北京,北京,海淀区,high,exact-city-alias,3465,job_000009,https://jobs.51job.com/beijing-hdq/171553974.html?s=sou_sou_soulb&t=0_0&req=0949676080f5f0934c4c3b057039b46f
江苏,苏州,太仓市,江苏,苏州,太仓市,high,exact-city-alias,3434,job_004074,https://jobs.51job.com/taicang/157130169.html?s=sou_sou_soulb&t=0_1&req=f9128122f8f1ede83c3cb816e1eaa61b
广东,佛山,,广东,佛山,,high,exact-city-alias,3359,job_002308,https://jobs.51job.com/foshan/171615256.html?s=sou_sou_soulb&t=0_0&req=752db80933022e02425d90c0b399643e
云南,昆明,,云南,昆明,,high,exact-city-alias,3281,job_008111,https://jobs.51job.com/kunming/162450616.html?s=sou_sou_soulb&t=0_0&req=285fe2946d59c8345e3737661d2dc296
湖北,武汉,蔡甸区,湖北,武汉,蔡甸区,high,exact-city-alias,3277,job_007132,https://jobs.51job.com/wuhan-cdq/171627098.html?s=sou_sou_soulb&t=0_0&req=6b0892166965cee51d9887a5cdd87b5a
广东,惠州,,广东,惠州,,high,exact-city-alias,3266,job_002425,https://jobs.51job.com/huizhou/169424892.html?s=sou_sou_soulb&t=0_0&req=7f7f56957e7f3bd345909221e2d7796e
广东,东莞,松山湖区,广东,东莞,松山湖区,high,exact-city-alias,3199,job_001820,https://jobs.51job.com/dongguan-sshq/163409447.html?s=sou_sou_soulb&t=0_0&req=a946f27531e9f76a9efe47305dbb80d3
河南,郑州,,河南,郑州,,high,exact-city-alias,3184,job_007022,https://jobs.51job.com/zhengzhou/171208156.html?s=sou_sou_soulb&t=0_0&req=8468dee840d7c61d0a3dfc1ebcbed152
四川,成都,高新区,四川,成都,高新区,high,exact-city-alias,3171,job_006153,https://jobs.51job.com/chengdu-gxq/131093044.html?s=sou_sou_soulb&t=0_0&req=60a5c2805641692fcae5e74872595e55
江苏,无锡,锡山区,江苏,无锡,锡山区,high,exact-city-alias,3114,job_005129,https://jobs.51job.com/wuxi-xsq/171533155.html?s=sou_sou_soulb&t=0_0&req=93b42b82ee51aae4afe7314ad6a9250f
浙江,杭州,滨江区,浙江,杭州,滨江区,high,exact-city-alias,3036,job_005668,https://jobs.51job.com/hangzhou-bjq/171430945.html?s=sou_sou_soulb&t=0_0&req=0bcd7ecbb8c10cd966c70e7739685bd9
上海,上海,杨浦区,上海,上海,杨浦区,high,exact-city-alias,3024,job_000354,https://jobs.51job.com/shanghai-ypq/171144199.html?s=sou_sou_soulb&t=0_0&req=552f5b54867fdd5feca23845888fa8ef
广东,东莞,长安镇,广东,东莞,长安镇,high,exact-city-alias,2994,job_001822,https://jobs.51job.com/dongguan-caz/171286219.html?s=sou_sou_soulb&t=0_0&req=a946f27531e9f76a9efe47305dbb80d3
浙江,杭州,上城区,浙江,杭州,上城区,high,exact-city-alias,2975,job_005637,https://jobs.51job.com/hangzhou-scq/171657940.html?s=sou_sou_soulb&t=0_0&req=0bcd7ecbb8c10cd966c70e7739685bd9
浙江,嘉兴,,浙江,嘉兴,,high,exact-city-alias,2971,job_005653,https://jobs.51job.com/jiaxing/161490939.html?s=sou_sou_soulb&t=0_0&req=0bcd7ecbb8c10cd966c70e7739685bd9
江苏,南通,崇川区,江苏,南通,崇川区,high,exact-city-alias,2958,job_005524,https://jobs.51job.com/nantong-ccq/171509692.html?s=sou_sou_soulb&t=0_0&req=44f20d73565cf144da99db82a572c244
上海,上海,虹口区,上海,上海,虹口区,high,exact-city-alias,2919,job_000746,https://jobs.51job.com/shanghai-hkq/168821744.html?s=sou_sou_soulb&t=0_0&req=58d905f4a87230c9b90b14810d29e7d3
广东,珠海,香洲区,广东,珠海,香洲区,high,exact-city-alias,2875,job_002162,https://jobs.51job.com/zhuhai-xzq/170373418.html?s=sou_sou_soulb&t=0_0&req=e14bca5788d386adc849ac26f4622448
广东,中山,,广东,中山,,high,exact-city-alias,2871,job_002532,https://jobs.51job.com/zhongshan/157698132.html?s=sou_sou_soulb&t=0_0&req=cb1882c9e5163bb25021626e8d90b59f
浙江,宁波,北仑区,浙江,宁波,北仑区,high,exact-city-alias,2830,job_005661,https://jobs.51job.com/ningbo-blq/170337583.html?s=sou_sou_soulb&t=0_0&req=0bcd7ecbb8c10cd966c70e7739685bd9
湖北,武汉,东西湖区,湖北,武汉,东西湖区,high,exact-city-alias,2815,job_007167,https://jobs.51job.com/wuhan-dxhq/171410408.html?s=sou_sou_soulb&t=0_0&req=6b0892166965cee51d9887a5cdd87b5a
浙江,宁波,余姚市,浙江,宁波,余姚市,high,exact-city-alias,2774,job_005643,https://jobs.51job.com/ningbo-yys/171648679.html?s=sou_sou_soulb&t=0_0&req=0bcd7ecbb8c10cd966c70e7739685bd9
广东,东莞,塘厦镇,广东,东莞,塘厦镇,high,exact-city-alias,2766,job_001611,https://jobs.51job.com/dongguan-txz/166689017.html?s=sou_sou_soulb&t=0_1&req=0c7e5ccca491d82539d6ec90a1a098c2
广东,惠州,仲恺区,广东,惠州,仲恺区,high,exact-city-alias,2762,job_002420,https://jobs.51job.com/huizhou-zkq/171592193.html?s=sou_sou_soulb&t=0_0&req=7f7f56957e7f3bd345909221e2d7796e
浙江,杭州,钱塘区,浙江,杭州,钱塘区,high,exact-city-alias,2748,job_005658,https://jobs.51job.com/hangzhou-qtq/165900475.html?s=sou_sou_soulb&t=0_0&req=0bcd7ecbb8c10cd966c70e7739685bd9
湖北,武汉,武汉经济开发区,湖北,武汉,武汉经济开发区,high,exact-city-alias,2734,job_007136,https://jobs.51job.com/wuhan-whjj/171584430.html?s=sou_sou_soulb&t=0_0&req=6b0892166965cee51d9887a5cdd87b5a
江苏,苏州,张家港市,江苏,苏州,张家港市,high,exact-city-alias,2729,job_004370,https://jobs.51job.com/zhangjiagang/171602813.html?s=sou_sou_soulb&t=0_0&req=2f78c8bcc5b26a8487b3bf20b01c20c1
浙江,杭州,拱墅区,浙江,杭州,拱墅区,high,exact-city-alias,2685,job_005654,https://jobs.51job.com/hangzhou-gsq/169465767.html?s=sou_sou_soulb&t=0_0&req=0bcd7ecbb8c10cd966c70e7739685bd9
浙江,杭州,西湖区,浙江,杭州,西湖区,high,exact-city-alias,2682,job_005633,https://jobs.51job.com/hangzhou-xhq/170855932.html?s=sou_sou_soulb&t=0_0&req=0bcd7ecbb8c10cd966c70e7739685bd9
湖北,武汉,江汉区,湖北,武汉,江汉区,high,exact-city-alias,2641,job_007298,https://jobs.51job.com/wuhan-jhq/170724163.html?s=sou_sou_soulb&t=0_0&req=afa61febfb2b28b452c26227c40a9247
安徽,合肥,蜀山区,安徽,合肥,蜀山区,high,exact-city-alias,2636,job_006774,https://jobs.51job.com/hefei-ssq/170629482.html?s=sou_sou_soulb&t=0_0&req=438aa1e02e3d1521ebaf4547b54fb9ec
浙江,嘉兴,南湖区,浙江,嘉兴,南湖区,high,exact-city-alias,2608,job_005630,https://jobs.51job.com/jiaxing-nhq/168183618.html?s=sou_sou_soulb&t=0_0&req=0bcd7ecbb8c10cd966c70e7739685bd9
湖南,长沙,岳麓区,湖南,长沙,岳麓区,high,exact-city-alias,2564,job_007628,https://jobs.51job.com/changsha-ylq/171344157.html?s=sou_sou_soulb&t=0_0&req=d1d0d05b398a90240b491b32f9ee423c
天津,天津,,天津,天津,,high,exact-city-alias,2559,job_003785,https://jobs.51job.com/tianjin/171134303.html?s=sou_sou_soulb&t=0_0&req=335e47a8f46b2a46eef4b92d9eed9eaa
山东,济南,,山东,济南,,high,exact-city-alias,2525,job_006554,https://jobs.51job.com/jinan/171418940.html?s=sou_sou_soulb&t=0_0&req=49fa21f4a13df9e7f28418008970f854
浙江,宁波,海曙区,浙江,宁波,海曙区,high,exact-city-alias,2510,job_005656,https://jobs.51job.com/ningbo-hsq/171346646.html?s=sou_sou_soulb&t=0_0&req=0bcd7ecbb8c10cd966c70e7739685bd9
浙江,杭州,余杭区,浙江,杭州,余杭区,high,exact-city-alias,2470,job_005639,https://jobs.51job.com/hangzhou-yhq/171643768.html?s=sou_sou_soulb&t=0_0&req=0bcd7ecbb8c10cd966c70e7739685bd9
江苏,无锡,江阴市,江苏,无锡,江阴市,high,exact-city-alias,2468,job_005130,https://jobs.51job.com/wuxi-jys/170590770.html?s=sou_sou_soulb&t=0_0&req=93b42b82ee51aae4afe7314ad6a9250f
云南,昆明,官渡区,云南,昆明,官渡区,high,exact-city-alias,2461,job_008103,https://jobs.51job.com/kunming-gdq/170812953.html?s=sou_sou_soulb&t=0_0&req=285fe2946d59c8345e3737661d2dc296
江苏,无锡,滨湖区,江苏,无锡,滨湖区,high,exact-city-alias,2460,job_005136,https://jobs.51job.com/wuxi-bhq/171449742.html?s=sou_sou_soulb&t=0_0&req=93b42b82ee51aae4afe7314ad6a9250f
江苏,苏州,虎丘区,江苏,苏州,虎丘区,high,exact-city-alias,2442,job_004258,https://jobs.51job.com/suzhou-hq/171642493.html?s=sou_sou_soulb&t=0_0&req=93163cfb21d4670dedb149fcd2766d24
广东,广州,荔湾区,广东,广州,荔湾区,high,exact-city-alias,2435,job_001426,https://jobs.51job.com/guangzhou-lwq/170937355.html?s=sou_sou_soulb&t=0_0&req=341b162349d0d240859de4254b4639b5
广东,佛山,禅城区,广东,佛山,禅城区,high,exact-city-alias,2431,job_002309,https://jobs.51job.com/foshan-ccq/170439001.html?s=sou_sou_soulb&t=0_0&req=752db80933022e02425d90c0b399643e
江苏,无锡,惠山区,江苏,无锡,惠山区,high,exact-city-alias,2425,job_005127,https://jobs.51job.com/wuxi-hsq/171566221.html?s=sou_sou_soulb&t=0_0&req=93b42b82ee51aae4afe7314ad6a9250f
江西,南昌,,江西,南昌,,high,exact-city-alias,2408,job_006660,https://jobs.51job.com/nanchang/171020209.html?s=sou_sou_soulb&t=0_0&req=c3f9bf16c92fd67fff6ba2a1ab89af25
安徽,芜湖,鸠江区,安徽,芜湖,鸠江区,high,exact-city-alias,2393,job_006772,https://jobs.51job.com/wuhu-jjq/171354962.html?s=sou_sou_soulb&t=0_0&req=438aa1e02e3d1521ebaf4547b54fb9ec
四川,成都,龙泉驿区,四川,成都,龙泉驿区,high,exact-city-alias,2364,job_006191,https://jobs.51job.com/chengdu-lqyq/169206782.html?s=sou_sou_soulb&t=0_0&req=60a5c2805641692fcae5e74872595e55
湖北,武汉,汉阳区,湖北,武汉,汉阳区,high,exact-city-alias,2355,job_007240,https://jobs.51job.com/wuhan-hyq/168049021.html?s=sou_sou_soulb&t=0_0&req=ffc2089614a94d0fc7973fb83fc51b7e
陕西,西安,雁塔区,陕西,西安,雁塔区,high,exact-city-alias,2299,job_007764,https://jobs.51job.com/xian-ytq/171638474.html?s=sou_sou_soulb&t=0_0&req=d39bf751ee95785621b4bcbdd616430c
四川,成都,双流区,四川,成都,双流区,high,exact-city-alias,2295,job_006176,https://jobs.51job.com/chengdu-slq/165857110.html?s=sou_sou_soulb&t=0_0&req=60a5c2805641692fcae5e74872595e55
湖北,武汉,江岸区,湖北,武汉,江岸区,high,exact-city-alias,2283,job_007165,https://jobs.51job.com/wuhan-jaq/171457533.html?s=sou_sou_soulb&t=0_0&req=6b0892166965cee51d9887a5cdd87b5a
广东,惠州,惠阳区,广东,惠州,惠阳区,high,exact-city-alias,2266,job_002423,https://jobs.51job.com/huizhou-hyq/170197309.html?s=sou_sou_soulb&t=0_0&req=7f7f56957e7f3bd345909221e2d7796e
浙江,宁波,江北区,浙江,宁波,江北区,high,exact-city-alias,2230,job_005666,https://jobs.51job.com/ningbo-jbq/162237897.html?s=sou_sou_soulb&t=0_0&req=0bcd7ecbb8c10cd966c70e7739685bd9
辽宁,沈阳,,辽宁,沈阳,,high,exact-city-alias,2230,job_007945,https://jobs.51job.com/shenyang/171452064.html?s=sou_sou_soulb&t=0_0&req=e1b1b71554bb5199b3e777db2b72821f
云南,昆明,五华区,云南,昆明,五华区,high,exact-city-alias,2148,job_008089,https://jobs.51job.com/kunming-whq/171634822.html?s=sou_sou_soulb&t=0_0&req=285fe2946d59c8345e3737661d2dc296
广西,南宁,,广西,南宁,,high,exact-city-alias,2127,job_006714,https://jobs.51job.com/nanning/158665480.html?s=sou_sou_soulb&t=0_0&req=bc8e1b2747700688a25d4e87885bfb36
广东,珠海,金湾区,广东,珠海,金湾区,high,exact-city-alias,2106,job_002163,https://jobs.51job.com/zhuhai-jwq/171674830.html?s=sou_sou_soulb&t=0_0&req=e14bca5788d386adc849ac26f4622448
云南,昆明,盘龙区,云南,昆明,盘龙区,high,exact-city-alias,2099,job_008100,https://jobs.51job.com/kunming-plq/170410821.html?s=sou_sou_soulb&t=0_0&req=285fe2946d59c8345e3737661d2dc296
广东,东莞,寮步镇,广东,东莞,寮步镇,high,exact-city-alias,2022,job_001826,https://jobs.51job.com/dongguan-lbz/171674341.html?s=sou_sou_soulb&t=0_0&req=a946f27531e9f76a9efe47305dbb80d3
广东,珠海,,广东,珠海,,high,exact-city-alias,1999,job_002165,https://jobs.51job.com/zhuhai/171626168.html?s=sou_sou_soulb&t=0_0&req=e14bca5788d386adc849ac26f4622448
广东,东莞,虎门镇,广东,东莞,虎门镇,high,exact-city-alias,1994,job_001821,https://jobs.51job.com/dongguan-hm/162178506.html?s=sou_sou_soulb&t=0_0&req=a946f27531e9f76a9efe47305dbb80d3
四川,成都,郫都区,四川,成都,郫都区,high,exact-city-alias,1992,job_006154,https://jobs.51job.com/chengdu-pdq/171666872.html?s=sou_sou_soulb&t=0_0&req=60a5c2805641692fcae5e74872595e55
广东,东莞,南城区,广东,东莞,南城区,high,exact-city-alias,1990,job_001840,https://jobs.51job.com/dongguan-ncq/171390632.html?s=sou_sou_soulb&t=0_0&req=a946f27531e9f76a9efe47305dbb80d3
四川,成都,青羊区,四川,成都,青羊区,high,exact-city-alias,1989,job_006158,https://jobs.51job.com/chengdu-qyq/171336287.html?s=sou_sou_soulb&t=0_0&req=60a5c2805641692fcae5e74872595e55
云南,昆明,西山区,云南,昆明,西山区,high,exact-city-alias,1981,job_008094,https://jobs.51job.com/kunming-xsq/159113978.html?s=sou_sou_soulb&t=0_0&req=285fe2946d59c8345e3737661d2dc296
广东,佛山,三水区,广东,佛山,三水区,high,exact-city-alias,1968,job_002302,https://jobs.51job.com/foshan-ssq/171558811.html?s=sou_sou_soulb&t=0_0&req=752db80933022e02425d90c0b399643e
江苏,常州,金坛区,江苏,常州,金坛区,high,exact-city-alias,1950,job_005366,https://jobs.51job.com/changzhou-jtq/171267197.html?s=sou_sou_soulb&t=0_0&req=f999bd2c01d2d4b09044548d102a0be5
江苏,南京,浦口区,江苏,南京,浦口区,high,exact-city-alias,1934,job_003999,https://jobs.51job.com/nanjing-pkq/122025317.html?s=sou_sou_soulb&t=0_0&req=4fb0fb84a4942b0c853a8ea19c919720
山东,青岛,,山东,青岛,,high,exact-city-alias,1924,job_006565,https://jobs.51job.com/qingdao/171234594.html?s=sou_sou_soulb&t=0_0&req=49fa21f4a13df9e7f28418008970f854
湖北,荆门,,湖北,荆门,,high,exact-city-alias,1920,job_000252,https://campus.51job.com/jmrcj2025/job-detail.html?jobid=169610524
广东,惠州,博罗县,广东,惠州,博罗县,high,exact-city-alias,1912,job_002421,https://jobs.51job.com/huizhou-blx/171414553.html?s=sou_sou_soulb&t=0_0&req=7f7f56957e7f3bd345909221e2d7796e
江苏,南京,建邺区,江苏,南京,建邺区,high,exact-city-alias,1905,job_003985,https://jobs.51job.com/nanjing-jyq/171651464.html?s=sou_sou_soulb&t=0_0&req=4fb0fb84a4942b0c853a8ea19c919720
四川,成都,锦江区,四川,成都,锦江区,high,exact-city-alias,1901,job_006166,https://jobs.51job.com/chengdu-jjq/167691659.html?s=sou_sou_soulb&t=0_0&req=60a5c2805641692fcae5e74872595e55
广东,东莞,东城区,广东,东莞,东城区,high,exact-city-alias,1888,job_001859,https://jobs.51job.com/dongguan-dcq/166063468.html?s=sou_sou_soulb&t=0_0&req=a946f27531e9f76a9efe47305dbb80d3
四川,成都,金牛区,四川,成都,金牛区,high,exact-city-alias,1886,job_006177,https://jobs.51job.com/chengdu-jnq/152845619.html?s=sou_sou_soulb&t=0_0&req=60a5c2805641692fcae5e74872595e55
北京,北京,大兴区,北京,北京,大兴区,high,exact-city-alias,1803,job_000002,https://jobs.51job.com/beijing-dxq/171581172.html?s=sou_sou_soulb&t=0_0&req=0949676080f5f0934c4c3b057039b46f
辽宁,大连,,辽宁,大连,,high,exact-city-alias,1781,job_007947,https://jobs.51job.com/dalian/170097390.html?s=sou_sou_soulb&t=0_0&req=e1b1b71554bb5199b3e777db2b72821f
北京,北京,丰台区,北京,北京,丰台区,high,exact-city-alias,1775,job_000001,https://jobs.51job.com/beijing-ftq/171104997.html?s=sou_sou_soulb&t=0_0&req=0949676080f5f0934c4c3b057039b46f
福建,厦门,,福建,厦门,,high,exact-city-alias,1775,job_006480,https://jobs.51job.com/xiamen/170658171.html?s=sou_sou_soulb&t=0_0&req=3b5fc5d5199b102a0f5a0ad878bfb85d
四川,成都,成华区,四川,成都,成华区,high,exact-city-alias,1744,job_006162,https://jobs.51job.com/chengdu-chq/171030620.html?s=sou_sou_soulb&t=0_0&req=60a5c2805641692fcae5e74872595e55
广东,东莞,厚街镇,广东,东莞,厚街镇,high,exact-city-alias,1719,job_001846,https://jobs.51job.com/dongguan-hjz/163029987.html?s=sou_sou_soulb&t=0_0&req=a946f27531e9f76a9efe47305dbb80d3
安徽,合肥,包河区,安徽,合肥,包河区,high,exact-city-alias,1712,job_006781,https://jobs.51job.com/hefei-bhq/135283359.html?s=sou_sou_soulb&t=0_0&req=438aa1e02e3d1521ebaf4547b54fb9ec
河北,石家庄,,河北,石家庄,,high,exact-city-alias,1710,job_000055,https://jobs.51job.com/shijiazhuang/166551014.html?s=sou_sou_soulb&t=0_1&req=65db290ec74d0f1830403b24f5884710
安徽,芜湖,,安徽,芜湖,,high,exact-city-alias,1697,job_006793,https://jobs.51job.com/wuhu/171557883.html?s=sou_sou_soulb&t=0_0&req=438aa1e02e3d1521ebaf4547b54fb9ec
福建,福州,,福建,福州,,high,exact-city-alias,1626,job_006324,https://jobs.51job.com/fuzhou/148294740.html?s=sou_sou_soulb&t=0_1&req=89ac95d143441721f1423741900b6bcd
广东,东莞,常平镇,广东,东莞,常平镇,high,exact-city-alias,1615,job_001842,https://jobs.51job.com/dongguan-cpz/171623729.html?s=sou_sou_soulb&t=0_0&req=a946f27531e9f76a9efe47305dbb80d3
江苏,无锡,梁溪区,江苏,无锡,梁溪区,high,exact-city-alias,1611,job_005137,https://jobs.51job.com/wuxi-lxq/171283329.html?s=sou_sou_soulb&t=0_0&req=93b42b82ee51aae4afe7314ad6a9250f
江苏,南京,鼓楼区,江苏,南京,鼓楼区,high,exact-city-alias,1604,job_003988,https://jobs.51job.com/nanjing-glq/170308198.html?s=sou_sou_soulb&t=0_0&req=4fb0fb84a4942b0c853a8ea19c919720
浙江,杭州,临平区,浙江,杭州,临平区,high,exact-city-alias,1596,job_005631,https://jobs.51job.com/hangzhou-lpq/170939613.html?s=sou_sou_soulb&t=0_0&req=0bcd7ecbb8c10cd966c70e7739685bd9
浙江,宁波,镇海区,浙江,宁波,镇海区,high,exact-city-alias,1591,job_005642,https://jobs.51job.com/ningbo-zhq/169507075.html?s=sou_sou_soulb&t=0_0&req=0bcd7ecbb8c10cd966c70e7739685bd9
湖南,长沙,长沙县,湖南,长沙,长沙县,high,exact-city-alias,1586,job_007626,https://jobs.51job.com/changsha-csx/171429164.html?s=sou_sou_soulb&t=0_0&req=d1d0d05b398a90240b491b32f9ee423c
辽宁,大连,金州区,辽宁,大连,金州区,high,exact-city-alias,1577,job_007961,https://jobs.51job.com/dalian-jzq/170571685.html?s=sou_sou_soulb&t=0_0&req=e1b1b71554bb5199b3e777db2b72821f
浙江,嘉兴,嘉善县,浙江,嘉兴,嘉善县,high,exact-city-alias,1564,job_005645,https://jobs.51job.com/jiaxing-jsx/171581337.html?s=sou_sou_soulb&t=0_0&req=0bcd7ecbb8c10cd966c70e7739685bd9
广东,东莞,大岭山镇,广东,东莞,大岭山镇,high,exact-city-alias,1556,job_001892,https://jobs.51job.com/dongguan-dlsz/170840014.html?s=sou_sou_soulb&t=0_0&req=80c3ec4003521e563e9f6815e843820f
江苏,南京,栖霞区,江苏,南京,栖霞区,high,exact-city-alias,1539,job_004002,https://jobs.51job.com/nanjing-qxq/171168879.html?s=sou_sou_soulb&t=0_0&req=4fb0fb84a4942b0c853a8ea19c919720
贵州,贵阳,,贵州,贵阳,,high,exact-city-alias,1538,job_008157,https://jobs.51job.com/guiyang/163940659.html?s=sou_sou_soulb&t=0_0&req=8fc364855997af9dfb24f4823506e3a2
安徽,合肥,高新区,安徽,合肥,高新区,high,exact-city-alias,1527,job_006796,https://jobs.51job.com/hefei-gxq/171096083.html?s=sou_sou_soulb&t=0_0&req=438aa1e02e3d1521ebaf4547b54fb9ec
广东,清远,清城区,广东,清远,清城区,high,exact-city-alias,1508,job_002628,https://jobs.51job.com/qingyuan-qcq/171270647.html?s=sou_sou_soulb&t=0_0&req=0033b3559af545ef0e2fd11017e9a4d7
广东,东莞,大朗镇,广东,东莞,大朗镇,high,exact-city-alias,1506,job_001866,https://jobs.51job.com/dongguan-dlz/171072820.html?s=sou_sou_soulb&t=0_0&req=a946f27531e9f76a9efe47305dbb80d3
广东,东莞,清溪镇,广东,东莞,清溪镇,high,exact-city-alias,1504,job_001913,https://jobs.51job.com/dongguan-qxz/160164622.html?s=sou_sou_soulb&t=0_0&req=80c3ec4003521e563e9f6815e843820f
江苏,南通,通州区,江苏,南通,通州区,high,exact-city-alias,1502,job_005527,https://jobs.51job.com/nantong-tzq/171561276.html?s=sou_sou_soulb&t=0_0&req=44f20d73565cf144da99db82a572c244
江苏,南京,秦淮区,江苏,南京,秦淮区,high,exact-city-alias,1477,job_004028,https://jobs.51job.com/nanjing-qhq/171063988.html?s=sou_sou_soulb&t=0_0&req=4fb0fb84a4942b0c853a8ea19c919720
重庆,重庆,沙坪坝区,重庆,重庆,沙坪坝区,high,exact-city-alias,1469,job_003840,https://jobs.51job.com/chongqing-spbq/171408582.html?s=sou_sou_soulb&t=0_0&req=90034b182fc29c92c3ea7530d30db53b
江苏,南京,雨花台区,江苏,南京,雨花台区,high,exact-city-alias,1463,job_003987,https://jobs.51job.com/nanjing-yhtq/151330037.html?s=sou_sou_soulb&t=0_0&req=4fb0fb84a4942b0c853a8ea19c919720
江苏,南京,玄武区,江苏,南京,玄武区,high,exact-city-alias,1463,job_003998,https://jobs.51job.com/nanjing-xwq/171133035.html?s=sou_sou_soulb&t=0_0&req=4fb0fb84a4942b0c853a8ea19c919720
陕西,西安,未央区,陕西,西安,未央区,high,exact-city-alias,1451,job_007784,https://jobs.51job.com/xian-wyq/170046920.html?s=sou_sou_soulb&t=0_0&req=d39bf751ee95785621b4bcbdd616430c
江苏,苏州,姑苏区,江苏,苏州,姑苏区,high,exact-city-alias,1443,job_004354,https://jobs.51job.com/suzhou-gsq/169682802.html?s=sou_sou_soulb&t=0_0&req=2f78c8bcc5b26a8487b3bf20b01c20c1
江苏,常州,钟楼区,江苏,常州,钟楼区,high,exact-city-alias,1442,job_005352,https://jobs.51job.com/changzhou-zlq/171386113.html?s=sou_sou_soulb&t=0_0&req=f999bd2c01d2d4b09044548d102a0be5
重庆,重庆,九龙坡区,重庆,重庆,九龙坡区,high,exact-city-alias,1418,job_003843,https://jobs.51job.com/chongqing-jlpq/171280852.html?s=sou_sou_soulb&t=0_0&req=90034b182fc29c92c3ea7530d30db53b
浙江,嘉兴,平湖市,浙江,嘉兴,平湖市,high,exact-city-alias,1417,job_005675,https://jobs.51job.com/jiaxing-phs/171153657.html?s=sou_sou_soulb&t=0_0&req=0bcd7ecbb8c10cd966c70e7739685bd9
山西,太原,,山西,太原,,high,exact-city-alias,1401,job_007926,https://jobs.51job.com/taiyuan/138791670.html?s=sou_sou_soulb&t=0_0&req=9261977793182cff61e4e464f603f9a9
重庆,重庆,渝中区,重庆,重庆,渝中区,high,exact-city-alias,1398,job_003838,https://jobs.51job.com/chongqing-yzq/120022006.html?s=sou_sou_soulb&t=0_0&req=90034b182fc29c92c3ea7530d30db53b
湖北,武汉,硚口区,湖北,武汉,硚口区,high,exact-city-alias,1380,job_007131,https://jobs.51job.com/wuhan-qkq/171659314.html?s=sou_sou_soulb&t=0_0&req=6b0892166965cee51d9887a5cdd87b5a
广东,东莞,黄江镇,广东,东莞,黄江镇,high,exact-city-alias,1343,job_002070,https://jobs.51job.com/dongguan-hj/171344739.html?s=sou_sou_soulb&t=0_0&req=6c6f480dabbbdcd11b402fc393062c59
浙江,宁波,高新区,浙江,宁波,高新区,high,exact-city-alias,1305,job_005691,https://jobs.51job.com/ningbo-gx/171496867.html?s=sou_sou_soulb&t=0_0&req=98c2aeb809c0a47b2625fffa4727b318
广东,江门,,广东,江门,,high,exact-city-alias,1301,job_002601,https://jobs.51job.com/jiangmen/170981762.html?s=sou_sou_soulb&t=0_0&req=1e21b32190f3b072784d350dac151ee4
北京,北京,东城区,北京,北京,东城区,high,exact-city-alias,1295,job_000126,https://jobs.51job.com/beijing-dcq/169909842.html?s=sou_sou_soulb&t=0_0&req=60ca2ffeae6bcecc36b6367c057cdeb8
安徽,合肥,经开区,安徽,合肥,经开区,high,exact-city-alias,1284,job_006823,https://jobs.51job.com/hefei-jkq/170795735.html?s=sou_sou_soulb&t=0_0&req=691ba960ae82a200b7e8aea75dc1d411
江苏,无锡,宜兴市,江苏,无锡,宜兴市,high,exact-city-alias,1274,job_005189,https://jobs.51job.com/wuxi-yxs/169102355.html?s=sou_sou_soulb&t=0_0&req=87d3e84657d5cb7891769952ada5c60b
浙江,温州,,浙江,温州,,high,exact-city-alias,1257,job_005761,https://jobs.51job.com/wenzhou/170560455.html?s=sou_sou_soulb&t=0_0&req=80e7a95737c2b443cd4650410e471193
广东,珠海,珠海高新区,广东,珠海,珠海高新区,high,exact-city-alias,1251,job_002166,https://jobs.51job.com/zhuhai-zhgx/171614476.html?s=sou_sou_soulb&t=0_0&req=e14bca5788d386adc849ac26f4622448
浙江,宁波,奉化区,浙江,宁波,奉化区,high,exact-city-alias,1249,job_009932,https://jobs.51job.com/ningbo-fhq/171320879.html?s=sou_sou_soulb&t=0_0&req=e9edf803fa3bb554e4fa2e636aad90ae
江苏,常州,溧阳市,江苏,常州,溧阳市,high,exact-city-alias,1246,job_005396,https://jobs.51job.com/changzhou-lys/170865080.html?s=sou_sou_soulb&t=0_0&req=f999bd2c01d2d4b09044548d102a0be5
江苏,南京,江北新区,江苏,南京,江北新区,high,exact-city-alias,1243,job_003997,https://jobs.51job.com/nanjing-jbxq/171422045.html?s=sou_sou_soulb&t=0_0&req=4fb0fb84a4942b0c853a8ea19c919720
广东,东莞,凤岗镇,广东,东莞,凤岗镇,high,exact-city-alias,1242,job_001907,https://jobs.51job.com/dongguan-fgz/167594502.html?s=sou_sou_soulb&t=0_0&req=80c3ec4003521e563e9f6815e843820f
陕西,西安,高新技术产业开发区,陕西,西安,高新技术产业开发区,high,exact-city-alias,1223,job_007799,https://jobs.51job.com/xian-gxjs/171565765.html?s=sou_sou_soulb&t=0_0&req=d39bf751ee95785621b4bcbdd616430c
江苏,徐州,,江苏,徐州,,high,exact-city-alias,1221,job_005579,https://jobs.51job.com/xuzhou/161253307.html?s=sou_sou_soulb&t=0_0&req=e62fd625dd81f3318d2f3db1b1f33d0a
黑龙江,哈尔滨,,黑龙江,哈尔滨,,high,exact-city-alias,1202,job_007932,https://jobs.51job.com/harbin/169833330.html?s=sou_sou_soulb&t=0_0&req=4f6c5cd0449bdc71eacb934c0f062029
四川,成都,温江区,四川,成都,温江区,high,exact-city-alias,1170,job_006187,https://jobs.51job.com/chengdu-wjq/169595977.html?s=sou_sou_soulb&t=0_0&req=60a5c2805641692fcae5e74872595e55
安徽,滁州,,安徽,滁州,,high,exact-city-alias,1169,job_006782,https://jobs.51job.com/chuzhou/171369473.html?s=sou_sou_soulb&t=0_0&req=438aa1e02e3d1521ebaf4547b54fb9ec
湖南,长沙,雨花区,湖南,长沙,雨花区,high,exact-city-alias,1167,job_007637,https://jobs.51job.com/changsha-yhq/156971526.html?s=sou_sou_soulb&t=0_0&req=d1d0d05b398a90240b491b32f9ee423c
广东,广州,从化区,广东,广州,从化区,high,exact-city-alias,1166,job_001379,https://jobs.51job.com/guangzhou-chq/171625342.html?s=sou_sou_soulb&t=0_0&req=50cd477752152299424fa76c834b3a61
云南,昆明,呈贡区,云南,昆明,呈贡区,high,exact-city-alias,1123,job_008088,https://jobs.51job.com/kunming-cgq/171665685.html?s=sou_sou_soulb&t=0_0&req=285fe2946d59c8345e3737661d2dc296
广东,珠海,斗门区,广东,珠海,斗门区,high,exact-city-alias,1122,job_002160,https://jobs.51job.com/zhuhai-dmq/171545479.html?s=sou_sou_soulb&t=0_0&req=e14bca5788d386adc849ac26f4622448
吉林,长春,,吉林,长春,,high,exact-city-alias,1099,job_008080,https://schaeffler.51job.com/jobdetail.html?jobid=169759958
北京,北京,西城区,北京,北京,西城区,high,exact-city-alias,1097,job_000006,https://jobs.51job.com/beijing-xcq/171605505.html?s=sou_sou_soulb&t=0_0&req=0949676080f5f0934c4c3b057039b46f
安徽,合肥,肥西县,安徽,合肥,肥西县,high,exact-city-alias,1085,job_006777,https://jobs.51job.com/hefei-fxx/171528813.html?s=sou_sou_soulb&t=0_0&req=438aa1e02e3d1521ebaf4547b54fb9ec
湖北,武汉,黄陂区,湖北,武汉,黄陂区,high,exact-city-alias,1085,job_007513,https://jobs.51job.com/wuhan-hpq/170525585.html?s=sou_sou_soulb&t=0_0&req=b64e0ad9aae23d3278684cdba9fdc600
浙江,嘉兴,桐乡市,浙江,嘉兴,桐乡市,high,exact-city-alias,1079,job_005731,https://jobs.51job.com/jiaxing-txs/157294896.html?s=sou_sou_soulb&t=0_0&req=80e7a95737c2b443cd4650410e471193
广东,东莞,横沥镇,广东,东莞,横沥镇,high,exact-city-alias,1075,job_001824,https://jobs.51job.com/dongguan-hlz/165084409.html?s=sou_sou_soulb&t=0_0&req=a946f27531e9f76a9efe47305dbb80d3
江苏,扬州,,江苏,扬州,,high,exact-city-alias,1073,job_005498,https://jobs.51job.com/yangzhou/171576342.html?s=sou_sou_soulb&t=0_0&req=6d0bcf44b4c0ee0c1e5e7a04bf32a85a
甘肃,兰州,,甘肃,兰州,,high,exact-city-alias,1057,job_008166,https://jobs.51job.com/lanzhou/170780138.html?s=sou_sou_soulb&t=0_0&req=151199a23ed44bed05ec0c54c2ffd189
广东,江门,蓬江区,广东,江门,蓬江区,high,exact-city-alias,1043,job_002610,https://jobs.51job.com/jiangmen-pjq/168178433.html?s=sou_sou_soulb&t=0_0&req=1e21b32190f3b072784d350dac151ee4
湖北,孝感,,湖北,孝感,,high,exact-city-alias,1039,job_007399,https://jobs.51job.com/xiaogan/125798761.html?s=sou_sou_soulb&t=0_0&req=e55dea60baa022a4d8aace2e46a8e7d7
江苏,常州,天宁区,江苏,常州,天宁区,high,exact-city-alias,1039,job_005376,https://jobs.51job.com/changzhou-tnq/170382313.html?s=sou_sou_soulb&t=0_0&req=f999bd2c01d2d4b09044548d102a0be5
江苏,南通,启东市,江苏,南通,启东市,high,exact-city-alias,1034,job_005547,https://jobs.51job.com/nantong-qds/170987743.html?s=sou_sou_soulb&t=0_0&req=44f20d73565cf144da99db82a572c244
浙江,嘉兴,秀洲区,浙江,嘉兴,秀洲区,high,exact-city-alias,1021,job_005665,https://jobs.51job.com/jiaxing-xzq/171502639.html?s=sou_sou_soulb&t=0_0&req=0bcd7ecbb8c10cd966c70e7739685bd9
江苏,南京,溧水区,江苏,南京,溧水区,high,exact-city-alias,1008,job_004091,https://jobs.51job.com/nanjing-lsq/171308179.html?s=sou_sou_soulb&t=0_0&req=126ea4799edff4423eb89a666915b70c
江苏,南通,海门区,江苏,南通,海门区,high,exact-city-alias,1006,job_005523,https://jobs.51job.com/nantong-hmq/171607113.html?s=sou_sou_soulb&t=0_0&req=44f20d73565cf144da99db82a572c244
新疆,乌鲁木齐,,新疆,乌鲁木齐,,high,exact-city-alias,1002,job_008179,https://jobs.51job.com/wulumuqi/170741854.html?s=sou_sou_soulb&t=0_0&req=c9f55dde2be2b5e15199f501c8cbcb6c
河南,郑州,金水区,河南,郑州,金水区,high,exact-city-alias,1002,job_007041,https://jobs.51job.com/jinshuiqu/171547017.html?s=sou_sou_soulb&t=0_0&req=8468dee840d7c61d0a3dfc1ebcbed152
广东,肇庆,四会市,广东,肇庆,四会市,high,exact-city-alias,999,job_002620,https://jobs.51job.com/zhaoqing-shs/171652425.html?s=sou_sou_soulb&t=0_0&req=81be04c9fa3bfd40cf9fd9865be3a5b2
江苏,南通,如皋市,江苏,南通,如皋市,high,exact-city-alias,995,job_005520,https://jobs.51job.com/nantong-rgs/171670080.html?s=sou_sou_soulb&t=0_0&req=44f20d73565cf144da99db82a572c244
重庆,重庆,南岸区,重庆,重庆,南岸区,high,exact-city-alias,988,job_003865,https://jobs.51job.com/chongqing-naq/171575377.html?s=sou_sou_soulb&t=0_0&req=90034b182fc29c92c3ea7530d30db53b
天津,天津,滨海新区,天津,天津,滨海新区,high,exact-city-alias,962,job_003776,https://jobs.51job.com/tianjin-bhxq/171523498.html?s=sou_sou_soulb&t=0_0&req=335e47a8f46b2a46eef4b92d9eed9eaa
广东,中山,火炬开发区,广东,中山,火炬开发区,high,exact-city-alias,955,job_002537,https://jobs.51job.com/zhongshan-hj/171570187.html?s=sou_sou_soulb&t=0_0&req=cb1882c9e5163bb25021626e8d90b59f
浙江,金华,,浙江,金华,,high,exact-city-alias,951,job_005635,https://jobs.51job.com/jinhua/171651236.html?s=sou_sou_soulb&t=0_0&req=0bcd7ecbb8c10cd966c70e7739685bd9
四川,成都,新都区,四川,成都,新都区,high,exact-city-alias,941,job_010209,https://jobs.51job.com/chengdu-xdq/157086451.html?s=sou_sou_soulb&t=0_0&req=fabc83e4a94e95e19ff4d624a7138e3a
广东,江门,新会区,广东,江门,新会区,high,exact-city-alias,940,job_002613,https://jobs.51job.com/jiangmen-xhq/171014619.html?s=sou_sou_soulb&t=0_0&req=1e21b32190f3b072784d350dac151ee4
浙江,湖州,吴兴区,浙江,湖州,吴兴区,high,exact-city-alias,940,job_005667,https://jobs.51job.com/huzhou-wxq/166563548.html?s=sou_sou_soulb&t=0_0&req=0bcd7ecbb8c10cd966c70e7739685bd9
广东,东莞,谢岗镇,广东,东莞,谢岗镇,high,exact-city-alias,932,job_001853,https://jobs.51job.com/dongguan-xgz/169970262.html?s=sou_sou_soulb&t=0_0&req=a946f27531e9f76a9efe47305dbb80d3
浙江,湖州,,浙江,湖州,,high,exact-city-alias,931,job_005774,https://jobs.51job.com/huzhou/171243101.html?s=sou_sou_soulb&t=0_0&req=80e7a95737c2b443cd4650410e471193
浙江,海宁,,浙江,海宁,,high,51job-area-alias,929,job_005737,https://jobs.51job.com/haining/170627868.html?s=sou_sou_soulb&t=0_0&req=80e7a95737c2b443cd4650410e471193
湖南,长沙,开福区,湖南,长沙,开福区,high,exact-city-alias,922,job_007633,https://jobs.51job.com/changsha-kfq/165751457.html?s=sou_sou_soulb&t=0_0&req=d1d0d05b398a90240b491b32f9ee423c
广东,东莞,东坑镇,广东,东莞,东坑镇,high,exact-city-alias,920,job_001878,https://jobs.51job.com/dongguan-dkz/170921814.html?s=sou_sou_soulb&t=0_0&req=80c3ec4003521e563e9f6815e843820f
湖南,长沙,芙蓉区,湖南,长沙,芙蓉区,high,exact-city-alias,915,job_007638,https://jobs.51job.com/changsha-frq/171535580.html?s=sou_sou_soulb&t=0_0&req=d1d0d05b398a90240b491b32f9ee423c
广东,东莞,石排镇,广东,东莞,石排镇,high,exact-city-alias,914,job_001901,https://jobs.51job.com/dongguan-spz/170957514.html?s=sou_sou_soulb&t=0_0&req=80c3ec4003521e563e9f6815e843820f
河南,郑州,管城回族区,河南,郑州,管城回族区,high,exact-city-alias,913,job_007027,https://jobs.51job.com/guanchenghuizuqu/169778429.html?s=sou_sou_soulb&t=0_0&req=8468dee840d7c61d0a3dfc1ebcbed152
江苏,镇江,,江苏,镇江,,high,exact-city-alias,912,job_005573,https://jobs.51job.com/zhenjiang/131458398.html?s=sou_sou_soulb&t=0_0&req=9c0e4a474c2aeb152c721f00f6e331bf
浙江,嘉兴,海盐县,浙江,嘉兴,海盐县,high,exact-city-alias,911,job_005801,https://jobs.51job.com/jiaxing-hyx/170833466.html?s=sou_sou_soulb&t=0_0&req=edb31405368b32b4586f08c7d90a4c0f
北京,北京,昌平区,北京,北京,昌平区,high,exact-city-alias,910,job_000022,https://jobs.51job.com/beijing-cpq/170011909.html?s=sou_sou_soulb&t=0_0&req=0949676080f5f0934c4c3b057039b46f
浙江,义乌,,浙江,义乌,,high,51job-area-alias,880,job_010088,https://jobs.51job.com/yiwu/171423656.html?s=sou_sou_soulb&t=0_0&req=b8a09e16f8ae615cd40b5a535620c64e
浙江,台州,,浙江,台州,,high,exact-city-alias,869,job_015582,https://jobs.51job.com/taizhoue/168966207.html?s=sou_sou_soulb&t=0_0&req=f98af96a656c0e14dfa0869c92e6e866
浙江,杭州,富阳区,浙江,杭州,富阳区,high,exact-city-alias,869,job_005754,https://jobs.51job.com/hangzhou-fyq/171535232.html?s=sou_sou_soulb&t=0_0&req=80e7a95737c2b443cd4650410e471193
北京,北京,通州区,北京,北京,通州区,high,exact-city-alias,863,job_000029,https://jobs.51job.com/beijing-tzq/171498408.html?s=sou_sou_soulb&t=0_0&req=0949676080f5f0934c4c3b057039b46f
内蒙古,呼和浩特,,内蒙古,呼和浩特,,high,exact-city-alias,863,job_008172,https://jobs.51job.com/huhhot/163940656.html?s=sou_sou_soulb&t=0_0&req=2df14fc16087e045386648d8604792f2
福建,泉州,,福建,泉州,,high,exact-city-alias,853,job_006521,https://jobs.51job.com/quanzhou/171064984.html?s=sou_sou_soulb&t=0_0&req=3b5fc5d5199b102a0f5a0ad878bfb85d
江苏,扬州,邗江区,江苏,扬州,邗江区,high,exact-city-alias,851,job_005499,https://jobs.51job.com/yangzhou-hjq/169717592.html?s=sou_sou_soulb&t=0_0&req=6d0bcf44b4c0ee0c1e5e7a04bf32a85a
江西,吉安,,江西,吉安,,high,exact-city-alias,849,job_006656,https://jobs.51job.com/jian/171640094.html?s=sou_sou_soulb&t=0_0&req=c3f9bf16c92fd67fff6ba2a1ab89af25
广东,佛山,高明区,广东,佛山,高明区,high,exact-city-alias,847,job_002328,https://jobs.51job.com/foshan-gmq/171245352.html?s=sou_sou_soulb&t=0_0&req=752db80933022e02425d90c0b399643e
山东,济南,历下区,山东,济南,历下区,high,exact-city-alias,845,job_006553,https://jobs.51job.com/jinan-lxq/171474945.html?s=sou_sou_soulb&t=0_0&req=49fa21f4a13df9e7f28418008970f854
浙江,绍兴,越城区,浙江,绍兴,越城区,high,exact-city-alias,842,job_005814,https://jobs.51job.com/shaoxing-ycq/163512873.html?s=sou_sou_soulb&t=0_0&req=edb31405368b32b4586f08c7d90a4c0f
江苏,南京,六合区,江苏,南京,六合区,high,exact-city-alias,841,job_004032,https://jobs.51job.com/nanjing-lhq/169655583.html?s=sou_sou_soulb&t=0_0&req=4fb0fb84a4942b0c853a8ea19c919720
江西,九江,,江西,九江,,high,exact-city-alias,836,job_006666,https://jobs.51job.com/jiujiang/166942008.html?s=sou_sou_soulb&t=0_0&req=c3f9bf16c92fd67fff6ba2a1ab89af25
广东,东莞,万江区,广东,东莞,万江区,high,exact-city-alias,833,job_001836,https://jobs.51job.com/dongguan-wjq/171515919.html?s=sou_sou_soulb&t=0_0&req=a946f27531e9f76a9efe47305dbb80d3
辽宁,沈阳,浑南区,辽宁,沈阳,浑南区,high,exact-city-alias,828,job_007941,https://jobs.51job.com/shenyang-hnq/171631679.html?s=sou_sou_soulb&t=0_0&req=e1b1b71554bb5199b3e777db2b72821f
山东,青岛,黄岛区,山东,青岛,黄岛区,high,exact-city-alias,825,job_006556,https://jobs.51job.com/qingdao-hdq/171010304.html?s=sou_sou_soulb&t=0_0&req=49fa21f4a13df9e7f28418008970f854
广东,清远,,广东,清远,,high,exact-city-alias,823,job_002630,https://jobs.51job.com/qingyuan/170279144.html?s=sou_sou_soulb&t=0_0&req=0033b3559af545ef0e2fd11017e9a4d7
,广东省,,广东,,,low,province-only-city-source,813,job_009013,https://jobs.51job.com/all/171632916.html?s=sou_sou_soulb&t=0_0&req=44774278b1213b19831ee11e60479e78
山东,青岛,市南区,山东,青岛,市南区,high,exact-city-alias,811,job_006606,https://jobs.51job.com/qingdao-snq/86757162.html?s=sou_sou_soulb&t=0_0&req=ec3d23181e884f6e354727f6abc0ef9d
广东,惠州,大亚湾区,广东,惠州,大亚湾区,high,exact-city-alias,808,job_002479,https://jobs.51job.com/huizhou-dywq/169214219.html?s=sou_sou_soulb&t=0_0&req=435f444b4871de2b1b1becfe9e9d45c8
广西,桂林,,广西,桂林,,high,exact-city-alias,802,job_006708,https://jobs.51job.com/guilin/167984092.html?s=sou_sou_soulb&t=0_0&req=bc8e1b2747700688a25d4e87885bfb36
湖北,武汉,青山区,湖北,武汉,青山区,high,exact-city-alias,795,job_007129,https://jobs.51job.com/wuhan-qsq/171156658.html?s=sou_sou_soulb&t=0_0&req=6b0892166965cee51d9887a5cdd87b5a
辽宁,营口,,辽宁,营口,,high,exact-city-alias,794,job_008279,https://jobs.51job.com/yingkou/152015002.html?s=sou_sou_soulb&t=0_1&req=69c43d4070a2b3f2e697a277bf69a000
安徽,马鞍山,,安徽,马鞍山,,high,exact-city-alias,791,job_006888,https://jobs.51job.com/maanshan/171229033.html?s=sou_sou_soulb&t=0_0&req=abf6b693e7a904c2f7e4e24033549fe9
湖北,武汉,汉南区,湖北,武汉,汉南区,high,exact-city-alias,789,job_007357,https://jobs.51job.com/wuhan-hnq/171212142.html?s=sou_sou_soulb&t=0_0&req=fdbdc3612f5c68548ad6f2ccf7c82ab5
江苏,泰州,,江苏,泰州,,high,exact-city-alias,786,job_005609,https://jobs.51job.com/taizhou/171242799.html?s=sou_sou_soulb&t=0_0&req=3e75a6a6b993f16a4806685ce0ec5e85
湖北,襄阳,,湖北,襄阳,,high,exact-city-alias,784,job_007404,https://jobs.51job.com/xiangyang/157092301.html?s=sou_sou_soulb&t=0_0&req=e55dea60baa022a4d8aace2e46a8e7d7
山东,青岛,城阳区,山东,青岛,城阳区,high,exact-city-alias,780,job_006552,https://jobs.51job.com/qingdao-cyq/170822231.html?s=sou_sou_soulb&t=0_0&req=49fa21f4a13df9e7f28418008970f854
广东,东莞,桥头镇,广东,东莞,桥头镇,high,exact-city-alias,773,job_001956,https://jobs.51job.com/dongguan-qtz/165851756.html?s=sou_sou_soulb&t=0_0&req=62895841fd93e023f6a12fd3dcae9371
辽宁,沈阳,铁西区,辽宁,沈阳,铁西区,high,exact-city-alias,771,job_007969,https://jobs.51job.com/shenyang-txq/160488965.html?s=sou_sou_soulb&t=0_0&req=e1b1b71554bb5199b3e777db2b72821f
广东,江门,江海区,广东,江门,江海区,high,exact-city-alias,766,job_002605,https://jobs.51job.com/jiangmen-jhq/170939181.html?s=sou_sou_soulb&t=0_0&req=1e21b32190f3b072784d350dac151ee4
江苏,盐城,,江苏,盐城,,high,exact-city-alias,765,job_005604,https://jobs.51job.com/yancheng/170884548.html?s=sou_sou_soulb&t=0_0&req=418ea2dd457ea3ed72c0a0a0798b078c
湖南,湘潭,,湖南,湘潭,,high,exact-city-alias,762,job_007695,https://jobs.51job.com/xiangtan/170212124.html?s=sou_sou_soulb&t=0_0&req=8800fe59132741c82c6ebb041f623abe
广东,肇庆,,广东,肇庆,,high,exact-city-alias,762,job_002625,https://jobs.51job.com/zhaoqing/169575642.html?s=sou_sou_soulb&t=0_0&req=81be04c9fa3bfd40cf9fd9865be3a5b2
河北,保定,,河北,保定,,high,exact-city-alias,760,job_007007,https://jobs.51job.com/baoding/167995896.html?s=sou_sou_soulb&t=0_0&req=90054f74abfc5b504146f32061ab66f5
浙江,湖州,长兴县,浙江,湖州,长兴县,high,exact-city-alias,760,job_005727,https://jobs.51job.com/huzhou-cxx/170432811.html?s=sou_sou_soulb&t=0_0&req=98c2aeb809c0a47b2625fffa4727b318
浙江,宁波,宁海县,浙江,宁波,宁海县,high,exact-city-alias,755,job_005856,https://jobs.51job.com/ningbo-nhx/171410334.html?s=sou_sou_soulb&t=0_0&req=418f632f950842e755613af2e84e09bf
四川,宜宾,,四川,宜宾,,high,exact-city-alias,755,job_006238,https://jobs.51job.com/yibin/171100992.html?s=sou_sou_soulb&t=0_0&req=8b9491fc03e716a4379a333155f3d106
四川,成都,天府新区,四川,成都,天府新区,high,exact-city-alias,754,job_006161,https://jobs.51job.com/chengdu-tfxq/171296730.html?s=sou_sou_soulb&t=0_0&req=60a5c2805641692fcae5e74872595e55
浙江,温州,乐清市,浙江,温州,乐清市,high,exact-city-alias,754,job_005854,https://jobs.51job.com/wenzhou-yqs/157224434.html?s=sou_sou_soulb&t=0_0&req=418f632f950842e755613af2e84e09bf
安徽,芜湖,弋江区,安徽,芜湖,弋江区,high,exact-city-alias,754,job_006776,https://jobs.51job.com/wuhu-yjq/171567627.html?s=sou_sou_soulb&t=0_0&req=438aa1e02e3d1521ebaf4547b54fb9ec
海南,海口,,海南,海口,,high,exact-city-alias,745,job_006465,https://jobs.51job.com/haikou/171458960.html?s=sou_sou_soulb&t=0_0&req=e3a161ee55dc193b46c4008f2a82258a
河北,廊坊,,河北,廊坊,,high,exact-city-alias,743,job_010466,https://jobs.51job.com/langfang/171459174.html?s=sou_sou_soulb&t=0_0&req=88e87e53f2261bd96f27ff6af35650bb
宁夏,银川,,宁夏,银川,,high,exact-city-alias,737,job_008176,https://jobs.51job.com/yinchuan/170848865.html?s=sou_sou_soulb&t=0_0&req=692c2530c6a097f49715d20865c10377
广西,南宁,青秀区,广西,南宁,青秀区,high,exact-city-alias,733,job_006717,https://jobs.51job.com/nanning-qxq/168758788.html?s=sou_sou_soulb&t=0_0&req=bc8e1b2747700688a25d4e87885bfb36
广东,河源,,广东,河源,,high,exact-city-alias,733,job_014354,https://jobs.51job.com/heyuan/171005587.html?s=sou_sou_soulb&t=0_0&req=7faae0180f78372d07cc11b0decfa665
湖北,宜昌,,湖北,宜昌,,high,exact-city-alias,726,job_007389,https://jobs.51job.com/yichang/170100560.html?s=sou_sou_soulb&t=0_0&req=e55dea60baa022a4d8aace2e46a8e7d7
福建,厦门,思明区,福建,厦门,思明区,high,exact-city-alias,714,job_006510,https://jobs.51job.com/xiamen-smq/169487165.html?s=sou_sou_soulb&t=0_0&req=3b5fc5d5199b102a0f5a0ad878bfb85d
浙江,绍兴,,浙江,绍兴,,high,exact-city-alias,714,job_005796,https://jobs.51job.com/shaoxing/169438591.html?s=sou_sou_soulb&t=0_0&req=edb31405368b32b4586f08c7d90a4c0f
湖南,长沙,望城区,湖南,长沙,望城区,high,exact-city-alias,705,job_007624,https://jobs.51job.com/changsha-wcq/171563896.html?s=sou_sou_soulb&t=0_0&req=d1d0d05b398a90240b491b32f9ee423c
湖南,长沙,天心区,湖南,长沙,天心区,high,exact-city-alias,701,job_007643,https://jobs.51job.com/changsha-txq/154809156.html?s=sou_sou_soulb&t=0_0&req=d1d0d05b398a90240b491b32f9ee423c
四川,绵阳,,四川,绵阳,,high,exact-city-alias,698,job_006263,https://jobs.51job.com/mianyang/171286746.html?s=sou_sou_soulb&t=0_0&req=d85f459dcf12f6a0f62b55be1f73687c
陕西,西安,长安区,陕西,西安,长安区,high,exact-city-alias,693,job_007790,https://jobs.51job.com/xian-caq/170600340.html?s=sou_sou_soulb&t=0_0&req=d39bf751ee95785621b4bcbdd616430c
,江苏省,,江苏,,,low,province-only-city-source,691,job_009781,https://jobs.51job.com/all/171418725.html?s=sou_sou_soulb&t=0_0&req=7135e4d2e0c6fe23832b923a36886b7f
北京,北京,顺义区,北京,北京,顺义区,high,exact-city-alias,680,job_000061,https://jobs.51job.com/beijing-syq/171479859.html?s=sou_sou_soulb&t=0_0&req=65db290ec74d0f1830403b24f5884710
重庆,重庆,北碚区,重庆,重庆,北碚区,high,exact-city-alias,675,job_003835,https://jobs.51job.com/chongqing-bbq/169309495.html?s=sou_sou_soulb&t=0_0&req=90034b182fc29c92c3ea7530d30db53b
广东,东莞,企石镇,广东,东莞,企石镇,high,exact-city-alias,673,job_002051,https://jobs.51job.com/dongguan-qsz/169133970.html?s=sou_sou_soulb&t=0_0&req=e03df02f8237781955982a02a76a5e2c
江苏,宿迁,,江苏,宿迁,,high,exact-city-alias,673,job_005626,https://jobs.51job.com/suqian/168977300.html?s=sou_sou_soulb&t=0_0&req=0504c1a11ce7be93144109a81d013583
湖北,咸宁,,湖北,咸宁,,high,exact-city-alias,667,job_007348,https://jobs.51job.com/xianning/153260550.html?s=sou_sou_soulb&t=0_0&req=fdbdc3612f5c68548ad6f2ccf7c82ab5
江西,赣州,,江西,赣州,,high,exact-city-alias,663,job_006657,https://jobs.51job.com/ganzhou/140499373.html?s=sou_sou_soulb&t=0_0&req=c3f9bf16c92fd67fff6ba2a1ab89af25
天津,天津,西青区,天津,天津,西青区,high,exact-city-alias,662,job_003781,https://jobs.51job.com/tianjin-xqq/171481500.html?s=sou_sou_soulb&t=0_0&req=335e47a8f46b2a46eef4b92d9eed9eaa
河南,南阳,,河南,南阳,,high,exact-city-alias,658,job_007057,https://jobs.51job.com/nanyang/171664021.html?s=sou_sou_soulb&t=0_0&req=8468dee840d7c61d0a3dfc1ebcbed152
广东,中山,小榄镇,广东,中山,小榄镇,high,exact-city-alias,655,job_002542,https://jobs.51job.com/zhongshan-xlz/168639690.html?s=sou_sou_soulb&t=0_0&req=cb1882c9e5163bb25021626e8d90b59f
安徽,合肥,瑶海区,安徽,合肥,瑶海区,high,exact-city-alias,655,job_006785,https://jobs.51job.com/hefei-yhq/170879550.html?s=sou_sou_soulb&t=0_0&req=438aa1e02e3d1521ebaf4547b54fb9ec
河南,洛阳,,河南,洛阳,,high,exact-city-alias,654,job_007076,https://jobs.51job.com/luoyang/171249576.html?s=sou_sou_soulb&t=0_0&req=c35af8d3ee66871094dd3cd424c020d9
,浙江省,,浙江,,,low,province-only-city-source,650,job_010067,https://jobs.51job.com/all/171490951.html?s=sou_sou_soulb&t=0_0&req=b8a09e16f8ae615cd40b5a535620c64e
广东,东莞,麻涌镇,广东,东莞,麻涌镇,high,exact-city-alias,642,job_001851,https://jobs.51job.com/dongguan-mcz/171570764.html?s=sou_sou_soulb&t=0_0&req=a946f27531e9f76a9efe47305dbb80d3
江西,南昌,青山湖区,江西,南昌,青山湖区,high,exact-city-alias,642,job_006662,https://jobs.51job.com/nanchang-qshq/168693829.html?s=sou_sou_soulb&t=0_0&req=c3f9bf16c92fd67fff6ba2a1ab89af25
江西,南昌,南昌县,江西,南昌,南昌县,high,exact-city-alias,642,job_006665,https://jobs.51job.com/nanchang-ncx/165325324.html?s=sou_sou_soulb&t=0_0&req=c3f9bf16c92fd67fff6ba2a1ab89af25
云南,曲靖,,云南,曲靖,,high,exact-city-alias,642,job_008093,https://jobs.51job.com/qujing/170825790.html?s=sou_sou_soulb&t=0_0&req=285fe2946d59c8345e3737661d2dc296
广东,江门,鹤山市,广东,江门,鹤山市,high,exact-city-alias,641,job_002603,https://jobs.51job.com/jiangmen-hss/171505131.html?s=sou_sou_soulb&t=0_0&req=1e21b32190f3b072784d350dac151ee4
山东,烟台,,山东,烟台,,high,exact-city-alias,641,job_006597,https://jobs.51job.com/yantai/163801674.html?s=sou_sou_soulb&t=0_0&req=49fa21f4a13df9e7f28418008970f854
江苏,淮安,,江苏,淮安,,high,exact-city-alias,636,job_005618,https://jobs.51job.com/huaian/171666747.html?s=sou_sou_soulb&t=0_0&req=7c6e4ea859d1a6f945607ec5df33dbf2
重庆,重庆,巴南区,重庆,重庆,巴南区,high,exact-city-alias,635,job_003841,https://jobs.51job.com/chongqing-bnq/171400089.html?s=sou_sou_soulb&t=0_0&req=90034b182fc29c92c3ea7530d30db53b
陕西,西安,莲湖区,陕西,西安,莲湖区,high,exact-city-alias,633,job_007767,https://jobs.51job.com/xian-lhq/170814146.html?s=sou_sou_soulb&t=0_0&req=d39bf751ee95785621b4bcbdd616430c
江西,上饶,,江西,上饶,,high,exact-city-alias,627,job_006677,https://jobs.51job.com/shangrao/165152410.html?s=sou_sou_soulb&t=0_0&req=c3f9bf16c92fd67fff6ba2a1ab89af25
湖北,武汉,新洲区,湖北,武汉,新洲区,high,exact-city-alias,627,job_007309,https://jobs.51job.com/wuhan-xzq/157540094.html?s=sou_sou_soulb&t=0_0&req=afa61febfb2b28b452c26227c40a9247
浙江,湖州,德清县,浙江,湖州,德清县,high,exact-city-alias,623,job_005812,https://jobs.51job.com/huzhou-dqx/170566803.html?s=sou_sou_soulb&t=0_0&req=edb31405368b32b4586f08c7d90a4c0f
广东,东莞,石碣镇,广东,东莞,石碣镇,high,exact-city-alias,620,job_001932,http://koch.51job.com/jobdetail.html?jobid=170601859
广东,中山,南朗镇,广东,中山,南朗镇,high,exact-city-alias,616,job_002548,https://jobs.51job.com/zhongshan-nlz/168013472.html?s=sou_sou_soulb&t=0_0&req=cb1882c9e5163bb25021626e8d90b59f
湖南,长沙,浏阳市,湖南,长沙,浏阳市,high,exact-city-alias,613,job_023416,https://jobs.51job.com/changsha-lys/169859038.html?s=sou_sou_soulb&t=0_0&req=7ef09014cf3d7886096a2ba96f4db7be
广东,东莞,茶山镇,广东,东莞,茶山镇,high,exact-city-alias,611,job_001847,https://jobs.51job.com/dongguan-csz/165506037.html?s=sou_sou_soulb&t=0_0&req=a946f27531e9f76a9efe47305dbb80d3
江西,宜春,,江西,宜春,,high,exact-city-alias,611,job_022681,https://jobs.51job.com/yichune/171136369.html?s=sou_sou_soulb&t=0_0&req=1ff9799ecac12771b6067fc9492c44c3
浙江,台州,椒江区,浙江,台州,椒江区,high,exact-city-alias,610,job_005795,https://jobs.51job.com/taizhoue-jjq/170874327.html?s=sou_sou_soulb&t=0_0&req=edb31405368b32b4586f08c7d90a4c0f
广东,东莞,洪梅镇,广东,东莞,洪梅镇,high,exact-city-alias,606,job_001839,https://jobs.51job.com/dongguan-hmz/168678240.html?s=sou_sou_soulb&t=0_0&req=a946f27531e9f76a9efe47305dbb80d3
湖北,黄石,,湖北,黄石,,high,exact-city-alias,605,job_007201,https://jobs.51job.com/huangshi/171416145.html?s=sou_sou_soulb&t=0_0&req=c0b76ff812c5534830faf2b5c711ccef
江苏,镇江,丹阳市,江苏,镇江,丹阳市,high,exact-city-alias,594,job_009801,https://jobs.51job.com/zhenjiang-dys/170986347.html?s=sou_sou_soulb&t=0_0&req=7135e4d2e0c6fe23832b923a36886b7f
辽宁,大连,甘井子区,辽宁,大连,甘井子区,high,exact-city-alias,591,job_007942,https://jobs.51job.com/dalian-gjzq/171347474.html?s=sou_sou_soulb&t=0_0&req=e1b1b71554bb5199b3e777db2b72821f
浙江,杭州,临安区,浙江,杭州,临安区,high,exact-city-alias,588,job_005756,https://jobs.51job.com/hangzhou-laq/163704916.html?s=sou_sou_soulb&t=0_0&req=80e7a95737c2b443cd4650410e471193
河北,唐山,,河北,唐山,,high,exact-city-alias,585,job_007010,https://jobs.51job.com/tangshan/168023776.html?s=sou_sou_soulb&t=0_0&req=90054f74abfc5b504146f32061ab66f5
四川,德阳,,四川,德阳,,high,exact-city-alias,585,job_006243,https://jobs.51job.com/deyang/170980681.html?s=sou_sou_soulb&t=0_0&req=8b9491fc03e716a4379a333155f3d106
广西,柳州,,广西,柳州,,high,exact-city-alias,582,job_006747,https://jobs.51job.com/liuzhou/152822905.html?s=sou_sou_soulb&t=0_0&req=bc8e1b2747700688a25d4e87885bfb36
湖南,岳阳,,湖南,岳阳,,high,exact-city-alias,580,job_007683,https://jobs.51job.com/yueyang/171029132.html?s=sou_sou_soulb&t=0_0&req=8800fe59132741c82c6ebb041f623abe
浙江,衢州,,浙江,衢州,,high,exact-city-alias,580,job_021929,https://jobs.51job.com/quzhou/170059369.html?s=sou_sou_soulb&t=0_0&req=677ca1e2dbfafae90e0048f2ed3f5c68
广东,汕头,,广东,汕头,,high,exact-city-alias,579,job_019873,https://jobs.51job.com/shantou/164573062.html?s=sou_sou_soulb&t=0_0&req=bf882f22b96538f04f671cde2ae3ef2f
浙江,温州,龙湾区,浙江,温州,龙湾区,high,exact-city-alias,578,job_005887,https://jobs.51job.com/wenzhou-lwq/160860169.html?s=sou_sou_soulb&t=0_0&req=f2d7ee2278ccc377b7c1ab44cb590dbb
广东,湛江,,广东,湛江,,high,exact-city-alias,576,job_002619,https://jobs.51job.com/zhanjiang/136508081.html?s=sou_sou_soulb&t=0_0&req=93c1d4a08ef7245817a3972e8ae963f2
浙江,宁波,象山县,浙江,宁波,象山县,high,exact-city-alias,575,job_005901,https://jobs.51job.com/ningbo-xsx/169965742.html?s=sou_sou_soulb&t=0_0&req=f2d7ee2278ccc377b7c1ab44cb590dbb
广东,韶关,,广东,韶关,,high,exact-city-alias,575,job_015141,https://jobs.51job.com/shaoguan/160313072.html?s=sou_sou_soulb&t=0_0&req=150202784eaa0b5ea1350c38b09c30b5
河北,邯郸,,河北,邯郸,,high,exact-city-alias,571,job_013997,https://jobs.51job.com/handan/171125258.html?s=sou_sou_soulb&t=0_0&req=ef82bf41e5a90c616c7298ae76e4486f
辽宁,大连,沙河口区,辽宁,大连,沙河口区,high,exact-city-alias,570,job_007993,https://jobs.51job.com/dalian-shkq/170579798.html?s=sou_sou_soulb&t=0_0&req=b2bd0ef33f0373da09db76b6f18ae545
浙江,绍兴,柯桥区,浙江,绍兴,柯桥区,high,exact-city-alias,565,job_005695,https://jobs.51job.com/shaoxing-kqq/171594093.html?s=sou_sou_soulb&t=0_0&req=98c2aeb809c0a47b2625fffa4727b318
山东,青岛,崂山区,山东,青岛,崂山区,high,exact-city-alias,560,job_006562,https://jobs.51job.com/qingdao-lsq/171460501.html?s=sou_sou_soulb&t=0_0&req=49fa21f4a13df9e7f28418008970f854
河南,新乡,,河南,新乡,,high,exact-city-alias,555,job_007060,https://jobs.51job.com/xinxiang/166766765.html?s=sou_sou_soulb&t=0_0&req=8468dee840d7c61d0a3dfc1ebcbed152
河南,郑州,二七区,河南,郑州,二七区,high,exact-city-alias,555,job_007026,https://jobs.51job.com/erqiqu/170879712.html?s=sou_sou_soulb&t=0_0&req=8468dee840d7c61d0a3dfc1ebcbed152
福建,厦门,湖里区,福建,厦门,湖里区,high,exact-city-alias,544,job_006504,https://jobs.51job.com/xiamen-hlq/171014404.html?s=sou_sou_soulb&t=0_0&req=3b5fc5d5199b102a0f5a0ad878bfb85d
河北,沧州,,河北,沧州,,high,exact-city-alias,527,job_008233,https://jobs.51job.com/cangzhou/171326113.html?s=sou_sou_soulb&t=0_0&req=e38ff2602e9e2841a59d822d4b63af27
安徽,宣城,,安徽,宣城,,high,exact-city-alias,526,job_006812,https://jobs.51job.com/xuancheng/171486937.html?s=sou_sou_soulb&t=0_0&req=438aa1e02e3d1521ebaf4547b54fb9ec
广东,东莞,沙田镇,广东,东莞,沙田镇,high,exact-city-alias,523,job_001922,https://jobs.51job.com/dongguan-stz/166468606.html?s=sou_sou_soulb&t=0_0&req=62895841fd93e023f6a12fd3dcae9371
山东,潍坊,,山东,潍坊,,high,exact-city-alias,523,job_006653,https://jobs.51job.com/weifang/168098841.html?s=sou_sou_soulb&t=0_0&req=bb94db7a2ae598ad849dbddf1d839b6a
浙江,绍兴,上虞区,浙江,绍兴,上虞区,high,exact-city-alias,519,job_005933,https://jobs.51job.com/shaoxing-syq/170674687.html?s=sou_sou_soulb&t=0_0&req=e53f9b3c022b1109d7722e19d2fab4f5
安徽,合肥,新站区,安徽,合肥,新站区,high,exact-city-alias,517,job_006775,https://jobs.51job.com/hefei-xzq/171664032.html?s=sou_sou_soulb&t=0_0&req=438aa1e02e3d1521ebaf4547b54fb9ec
广东,东莞,道滘镇,广东,东莞,道滘镇,high,exact-city-alias,515,job_001825,https://jobs.51job.com/dongguan-djz/171673940.html?s=sou_sou_soulb&t=0_0&req=a946f27531e9f76a9efe47305dbb80d3
福建,厦门,同安区,福建,厦门,同安区,high,exact-city-alias,513,job_006492,https://jobs.51job.com/xiamen-taq/166168523.html?s=sou_sou_soulb&t=0_0&req=3b5fc5d5199b102a0f5a0ad878bfb85d
江苏,连云港,,江苏,连云港,,high,exact-city-alias,512,job_039246,https://jobs.51job.com/lianyungang/171656664.html?s=sou_sou_soulb&t=0_0&req=e7ac7a77f978593222de738756b9b7c5
江西,南昌,红谷滩区,江西,南昌,红谷滩区,high,exact-city-alias,511,job_006658,https://jobs.51job.com/nanchang-hgtq/171448103.html?s=sou_sou_soulb&t=0_0&req=c3f9bf16c92fd67fff6ba2a1ab89af25
江苏,泰州,泰兴市,江苏,泰州,泰兴市,high,exact-city-alias,508,job_005613,https://jobs.51job.com/taizhou-txs/171135271.html?s=sou_sou_soulb&t=0_0&req=3e75a6a6b993f16a4806685ce0ec5e85
福建,宁德,,福建,宁德,,high,exact-city-alias,502,job_022477,https://jobs.51job.com/ningde/171645906.html?s=sou_sou_soulb&t=0_0&req=406c3fe55d0245a5a84ae384808f753e
陕西,咸阳,,陕西,咸阳,,high,exact-city-alias,501,job_007797,https://jobs.51job.com/xianyang/171614280.html?s=sou_sou_soulb&t=0_0&req=d39bf751ee95785621b4bcbdd616430c
广西,南宁,良庆区,广西,南宁,良庆区,high,exact-city-alias,500,job_006729,https://jobs.51job.com/nanning-lqq/170512523.html?s=sou_sou_soulb&t=0_0&req=bc8e1b2747700688a25d4e87885bfb36
湖北,黄冈,,湖北,黄冈,,high,exact-city-alias,495,job_023148,https://jobs.51job.com/huanggang/169246176.html?s=sou_sou_soulb&t=0_0&req=f0c9ae9cacbd1475aa143842ef0347c5
广东,东莞,莞城区,广东,东莞,莞城区,high,exact-city-alias,492,job_001890,https://jobs.51job.com/dongguan-gcq/168516273.html?s=sou_sou_soulb&t=0_0&req=80c3ec4003521e563e9f6815e843820f
湖南,株洲,,湖南,株洲,,high,exact-city-alias,492,job_007697,https://jobs.51job.com/zhuzhou/140360238.html?s=sou_sou_soulb&t=0_0&req=8800fe59132741c82c6ebb041f623abe
山东,济宁,,山东,济宁,,high,exact-city-alias,492,job_022575,https://jobs.51job.com/jining/171466743.html?s=sou_sou_soulb&t=0_0&req=4917ba83027b3c8d9138817ba00fd9aa
湖南,衡阳,,湖南,衡阳,,high,exact-city-alias,492,job_016231,https://jobs.51job.com/hengyang/170545730.html?s=sou_sou_soulb&t=0_0&req=ee928e0c741684a216fb00a8c3afd654
陕西,西安,碑林区,陕西,西安,碑林区,high,exact-city-alias,491,job_011954,https://jobs.51job.com/xian-blq/171204306.html?s=sou_sou_soulb&t=0_0&req=b6c90eaf1da83ae20a5258c285a9c310
湖北,荆州,沙市区,湖北,荆州,沙市区,high,exact-city-alias,490,job_007177,https://jobs.51job.com/jingzhou-ssq/171012357.html?s=sou_sou_soulb&t=0_0&req=6b0892166965cee51d9887a5cdd87b5a
山东,青岛,市北区,山东,青岛,市北区,high,exact-city-alias,490,job_006629,https://jobs.51job.com/qingdao-sbq/161240467.html?s=sou_sou_soulb&t=0_0&req=ec3d23181e884f6e354727f6abc0ef9d
天津,天津,和平区,天津,天津,和平区,high,exact-city-alias,487,job_009539,https://jobs.51job.com/tianjin-hpq/164165746.html?s=sou_sou_soulb&t=0_0&req=8f84462a4a5ce9a95355ae8d9edb3282
广东,惠州,惠东县,广东,惠州,惠东县,high,exact-city-alias,481,job_002498,https://jobs.51job.com/huizhou-hdx/170817880.html?s=sou_sou_soulb&t=0_0&req=435f444b4871de2b1b1becfe9e9d45c8
四川,眉山,,四川,眉山,,high,exact-city-alias,478,job_006336,https://jobs.51job.com/meishan/171069968.html?s=sou_sou_soulb&t=0_0&req=89ac95d143441721f1423741900b6bcd
,四川省,,四川,,,low,province-only-city-source,475,job_006163,https://jobs.51job.com/all/156042760.html?s=sou_sou_soulb&t=0_0&req=60a5c2805641692fcae5e74872595e55
四川,绵阳,涪城区,四川,绵阳,涪城区,high,exact-city-alias,474,job_006159,https://jobs.51job.com/mianyang-fcq/171448066.html?s=sou_sou_soulb&t=0_0&req=60a5c2805641692fcae5e74872595e55
辽宁,沈阳,沈河区,辽宁,沈阳,沈河区,high,exact-city-alias,473,job_008008,https://jobs.51job.com/shenyang-shq/171170954.html?s=sou_sou_soulb&t=0_0&req=b2bd0ef33f0373da09db76b6f18ae545
广东,阳江,,广东,阳江,,high,exact-city-alias,472,job_009146,https://jobs.51job.com/yangjiang/170611024.html?s=sou_sou_soulb&t=0_0&req=1d73707a11bc49250d77ef5ec598cd31
吉林,长春,朝阳区,吉林,长春,朝阳区,high,exact-city-alias,471,job_008084,https://jobs.51job.com/changchun-cyq/170786407.html?s=sou_sou_soulb&t=0_0&req=ca1041eb7ef2ad28ee6103576430ac36
广东,东莞,高埗镇,广东,东莞,高埗镇,high,exact-city-alias,468,job_001872,https://jobs.51job.com/dongguan-gbz/168543991.html?s=sou_sou_soulb&t=0_0&req=80c3ec4003521e563e9f6815e843820f
广东,中山,东区,广东,中山,东区,high,exact-city-alias,459,job_002549,https://jobs.51job.com/zhongshan-dq/170978068.html?s=sou_sou_soulb&t=0_0&req=cb1882c9e5163bb25021626e8d90b59f
深圳,深圳,盐田区,广东,深圳,盐田区,high,exact-city-alias,455,job_008784,https://jobs.51job.com/shenzhen-ytq/171535838.html?s=sou_sou_soulb&t=0_0&req=6cb2914cd5af397b45d35ed777530512
湖北,荆门,掇刀区,湖北,荆门,掇刀区,high,exact-city-alias,454,job_007273,https://jobs.51job.com/jingmen-ddq/169001662.html?s=sou_sou_soulb&t=0_0&req=ffc2089614a94d0fc7973fb83fc51b7e
青海,西宁,,青海,西宁,,high,exact-city-alias,453,job_010973,https://jobs.51job.com/xining/171150709.html?s=sou_sou_soulb&t=0_0&req=5549c5de854dab048e8dee6592567f3e
湖北,荆州,,湖北,荆州,,high,exact-city-alias,449,job_007431,https://valeo.51job.com/jobinfo.html?jobid=165234830
云南,大理,,云南,大理,,high,51job-area-alias,448,job_023780,https://jobs.51job.com/dali/170620192.html?s=sou_sou_soulb&t=0_0&req=530c5110ad3a11593c18284dca89d953
,湖北省,,湖北,,,low,province-only-city-source,448,job_007323,https://jobs.51job.com/all/144224516.html?s=sou_sou_soulb&t=0_0&req=afa61febfb2b28b452c26227c40a9247
河南,许昌,,河南,许昌,,high,exact-city-alias,448,job_007042,https://jobs.51job.com/xuchang/168468197.html?s=sou_sou_soulb&t=0_0&req=8468dee840d7c61d0a3dfc1ebcbed152
江苏,南通,如东县,江苏,南通,如东县,high,exact-city-alias,447,job_015281,https://jobs.51job.com/nantong-rdx/171633354.html?s=sou_sou_soulb&t=0_0&req=6057a67ad94cb2f88b7f10926339ab62
浙江,温州,鹿城区,浙江,温州,鹿城区,high,exact-city-alias,444,job_006041,https://jobs.51job.com/wenzhou-lcq/167616579.html?s=sou_sou_soulb&t=0_0&req=34fad811e6d1f5a4e132723937905a37
河南,郑州,中原区,河南,郑州,中原区,high,exact-city-alias,444,job_007021,https://jobs.51job.com/zhongyuanqu/163013631.html?s=sou_sou_soulb&t=0_0&req=8468dee840d7c61d0a3dfc1ebcbed152
湖北,鄂州,,湖北,鄂州,,high,exact-city-alias,443,job_023308,https://jobs.51job.com/ezhou/167813923.html?s=sou_sou_soulb&t=0_0&req=9d1be2a3ced904a00891cd3087d4c5ca
江西,南昌,新建区,江西,南昌,新建区,high,exact-city-alias,442,job_006690,https://jobs.51job.com/nanchang-xjq/171200269.html?s=sou_sou_soulb&t=0_0&req=c3f9bf16c92fd67fff6ba2a1ab89af25
安徽,宿州,,安徽,宿州,,high,exact-city-alias,440,job_006915,https://jobs.51job.com/suzhoue/149341771.html?s=sou_sou_soulb&t=0_0&req=abf6b693e7a904c2f7e4e24033549fe9
广东,中山,三乡镇,广东,中山,三乡镇,high,exact-city-alias,439,job_002580,https://jobs.51job.com/zhongshan-sxz/170086246.html?s=sou_sou_soulb&t=0_0&req=6fb61227ad97117769fd0d822058e6f7
安徽,六安,,安徽,六安,,high,exact-city-alias,435,job_006985,https://jobs.51job.com/luan/170848653.html?s=sou_sou_soulb&t=0_0&req=9751a68be2a5a1d987bb0f4f0d803ef1
浙江,杭州,桐庐县,浙江,杭州,桐庐县,high,exact-city-alias,434,job_009911,https://jobs.51job.com/hangzhou-tlx/171594570.html?s=sou_sou_soulb&t=0_0&req=e9edf803fa3bb554e4fa2e636aad90ae
,山东省,,山东,,,low,province-only-city-source,433,job_006558,https://jobs.51job.com/all/144224527.html?s=sou_sou_soulb&t=0_0&req=49fa21f4a13df9e7f28418008970f854
江苏,盐城,东台市,江苏,盐城,东台市,high,exact-city-alias,431,job_005603,https://jobs.51job.com/yancheng-dts/170533130.html?s=sou_sou_soulb&t=0_0&req=418ea2dd457ea3ed72c0a0a0798b078c
安徽,蚌埠,,安徽,蚌埠,,high,exact-city-alias,429,job_006988,https://jobs.51job.com/bengbu/170848646.html?s=sou_sou_soulb&t=0_0&req=9751a68be2a5a1d987bb0f4f0d803ef1
浙江,金华,永康市,浙江,金华,永康市,high,exact-city-alias,426,job_005650,https://jobs.51job.com/jinhua-yks/153043358.html?s=sou_sou_soulb&t=0_0&req=0bcd7ecbb8c10cd966c70e7739685bd9
福建,厦门,集美区,福建,厦门,集美区,high,exact-city-alias,425,job_006496,https://jobs.51job.com/xiamen-jmq/171581226.html?s=sou_sou_soulb&t=0_0&req=3b5fc5d5199b102a0f5a0ad878bfb85d
山西,太原,小店区,山西,太原,小店区,high,exact-city-alias,423,job_007920,https://jobs.51job.com/taiyuan-xdq/165446691.html?s=sou_sou_soulb&t=0_0&req=9261977793182cff61e4e464f603f9a9
江苏,泰州,靖江市,江苏,泰州,靖江市,high,exact-city-alias,422,job_005608,https://jobs.51job.com/taizhou-jjs/151280010.html?s=sou_sou_soulb&t=0_0&req=3e75a6a6b993f16a4806685ce0ec5e85
湖北,十堰,,湖北,十堰,,high,exact-city-alias,420,job_012875,https://jobs.51job.com/shiyan/171502295.html?s=sou_sou_soulb&t=0_0&req=731e643ea663a25329a648b5d41fe945
陕西,宝鸡,,陕西,宝鸡,,high,exact-city-alias,417,job_007917,https://jobs.51job.com/baoji/170549571.html?s=sou_sou_soulb&t=0_0&req=ddddc1cf31275f7fcf57423a53042177
浙江,金华,婺城区,浙江,金华,婺城区,high,exact-city-alias,416,job_010039,https://jobs.51job.com/jinhua-wcq/154428926.html?s=sou_sou_soulb&t=0_0&req=23b363fd273f7fe0adab5839712256b6
天津,天津,东丽区,天津,天津,东丽区,high,exact-city-alias,415,job_003803,https://jobs.51job.com/tianjin-dlq/171431681.html?s=sou_sou_soulb&t=0_0&req=335e47a8f46b2a46eef4b92d9eed9eaa
陕西,西安,西咸新区,陕西,西安,西咸新区,high,exact-city-alias,413,job_007769,https://jobs.51job.com/xian-xxxq/171062263.html?s=sou_sou_soulb&t=0_0&req=d39bf751ee95785621b4bcbdd616430c
贵州,贵阳,观山湖区,贵州,贵阳,观山湖区,high,exact-city-alias,413,job_008152,https://jobs.51job.com/guiyang-gshq/169207646.html?s=sou_sou_soulb&t=0_0&req=8fc364855997af9dfb24f4823506e3a2
辽宁,沈阳,和平区,辽宁,沈阳,和平区,high,exact-city-alias,412,job_024551,https://jobs.51job.com/shenyang-hpq/166582967.html?s=sou_sou_soulb&t=0_1&req=b2dc76672406d1025bb79e8a1eb3b746
广东,中山,石岐区,广东,中山,石岐区,high,exact-city-alias,406,job_019882,https://jobs.51job.com/zhongshan-sqq/170032056.html?s=sou_sou_soulb&t=0_0&req=3732bd7ec2397361c4527780f9d056ab
浙江,丽水,,浙江,丽水,,high,exact-city-alias,406,job_022028,https://jobs.51job.com/lishui/167134518.html?s=sou_sou_soulb&t=0_0&req=c2b468d281f21700e267f3cb63726e29
河南,开封,,河南,开封,,high,exact-city-alias,404,job_048658,https://jobs.51job.com/kaifeng/171511734.html?s=sou_sou_soulb&t=0_0&req=acc9c2a453a1d19b765c789db194c82a
福建,福州,鼓楼区,福建,福州,鼓楼区,high,exact-city-alias,404,job_006479,https://jobs.51job.com/fuzhou-glq/171340294.html?s=sou_sou_soulb&t=0_0&req=3b5fc5d5199b102a0f5a0ad878bfb85d
河北,秦皇岛,,河北,秦皇岛,,high,exact-city-alias,404,job_007001,https://jobs.51job.com/qinhuangdao/171279284.html?s=sou_sou_soulb&t=0_0&req=90054f74abfc5b504146f32061ab66f5
广东,中山,三角镇,广东,中山,三角镇,high,exact-city-alias,403,job_019880,https://jobs.51job.com/zhongshan-sjz/156246195.html?s=sou_sou_soulb&t=0_0&req=3732bd7ec2397361c4527780f9d056ab
安徽,安庆,,安徽,安庆,,high,exact-city-alias,403,job_012338,https://jobs.51job.com/anqing/171544653.html?s=sou_sou_soulb&t=0_0&req=28a087b90f8c52be9b122ff7ace207d5
浙江,台州,温岭市,浙江,台州,温岭市,high,exact-city-alias,402,job_005826,https://jobs.51job.com/taizhoue-wls/169500855.html?s=sou_sou_soulb&t=0_0&req=edb31405368b32b4586f08c7d90a4c0f
安徽,合肥,庐阳区,安徽,合肥,庐阳区,high,exact-city-alias,401,job_006910,https://jobs.51job.com/hefei-lyq/129359241.html?s=sou_sou_soulb&t=0_0&req=abf6b693e7a904c2f7e4e24033549fe9
湖北,仙桃,,湖北,仙桃,,high,51job-area-alias,397,job_023172,https://jobs.51job.com/xiantao/168766254.html?s=sou_sou_soulb&t=0_0&req=f0c9ae9cacbd1475aa143842ef0347c5
福建,泉州,晋江市,福建,泉州,晋江市,high,exact-city-alias,396,job_006486,https://jobs.51job.com/quanzhou-jjs/167855835.html?s=sou_sou_soulb&t=0_0&req=3b5fc5d5199b102a0f5a0ad878bfb85d
广东,珠海,横琴新区,广东,珠海,横琴新区,high,exact-city-alias,395,job_002161,https://jobs.51job.com/zhuhai-hqxq/171577394.html?s=sou_sou_soulb&t=0_0&req=e14bca5788d386adc849ac26f4622448
河南,周口,,河南,周口,,high,exact-city-alias,394,job_022979,https://jobs.51job.com/zhoukou/156818667.html?s=sou_sou_soulb&t=0_0&req=ae85514a512a9549abcdee55d083ed02
江苏,泰州,高港区,江苏,泰州,高港区,high,exact-city-alias,394,job_005615,https://jobs.51job.com/taizhou-ggq/149585213.html?s=sou_sou_soulb&t=0_0&req=3e75a6a6b993f16a4806685ce0ec5e85
广东,东莞,樟木头镇,广东,东莞,樟木头镇,high,exact-city-alias,392,job_001845,https://jobs.51job.com/dongguan-zmtz/170955774.html?s=sou_sou_soulb&t=0_0&req=a946f27531e9f76a9efe47305dbb80d3
四川,泸州,,四川,泸州,,high,exact-city-alias,390,job_043243,https://jobs.51job.com/luzhou/171224734.html?s=sou_sou_soulb&t=0_0&req=c7a4c12e9b130b2212274c25b7e74f2e
福建,厦门,海沧区,福建,厦门,海沧区,high,exact-city-alias,389,job_006485,https://jobs.51job.com/xiamen-hcq/171539503.html?s=sou_sou_soulb&t=0_0&req=3b5fc5d5199b102a0f5a0ad878bfb85d
湖北,襄阳,樊城区,湖北,襄阳,樊城区,high,exact-city-alias,389,job_007249,https://jobs.51job.com/xiangyang-fcq/168941851.html?s=sou_sou_soulb&t=0_0&req=ffc2089614a94d0fc7973fb83fc51b7e
重庆,重庆,璧山区,重庆,重庆,璧山区,high,exact-city-alias,388,job_003836,https://jobs.51job.com/chongqing-bsq/107203353.html?s=sou_sou_soulb&t=0_0&req=90034b182fc29c92c3ea7530d30db53b
广东,肇庆,鼎湖区,广东,肇庆,鼎湖区,high,exact-city-alias,387,job_030585,https://jobs.51job.com/zhaoqing-dhq/169114243.html?s=sou_sou_soulb&t=0_0&req=791218787e48600d015fb61ed4a77ad7
山东,济南,历城区,山东,济南,历城区,high,exact-city-alias,386,job_006614,https://jobs.51job.com/jinan-lcq/170068349.html?s=sou_sou_soulb&t=0_0&req=ec3d23181e884f6e354727f6abc0ef9d
江西,萍乡,,江西,萍乡,,high,exact-city-alias,385,job_006684,https://jobs.51job.com/pingxiang/170582272.html?s=sou_sou_soulb&t=0_0&req=c3f9bf16c92fd67fff6ba2a1ab89af25
江苏,淮安,清江浦区,江苏,淮安,清江浦区,high,exact-city-alias,383,job_005620,https://jobs.51job.com/huaian-qjpq/171479700.html?s=sou_sou_soulb&t=0_0&req=7c6e4ea859d1a6f945607ec5df33dbf2
浙江,湖州,南浔区,浙江,湖州,南浔区,high,exact-city-alias,383,job_005844,https://jobs.51job.com/huzhou-nxq/171586958.html?s=sou_sou_soulb&t=0_0&req=418f632f950842e755613af2e84e09bf
江苏,盐城,盐都区,江苏,盐城,盐都区,high,exact-city-alias,383,job_005605,https://jobs.51job.com/yancheng-ydq/169648747.html?s=sou_sou_soulb&t=0_0&req=418ea2dd457ea3ed72c0a0a0798b078c
山西,大同,,山西,大同,,high,exact-city-alias,382,job_052196,https://jobs.51job.com/datong/169731901.html?s=sou_sou_soulb&t=0_0&req=a08e3c1e2456a986f70b34f265f5ec96
山东,临沂,,山东,临沂,,high,exact-city-alias,381,job_022628,https://jobs.51job.com/linyi/170352020.html?s=sou_sou_soulb&t=0_0&req=cc328cc0f0661deab1dc27d0ce207b80
北京,北京,石景山区,北京,北京,石景山区,high,exact-city-alias,381,job_000003,https://jobs.51job.com/beijing-sjsq/170989376.html?s=sou_sou_soulb&t=0_0&req=0949676080f5f0934c4c3b057039b46f
河北,张家口,,河北,张家口,,high,exact-city-alias,378,job_048154,https://jobs.51job.com/zhangjiakou/171303923.html?s=sou_sou_soulb&t=0_0&req=cbfa03c686a8609e4998a7f1e9b474d0
广东,肇庆,端州区,广东,肇庆,端州区,high,exact-city-alias,378,job_019943,https://jobs.51job.com/zhaoqing-dzq/171174616.html?s=sou_sou_soulb&t=0_0&req=f1abe8fc2fc85e231fb885ac80e336d9
辽宁,大连,中山区,辽宁,大连,中山区,high,exact-city-alias,375,job_010864,https://jobs.51job.com/dalian-zsq/169126550.html?s=sou_sou_soulb&t=0_0&req=7d4d27b45af35588a0aef5a8606ad923
广东,茂名,,广东,茂名,,high,exact-city-alias,375,job_015256,https://jobs.51job.com/maoming/170817835.html?s=sou_sou_soulb&t=0_0&req=0322963da78c2ddc9788b695c0d4207c
浙江,温州,瑞安市,浙江,温州,瑞安市,high,exact-city-alias,371,job_012767,https://jobs.51job.com/wenzhou-ras/171646210.html?s=sou_sou_soulb&t=0_0&req=62ab41ef0ad5b477166c0e335698a3bf
福建,福州,闽侯县,福建,福州,闽侯县,high,exact-city-alias,371,job_006484,https://jobs.51job.com/fuzhou-mhx/163509377.html?s=sou_sou_soulb&t=0_0&req=3b5fc5d5199b102a0f5a0ad878bfb85d
湖南,长沙,宁乡市,湖南,长沙,宁乡市,high,exact-city-alias,371,job_007736,https://jobs.51job.com/changsha-nxs/165831790.html?s=sou_sou_soulb&t=0_0&req=42458b447d92a9d9260783407bd67e32
江西,赣州,章贡区,江西,赣州,章贡区,high,exact-city-alias,370,job_006667,https://jobs.51job.com/ganzhou-zgq/171545833.html?s=sou_sou_soulb&t=0_0&req=c3f9bf16c92fd67fff6ba2a1ab89af25
江苏,泰州,海陵区,江苏,泰州,海陵区,high,exact-city-alias,369,job_005612,https://jobs.51job.com/taizhou-hlq/170490754.html?s=sou_sou_soulb&t=0_0&req=3e75a6a6b993f16a4806685ce0ec5e85
安徽,合肥,长丰县,安徽,合肥,长丰县,high,exact-city-alias,368,job_006857,https://jobs.51job.com/hefei-cfx/171028574.html?s=sou_sou_soulb&t=0_0&req=691ba960ae82a200b7e8aea75dc1d411
重庆,重庆,江津区,重庆,重庆,江津区,high,exact-city-alias,367,job_003860,https://jobs.51job.com/chongqing-jjq/168404509.html?s=sou_sou_soulb&t=0_0&req=90034b182fc29c92c3ea7530d30db53b
辽宁,沈阳,大东区,辽宁,沈阳,大东区,high,exact-city-alias,366,job_007975,https://jobs.51job.com/shenyang-ddq/155344936.html?s=sou_sou_soulb&t=0_0&req=e1b1b71554bb5199b3e777db2b72821f
江苏,南通,海安市,江苏,南通,海安市,high,exact-city-alias,364,job_005550,https://jobs.51job.com/nantong-has/167408676.html?s=sou_sou_soulb&t=0_0&req=44f20d73565cf144da99db82a572c244
广西,南宁,西乡塘区,广西,南宁,西乡塘区,high,exact-city-alias,362,job_001640,https://jobs.51job.com/nanning-xxtq/165818994.html?s=sou_sou_soulb&t=0_1&req=7e76aef4c0466391b0dbbf36e9e5d273
安徽,合肥,巢湖市,安徽,合肥,巢湖市,high,exact-city-alias,361,job_006798,https://jobs.51job.com/hefei-chs/169241622.html?s=sou_sou_soulb&t=0_0&req=438aa1e02e3d1521ebaf4547b54fb9ec
天津,天津,武清区,天津,天津,武清区,high,exact-city-alias,360,job_003775,https://jobs.51job.com/tianjin-wqq/169189673.html?s=sou_sou_soulb&t=0_0&req=335e47a8f46b2a46eef4b92d9eed9eaa
江苏,徐州,贾汪区,江苏,徐州,贾汪区,high,exact-city-alias,360,job_005575,https://jobs.51job.com/xuzhou-jwq/171647954.html?s=sou_sou_soulb&t=0_0&req=e62fd625dd81f3318d2f3db1b1f33d0a
安徽,芜湖,湾沚区,安徽,芜湖,湾沚区,high,exact-city-alias,360,job_006830,https://jobs.51job.com/wuhu-wzq/158428458.html?s=sou_sou_soulb&t=0_0&req=691ba960ae82a200b7e8aea75dc1d411
广东,湛江,霞山区,广东,湛江,霞山区,high,exact-city-alias,359,job_019922,https://jobs.51job.com/zhanjiang-xsq/165251018.html?s=sou_sou_soulb&t=0_0&req=222a34700b53a4274329019acc7edbbf
河北,邢台,,河北,邢台,,high,exact-city-alias,358,job_022890,https://jobs.51job.com/xingtai/170783179.html?s=sou_sou_soulb&t=0_0&req=5a954a9a4370685a320edde176a427b9
福建,厦门,翔安区,福建,厦门,翔安区,high,exact-city-alias,357,job_006489,https://jobs.51job.com/xiamen-xaq/171312914.html?s=sou_sou_soulb&t=0_0&req=3b5fc5d5199b102a0f5a0ad878bfb85d
海南,海口,龙华区,海南,海口,龙华区,high,exact-city-alias,355,job_006463,https://jobs.51job.com/haikou-lhq/169754519.html?s=sou_sou_soulb&t=0_0&req=e3a161ee55dc193b46c4008f2a82258a
福建,漳州,,福建,漳州,,high,exact-city-alias,355,job_006537,https://jobs.51job.com/zhangzhou/169121921.html?s=sou_sou_soulb&t=0_0&req=79ea65d94504be4b8d5c3a60ff278d27
江苏,盐城,亭湖区,江苏,盐城,亭湖区,high,exact-city-alias,354,job_039279,https://jobs.51job.com/yancheng-thq/171655315.html?s=sou_sou_soulb&t=0_0&req=174ba47edd145144f5dca40df7b6d922
浙江,金华,金东区,浙江,金华,金东区,high,exact-city-alias,353,job_010059,https://jobs.51job.com/jinhua-jdq/169860800.html?s=sou_sou_soulb&t=0_0&req=b8a09e16f8ae615cd40b5a535620c64e
安徽,阜阳,,安徽,阜阳,,high,exact-city-alias,351,job_006894,https://jobs.51job.com/fuyang/171044792.html?s=sou_sou_soulb&t=0_0&req=abf6b693e7a904c2f7e4e24033549fe9
山东,威海,,山东,威海,,high,exact-city-alias,350,job_010322,https://jobs.51job.com/weihai/165432821.html?s=sou_sou_soulb&t=0_0&req=c24ae2338f809dffd81ef915d97b4665
湖南,常德,,湖南,常德,,high,exact-city-alias,348,job_050709,https://jobs.51job.com/changde/170103863.html?s=sou_sou_soulb&t=0_0&req=aeebc564cb263ec466f7a02178e4107a
湖南,株洲,天元区,湖南,株洲,天元区,high,exact-city-alias,346,job_007647,https://jobs.51job.com/zhuzhou-tyq/167113989.html?s=sou_sou_soulb&t=0_0&req=d1d0d05b398a90240b491b32f9ee423c
贵州,遵义,,贵州,遵义,,high,exact-city-alias,344,job_012937,https://jobs.51job.com/zunyi/171131253.html?s=sou_sou_soulb&t=0_0&req=3cb1ede001e7be8d7bca12c6cbb0e128
四川,遂宁,,四川,遂宁,,high,exact-city-alias,343,job_016898,https://jobs.51job.com/suining/153833803.html?s=sou_sou_soulb&t=0_0&req=5d3c6cc453b2edd795515e94b7a1041a
四川,成都,青白江区,四川,成都,青白江区,high,exact-city-alias,342,job_006303,https://jobs.51job.com/chengdu-qbjq/160602862.html?s=sou_sou_soulb&t=0_0&req=89ac95d143441721f1423741900b6bcd
广西,柳州,鱼峰区,广西,柳州,鱼峰区,high,exact-city-alias,341,job_006709,https://jobs.51job.com/liuzhou-yfq/157801826.html?s=sou_sou_soulb&t=0_0&req=bc8e1b2747700688a25d4e87885bfb36
天津,天津,河西区,天津,天津,河西区,high,exact-city-alias,338,job_009555,https://jobs.51job.com/tianjin-hxq/170791579.html?s=sou_sou_soulb&t=0_0&req=8f84462a4a5ce9a95355ae8d9edb3282
辽宁,大连,大连保税区,辽宁,大连,大连保税区,high,exact-city-alias,337,job_007989,https://jobs.51job.com/dalian-dlbs/171152223.html?s=sou_sou_soulb&t=0_0&req=b2bd0ef33f0373da09db76b6f18ae545
浙江,湖州,安吉县,浙江,湖州,安吉县,high,exact-city-alias,336,job_012797,https://jobs.51job.com/huzhou-ajx/169409999.html?s=sou_sou_soulb&t=0_0&req=62ab41ef0ad5b477166c0e335698a3bf
辽宁,沈阳,沈北新区,辽宁,沈阳,沈北新区,high,exact-city-alias,335,job_007981,https://jobs.51job.com/shenyang-sbxq/171480910.html?s=sou_sou_soulb&t=0_0&req=e1b1b71554bb5199b3e777db2b72821f
广东,东莞,望牛墩镇,广东,东莞,望牛墩镇,high,exact-city-alias,333,job_001856,https://jobs.51job.com/dongguan-wndz/167917766.html?s=sou_sou_soulb&t=0_0&req=a946f27531e9f76a9efe47305dbb80d3
山东,淄博,,山东,淄博,,high,exact-city-alias,333,job_006612,https://jobs.51job.com/zibo/150685149.html?s=sou_sou_soulb&t=0_0&req=ec3d23181e884f6e354727f6abc0ef9d
湖南,郴州,,湖南,郴州,,high,exact-city-alias,330,job_010706,https://jobs.51job.com/chenzhou/167826871.html?s=sou_sou_soulb&t=0_0&req=7c7f8675d3bb7824ec928352906acdde
广东,中山,南头镇,广东,中山,南头镇,high,exact-city-alias,329,job_002544,https://jobs.51job.com/zhongshan-ntz/160595695.html?s=sou_sou_soulb&t=0_0&req=cb1882c9e5163bb25021626e8d90b59f
山西,运城,,山西,运城,,high,exact-city-alias,329,job_052157,https://jobs.51job.com/yuncheng/168669005.html?s=sou_sou_soulb&t=0_0&req=d99d51810b8d3b47f22f10a8a7855ec4
陕西,榆林,,陕西,榆林,,high,exact-city-alias,328,job_023511,https://jobs.51job.com/yuline/170587627.html?s=sou_sou_soulb&t=0_0&req=067db0ce845460e385276458c9d69d1b
河南,郑州,郑东新区,河南,郑州,郑东新区,high,exact-city-alias,326,job_007045,https://jobs.51job.com/zhengzhou-zzxq/170903516.html?s=sou_sou_soulb&t=0_0&req=8468dee840d7c61d0a3dfc1ebcbed152
山东,青岛,高新区,山东,青岛,高新区,high,exact-city-alias,325,job_006557,https://jobs.51job.com/qingdao-gxq/170923032.html?s=sou_sou_soulb&t=0_0&req=49fa21f4a13df9e7f28418008970f854
河南,驻马店,,河南,驻马店,,high,exact-city-alias,325,job_022961,https://jobs.51job.com/zhumadian/170977768.html?s=sou_sou_soulb&t=0_0&req=5d85f2936bc3c02dcefdbfb8ff9370c4
江苏,南京,高淳区,江苏,南京,高淳区,high,exact-city-alias,324,job_004000,https://jobs.51job.com/nanjing-gcq/164798008.html?s=sou_sou_soulb&t=0_0&req=4fb0fb84a4942b0c853a8ea19c919720
内蒙古,包头,,内蒙古,包头,,high,exact-city-alias,323,job_016997,https://jobs.51job.com/baotou/152389425.html?s=sou_sou_soulb&t=0_0&req=1c94d27b95699bdcecdd66e41bdaa409
河南,焦作,,河南,焦作,,high,exact-city-alias,320,job_048544,https://jobs.51job.com/jiaozuo/171506883.html?s=sou_sou_soulb&t=0_0&req=b2fa2674ef955b7cf8d98cc67e15979b
山东,菏泽,,山东,菏泽,,high,exact-city-alias,320,job_006573,https://jobs.51job.com/heze/170899920.html?s=sou_sou_soulb&t=0_0&req=49fa21f4a13df9e7f28418008970f854
江西,景德镇,,江西,景德镇,,high,exact-city-alias,317,job_046386,https://jobs.51job.com/jingdezhen/169965971.html?s=sou_sou_soulb&t=0_0&req=cd01e395680f80cc558ed5733be9786b
福建,泉州,丰泽区,福建,泉州,丰泽区,high,exact-city-alias,317,job_006499,https://jobs.51job.com/quanzhou-fzq/90475571.html?s=sou_sou_soulb&t=0_0&req=3b5fc5d5199b102a0f5a0ad878bfb85d
浙江,温州,瓯海区,浙江,温州,瓯海区,high,exact-city-alias,316,job_022034,https://jobs.51job.com/wenzhou-ohq/168999274.html?s=sou_sou_soulb&t=0_0&req=c2b468d281f21700e267f3cb63726e29
辽宁,大连,西岗区,辽宁,大连,西岗区,high,exact-city-alias,315,job_007952,https://jobs.51job.com/dalian-xgq/170159150.html?s=sou_sou_soulb&t=0_0&req=e1b1b71554bb5199b3e777db2b72821f
广东,肇庆,高要区,广东,肇庆,高要区,high,exact-city-alias,315,job_019932,https://jobs.51job.com/zhaoqing-gyq/171632109.html?s=sou_sou_soulb&t=0_0&req=f1abe8fc2fc85e231fb885ac80e336d9
河南,安阳,,河南,安阳,,high,exact-city-alias,314,job_010501,https://jobs.51job.com/anyang/171480219.html?s=sou_sou_soulb&t=0_0&req=581b5c5aac5f83cdf1c53a7a03239b66
广东,珠海,高栏港经济区,广东,珠海,高栏港经济区,high,exact-city-alias,314,job_015027,https://jobs.51job.com/zhuhai-glg/171591938.html?s=sou_sou_soulb&t=0_0&req=e2499b0afabcd01c5cef6465708fd4bd
河南,信阳,,河南,信阳,,high,exact-city-alias,313,job_022949,https://jobs.51job.com/xinyang/171409745.html?s=sou_sou_soulb&t=0_0&req=5d85f2936bc3c02dcefdbfb8ff9370c4
浙江,舟山,,浙江,舟山,,high,exact-city-alias,313,job_014536,https://jobs.51job.com/zhoushan/171372416.html?s=sou_sou_soulb&t=0_0&req=d2483cff9bd68ca4fb9a4e340ab6443c
天津,天津,南开区,天津,天津,南开区,high,exact-city-alias,312,job_003778,https://jobs.51job.com/tianjin-nkq/171448257.html?s=sou_sou_soulb&t=0_0&req=335e47a8f46b2a46eef4b92d9eed9eaa
江苏,扬州,仪征市,江苏,扬州,仪征市,high,exact-city-alias,312,job_005501,https://jobs.51job.com/yangzhou-yzs/170939044.html?s=sou_sou_soulb&t=0_0&req=6d0bcf44b4c0ee0c1e5e7a04bf32a85a
福建,福州,台江区,福建,福州,台江区,high,exact-city-alias,312,job_006482,https://jobs.51job.com/fuzhou-tjq/171366570.html?s=sou_sou_soulb&t=0_0&req=3b5fc5d5199b102a0f5a0ad878bfb85d
广东,河源,源城区,广东,河源,源城区,high,exact-city-alias,311,job_002632,https://jobs.51job.com/heyuan-ycq/170087633.html?s=sou_sou_soulb&t=0_0&req=8d1fc174f3e6c9f37d450b98aba7131e
河北,石家庄,桥西区,河北,石家庄,桥西区,high,exact-city-alias,311,job_010467,https://jobs.51job.com/shijiazhuang-qxq/171458946.html?s=sou_sou_soulb&t=0_0&req=88e87e53f2261bd96f27ff6af35650bb
江苏,镇江,京口区,江苏,镇江,京口区,high,exact-city-alias,311,job_005568,https://jobs.51job.com/zhenjiang-jkq/170049956.html?s=sou_sou_soulb&t=0_0&req=9c0e4a474c2aeb152c721f00f6e331bf
广东,东莞,中堂镇,广东,东莞,中堂镇,high,exact-city-alias,310,job_019458,https://jobs.51job.com/dongguan-ztz/171186059.html?s=sou_sou_soulb&t=0_0&req=e9899f90befc83a98d623df5790ba6c9
广东,汕头,龙湖区,广东,汕头,龙湖区,high,exact-city-alias,310,job_013036,https://jobs.51job.com/shantou-lhq/171394605.html?s=sou_sou_soulb&t=0_0&req=2b778864b1e1b5427b0d82634e0aa75a
广西,南宁,江南区,广西,南宁,江南区,high,exact-city-alias,309,job_006726,https://jobs.51job.com/nanning-jnq/170394291.html?s=sou_sou_soulb&t=0_0&req=bc8e1b2747700688a25d4e87885bfb36
河南,商丘,,河南,商丘,,high,exact-city-alias,309,job_007024,https://jobs.51job.com/shangqiu/170950141.html?s=sou_sou_soulb&t=0_0&req=8468dee840d7c61d0a3dfc1ebcbed152
福建,福州,晋安区,福建,福州,晋安区,high,exact-city-alias,309,job_006493,https://jobs.51job.com/fuzhou-jaq/171458401.html?s=sou_sou_soulb&t=0_0&req=3b5fc5d5199b102a0f5a0ad878bfb85d
浙江,绍兴,诸暨市,浙江,绍兴,诸暨市,high,exact-city-alias,309,job_005649,https://jobs.51job.com/shaoxing-zjs/171463175.html?s=sou_sou_soulb&t=0_0&req=0bcd7ecbb8c10cd966c70e7739685bd9
安徽,滁州,南谯区,安徽,滁州,南谯区,high,exact-city-alias,307,job_022812,https://jobs.51job.com/chuzhou-nqq/167516906.html?s=sou_sou_soulb&t=0_0&req=0c66f5825b8514e8db6a8b3d5c2b9c3e
,河南省,,河南,,,low,province-only-city-source,305,job_010504,https://jobs.51job.com/all/167606049.html?s=sou_sou_soulb&t=0_0&req=581b5c5aac5f83cdf1c53a7a03239b66
湖北,襄阳,襄州区,湖北,襄阳,襄州区,high,exact-city-alias,304,job_049148,https://jobs.51job.com/xiangyang-xzq/167592975.html?s=sou_sou_soulb&t=0_0&req=5a684518b61cde4ccfc38bf7dc62d932
海南,三亚,,海南,三亚,,high,exact-city-alias,298,job_006471,https://jobs.51job.com/sanya/171412520.html?s=sou_sou_soulb&t=0_0&req=e3a161ee55dc193b46c4008f2a82258a
甘肃,兰州,城关区,甘肃,兰州,城关区,high,exact-city-alias,295,job_008168,https://jobs.51job.com/lanzhou-cgq/169795891.html?s=sou_sou_soulb&t=0_0&req=151199a23ed44bed05ec0c54c2ffd189
,湖南省,,湖南,,,low,province-only-city-source,295,job_023378,https://jobs.51job.com/all/163091569.html?s=sou_sou_soulb&t=0_0&req=7ef09014cf3d7886096a2ba96f4db7be
广西,玉林,,广西,玉林,,high,exact-city-alias,295,job_006764,https://jobs.51job.com/yulin/167562832.html?s=sou_sou_soulb&t=0_0&req=7d3b5c97d6097a008e5e8433e9b9ebec
,陕西省,,陕西,,,low,province-only-city-source,291,job_007822,https://jobs.51job.com/all/144224517.html?s=sou_sou_soulb&t=0_0&req=d44d77ea22635fb2b73bcf05e406526a
陕西,咸阳,秦都区,陕西,咸阳,秦都区,high,exact-city-alias,290,job_007779,https://jobs.51job.com/xianyang-qdq/148496271.html?s=sou_sou_soulb&t=0_0&req=d39bf751ee95785621b4bcbdd616430c
四川,南充,,四川,南充,,high,exact-city-alias,289,job_006271,https://jobs.51job.com/nanchong/171377671.html?s=sou_sou_soulb&t=0_0&req=d85f459dcf12f6a0f62b55be1f73687c
四川,成都,彭州市,四川,成都,彭州市,high,exact-city-alias,288,job_022389,https://jobs.51job.com/chengdu-pzs/171022715.html?s=sou_sou_soulb&t=0_0&req=a10b238cb831295b7a0d927faed32c62
广东,中山,民众镇,广东,中山,民众镇,high,exact-city-alias,287,job_002575,https://jobs.51job.com/zhongshan-mzz/170879136.html?s=sou_sou_soulb&t=0_0&req=cb1882c9e5163bb25021626e8d90b59f
江苏,徐州,鼓楼区,江苏,徐州,鼓楼区,high,exact-city-alias,283,job_005586,https://jobs.51job.com/xuzhou-glq/170124820.html?s=sou_sou_soulb&t=0_0&req=e62fd625dd81f3318d2f3db1b1f33d0a
山东,德州,,山东,德州,,high,exact-city-alias,283,job_045535,https://jobs.51job.com/dezhou/171302188.html?s=sou_sou_soulb&t=0_0&req=abba190ed5eb522c748e404eef988af2
湖南,益阳,,湖南,益阳,,high,exact-city-alias,283,job_007729,https://jobs.51job.com/yiyang/164156595.html?s=sou_sou_soulb&t=0_0&req=42458b447d92a9d9260783407bd67e32
山东,青岛,胶州市,山东,青岛,胶州市,high,exact-city-alias,283,job_015645,https://jobs.51job.com/qingdao-jzs/171530054.html?s=sou_sou_soulb&t=0_0&req=46801818bc94e6cd8a5a5be093df1ef7
陕西,西安,灞桥区,陕西,西安,灞桥区,high,exact-city-alias,281,job_023515,https://jobs.51job.com/xian-bqq/169860364.html?s=sou_sou_soulb&t=0_0&req=067db0ce845460e385276458c9d69d1b
吉林,吉林,,吉林,吉林,,high,exact-city-alias,280,job_008081,https://jobs.51job.com/jilin/138791575.html?s=sou_sou_soulb&t=0_0&req=ca1041eb7ef2ad28ee6103576430ac36
河南,平顶山,,河南,平顶山,,high,exact-city-alias,280,job_007097,https://jobs.51job.com/pingdingshan/167995619.html?s=sou_sou_soulb&t=0_0&req=c35af8d3ee66871094dd3cd424c020d9
内蒙古,赤峰,,内蒙古,赤峰,,high,exact-city-alias,280,job_054219,https://jobs.51job.com/chifeng/171426211.html?s=sou_sou_soulb&t=0_0&req=6a378f3dac944047b0f41a90261b66fb
重庆,重庆,合川区,重庆,重庆,合川区,high,exact-city-alias,280,job_020971,https://jobs.51job.com/chongqing-hcq/171026416.html?s=sou_sou_soulb&t=0_0&req=00dc41b736431653c6436e32757120d0
陕西,西安,新城区,陕西,西安,新城区,high,exact-city-alias,279,job_007864,https://jobs.51job.com/xian-xcq/170739855.html?s=sou_sou_soulb&t=0_0&req=dc0447fea915f84aae101fc3303382dd
湖北,天门,,湖北,天门,,high,51job-area-alias,277,job_023089,https://jobs.51job.com/tianmen/169599992.html?s=sou_sou_soulb&t=0_0&req=2c51064ec6c630584cc14ce2480d7018
云南,玉溪,,云南,玉溪,,high,exact-city-alias,277,job_010933,https://jobs.51job.com/yuxi/169795127.html?s=sou_sou_soulb&t=0_0&req=5579ab249fd9dc010f65b01b2befcec7
福建,福州,仓山区,福建,福州,仓山区,high,exact-city-alias,277,job_006515,https://jobs.51job.com/fuzhou-csq/129320233.html?s=sou_sou_soulb&t=0_0&req=3b5fc5d5199b102a0f5a0ad878bfb85d
贵州,贵阳,南明区,贵州,贵阳,南明区,high,exact-city-alias,276,job_013873,https://jobs.51job.com/guiyang-nmq/171132022.html?s=sou_sou_soulb&t=0_0&req=9b248ece7eb5b67d864dae56c4074d1b
河北,衡水,,河北,衡水,,high,exact-city-alias,275,job_048277,https://jobs.51job.com/hengshui/171244376.html?s=sou_sou_soulb&t=0_0&req=a8e7385fdc0940340cd61002368aef0c
广东,梅州,,广东,梅州,,high,exact-city-alias,273,job_002637,https://jobs.51job.com/meizhou/161807320.html?s=sou_sou_soulb&t=0_0&req=342609d3d75fefeed7b983441327f97b
重庆,重庆,大渡口区,重庆,重庆,大渡口区,high,exact-city-alias,273,job_003837,https://jobs.51job.com/chongqing-ddkq/170269402.html?s=sou_sou_soulb&t=0_0&req=90034b182fc29c92c3ea7530d30db53b
江西,抚州,,江西,抚州,,high,exact-city-alias,272,job_006680,https://jobs.51job.com/fuzhoue/171599031.html?s=sou_sou_soulb&t=0_0&req=c3f9bf16c92fd67fff6ba2a1ab89af25
,安徽省,,安徽,,,low,province-only-city-source,270,job_006901,https://jobs.51job.com/all/158053966.html?s=sou_sou_soulb&t=0_0&req=abf6b693e7a904c2f7e4e24033549fe9
四川,乐山,,四川,乐山,,high,exact-city-alias,268,job_017455,https://jobs.51job.com/leshan/170537480.html?s=sou_sou_soulb&t=0_0&req=7dd4df9b4dceb7dce345f8e4f78ede6a
安徽,合肥,滨湖新区,安徽,合肥,滨湖新区,high,exact-city-alias,268,job_006836,https://jobs.51job.com/hefei-bhxq/171615036.html?s=sou_sou_soulb&t=0_0&req=691ba960ae82a200b7e8aea75dc1d411
吉林,长春,绿园区,吉林,长春,绿园区,high,exact-city-alias,268,job_023680,https://jobs.51job.com/changchun-lyq/166673513.html?s=sou_sou_soulb&t=0_0&req=1fcdc5b89fc432a84f37b17b7a5a6471
山西,长治,,山西,长治,,high,exact-city-alias,268,job_052188,https://jobs.51job.com/changzhi/171608878.html?s=sou_sou_soulb&t=0_0&req=a08e3c1e2456a986f70b34f265f5ec96
江苏,徐州,铜山区,江苏,徐州,铜山区,high,exact-city-alias,267,job_005576,https://jobs.51job.com/xuzhou-tsq/171584131.html?s=sou_sou_soulb&t=0_0&req=e62fd625dd81f3318d2f3db1b1f33d0a
浙江,金华,武义县,浙江,金华,武义县,high,exact-city-alias,267,job_006142,https://jobs.51job.com/jinhua-wyx/168697721.html?s=sou_sou_soulb&t=0_0&req=8ab87ab8ed349cef52c4ce3a7e995e23
湖北,随州,,湖北,随州,,high,exact-city-alias,267,job_007498,https://jobs.51job.com/suizhou/166793193.html?s=sou_sou_soulb&t=0_0&req=b64e0ad9aae23d3278684cdba9fdc600
江西,南昌,东湖区,江西,南昌,东湖区,high,exact-city-alias,265,job_006706,https://jobs.51job.com/nanchang-dhq/161240364.html?s=sou_sou_soulb&t=0_0&req=b5324070a3a86a5284c191adc4b541d1
四川,成都,崇州市,四川,成都,崇州市,high,exact-city-alias,265,job_006274,https://jobs.51job.com/chengdu-czs/153883882.html?s=sou_sou_soulb&t=0_0&req=d85f459dcf12f6a0f62b55be1f73687c
河南,鹤壁,,河南,鹤壁,,high,exact-city-alias,265,job_007065,https://jobs.51job.com/hebi/168976884.html?s=sou_sou_soulb&t=0_0&req=8468dee840d7c61d0a3dfc1ebcbed152
河北,承德,,河北,承德,,high,exact-city-alias,264,job_048152,https://jobs.51job.com/chengde/171431629.html?s=sou_sou_soulb&t=0_0&req=cbfa03c686a8609e4998a7f1e9b474d0
江苏,泰州,姜堰区,江苏,泰州,姜堰区,high,exact-city-alias,264,job_005611,https://jobs.51job.com/taizhou-jyq/170193069.html?s=sou_sou_soulb&t=0_0&req=3e75a6a6b993f16a4806685ce0ec5e85
江苏,镇江,镇江新区,江苏,镇江,镇江新区,high,exact-city-alias,264,job_005569,https://jobs.51job.com/zhenjiang-zjxq/171520568.html?s=sou_sou_soulb&t=0_0&req=9c0e4a474c2aeb152c721f00f6e331bf
山西,临汾,,山西,临汾,,high,exact-city-alias,262,job_052244,https://jobs.51job.com/linfen/171547501.html?s=sou_sou_soulb&t=0_0&req=218719195a689baf70f026b84ee9aa10
浙江,台州,临海市,浙江,台州,临海市,high,exact-city-alias,262,job_005980,https://jobs.51job.com/taizhoue-lhs/164987035.html?s=sou_sou_soulb&t=0_0&req=a3f2a8b287fd81f6688199024af92f6c
浙江,台州,玉环市,浙江,台州,玉环市,high,exact-city-alias,262,job_006064,https://jobs.51job.com/taizhoue-yhs/170355493.html?s=sou_sou_soulb&t=0_0&req=34fad811e6d1f5a4e132723937905a37
福建,莆田,,福建,莆田,,high,exact-city-alias,262,job_022527,https://jobs.51job.com/putian/161149101.html?s=sou_sou_soulb&t=0_0&req=aa0efc107195617b930bc286ded43f3b
广东,汕尾,,广东,汕尾,,high,exact-city-alias,261,job_015184,https://jobs.51job.com/shanwei/170297279.html?s=sou_sou_soulb&t=0_0&req=4ae3ac133cba33b2665a1504d6a80170
安徽,芜湖,镜湖区,安徽,芜湖,镜湖区,high,exact-city-alias,261,job_006917,https://jobs.51job.com/wuhu-jhq/170501869.html?s=sou_sou_soulb&t=0_0&req=abf6b693e7a904c2f7e4e24033549fe9
山东,青岛,即墨区,山东,青岛,即墨区,high,exact-city-alias,261,job_006567,https://jobs.51job.com/qingdao-jmq/170802682.html?s=sou_sou_soulb&t=0_0&req=49fa21f4a13df9e7f28418008970f854
浙江,金华,东阳市,浙江,金华,东阳市,high,exact-city-alias,260,job_005888,https://jobs.51job.com/jinhua-dys/167498466.html?s=sou_sou_soulb&t=0_0&req=f2d7ee2278ccc377b7c1ab44cb590dbb
四川,成都,简阳市,四川,成都,简阳市,high,exact-city-alias,258,job_006160,https://jobs.51job.com/chengdu-jys/171325034.html?s=sou_sou_soulb&t=0_0&req=60a5c2805641692fcae5e74872595e55
江西,新余,,江西,新余,,high,exact-city-alias,257,job_046508,https://jobs.51job.com/xinyu/168938570.html?s=sou_sou_soulb&t=0_0&req=9ef853957fda98b54b28c73f24258837
云南,红河州,,云南,红河州,,high,51job-area-alias,257,job_015780,https://jobs.51job.com/honghezhou/169773212.html?s=sou_sou_soulb&t=0_0&req=4b3d8ddb080a15451bb9a98fa0a9d7b6
江苏,连云港,连云区,江苏,连云港,连云区,high,exact-city-alias,256,job_005596,https://jobs.51job.com/lianyungang-lyq/171224279.html?s=sou_sou_soulb&t=0_0&req=9ddde18ae06488289653c10ccafc3e2f
河北,石家庄,长安区,河北,石家庄,长安区,high,exact-city-alias,254,job_013770,https://jobs.51job.com/shijiazhuang-caq/171332561.html?s=sou_sou_soulb&t=0_0&req=c9e7598d421b7a8c72f42c4d977a499b
,福建省,,福建,,,low,province-only-city-source,254,job_006539,https://jobs.51job.com/all/166328982.html?s=sou_sou_soulb&t=0_0&req=79ea65d94504be4b8d5c3a60ff278d27
安徽,合肥,庐江县,安徽,合肥,庐江县,high,exact-city-alias,253,job_010411,https://jobs.51job.com/hefei-ljx/171522545.html?s=sou_sou_soulb&t=0_0&req=35379da1d393a19c916fe46fbfca7d99
深圳,深圳,大鹏新区,广东,深圳,大鹏新区,high,exact-city-alias,253,job_003197,https://jobs.51job.com/shenzhen-dpxq/167364883.html?s=sou_sou_soulb&t=0_0&req=774c388ff5064209f1d7010d9f77c3ce
上海,上海,崇明区,上海,上海,崇明区,high,exact-city-alias,252,job_000800,https://jobs.51job.com/shanghai-cmq/161883552.html?s=sou_sou_soulb&t=0_0&req=938def3a6ad2ff1e7930654da77b8b4d
云南,楚雄,,云南,楚雄,,high,51job-area-alias,252,job_014730,https://jobs.51job.com/chuxiong/171443963.html?s=sou_sou_soulb&t=0_0&req=0b2019fe8b639c164638ca524fec487c
湖南,邵阳,,湖南,邵阳,,high,exact-city-alias,252,job_023369,https://jobs.51job.com/shaoyang/171652634.html?s=sou_sou_soulb&t=0_0&req=7ef09014cf3d7886096a2ba96f4db7be
安徽,铜陵,,安徽,铜陵,,high,exact-city-alias,251,job_006859,https://jobs.51job.com/tongling/169498908.html?s=sou_sou_soulb&t=0_0&req=691ba960ae82a200b7e8aea75dc1d411
广东,揭阳,,广东,揭阳,,high,exact-city-alias,250,job_030707,https://jobs.51job.com/jieyang/171507383.html?s=sou_sou_soulb&t=0_0&req=225285c3f8e11071bc2de8a470be0291
浙江,台州,路桥区,浙江,台州,路桥区,high,exact-city-alias,249,job_022153,https://jobs.51job.com/taizhoue-lqq/169678906.html?s=sou_sou_soulb&t=0_0&req=b9f406c7440589e28b09c757f84e4f7b
广东,开平,,广东,开平,,high,51job-area-alias,249,job_009046,https://jobs.51job.com/kaiping/171647976.html?s=sou_sou_soulb&t=0_0&req=7ce1f9c85146cbd024c32bc5a55b5c1e
海南,三亚,崖州区,海南,三亚,崖州区,high,exact-city-alias,248,job_006460,https://jobs.51job.com/sanya-yzq/171506460.html?s=sou_sou_soulb&t=0_0&req=e3a161ee55dc193b46c4008f2a82258a
云南,昆明,晋宁区,云南,昆明,晋宁区,high,exact-city-alias,246,job_023696,https://jobs.51job.com/kunming-jnq/170838209.html?s=sou_sou_soulb&t=0_0&req=b7589255193a9fd904121e4a96fbed1a
广东,湛江,赤坎区,广东,湛江,赤坎区,high,exact-city-alias,246,job_019924,https://jobs.51job.com/zhanjiang-ckq/153698721.html?s=sou_sou_soulb&t=0_0&req=222a34700b53a4274329019acc7edbbf
山东,泰安,,山东,泰安,,high,exact-city-alias,245,job_006640,https://jobs.51job.com/taian/168860435.html?s=sou_sou_soulb&t=0_0&req=ec3d23181e884f6e354727f6abc0ef9d
陕西,渭南,,陕西,渭南,,high,exact-city-alias,245,job_023506,https://jobs.51job.com/weinan/166687944.html?s=sou_sou_soulb&t=0_0&req=067db0ce845460e385276458c9d69d1b
湖南,娄底,,湖南,娄底,,high,exact-city-alias,244,job_023436,https://jobs.51job.com/loudi/166685644.html?s=sou_sou_soulb&t=0_0&req=033b2ba7ac2eaaf6c1c2bf40a999fcff
湖北,潜江,,湖北,潜江,,high,51job-area-alias,244,job_007442,https://jobs.51job.com/qianjiang/167548341.html?s=sou_sou_soulb&t=0_0&req=e12f8270ec4af4a54d6cbeec0de11d32
广西,钦州,,广西,钦州,,high,exact-city-alias,244,job_006748,https://jobs.51job.com/qinzhou/170503350.html?s=sou_sou_soulb&t=0_0&req=bc8e1b2747700688a25d4e87885bfb36
江苏,连云港,海州区,江苏,连云港,海州区,high,exact-city-alias,243,job_039253,https://jobs.51job.com/lianyungang-hzq/169293426.html?s=sou_sou_soulb&t=0_0&req=e7ac7a77f978593222de738756b9b7c5
山东,济南,市中区,山东,济南,市中区,high,exact-city-alias,242,job_006630,https://jobs.51job.com/jinan-szq/170722259.html?s=sou_sou_soulb&t=0_0&req=ec3d23181e884f6e354727f6abc0ef9d
山东,济南,槐荫区,山东,济南,槐荫区,high,exact-city-alias,242,job_015648,https://jobs.51job.com/jinan-hyq/171625795.html?s=sou_sou_soulb&t=0_0&req=46801818bc94e6cd8a5a5be093df1ef7
广东,中山,坦洲镇,广东,中山,坦洲镇,high,exact-city-alias,241,job_002556,https://jobs.51job.com/zhongshan-tzz/168802686.html?s=sou_sou_soulb&t=0_0&req=cb1882c9e5163bb25021626e8d90b59f
河南,郑州,经开区,河南,郑州,经开区,high,exact-city-alias,240,job_007067,https://jobs.51job.com/zhengzhou-jkq/170562946.html?s=sou_sou_soulb&t=0_0&req=8468dee840d7c61d0a3dfc1ebcbed152
广东,清远,英德市,广东,清远,英德市,high,exact-city-alias,239,job_009047,https://jobs.51job.com/qingyuan-yds/171638200.html?s=sou_sou_soulb&t=0_0&req=7ce1f9c85146cbd024c32bc5a55b5c1e
河南,郑州,高新区,河南,郑州,高新区,high,exact-city-alias,239,job_007023,https://jobs.51job.com/zhengzhou-gxq/171619698.html?s=sou_sou_soulb&t=0_0&req=8468dee840d7c61d0a3dfc1ebcbed152
河北,石家庄,裕华区,河北,石家庄,裕华区,high,exact-city-alias,238,job_007003,https://jobs.51job.com/shijiazhuang-yhq/170824461.html?s=sou_sou_soulb&t=0_0&req=90054f74abfc5b504146f32061ab66f5
江苏,盐城,大丰区,江苏,盐城,大丰区,high,exact-city-alias,236,job_005600,https://jobs.51job.com/yancheng-dfq/170876615.html?s=sou_sou_soulb&t=0_0&req=418ea2dd457ea3ed72c0a0a0798b078c
浙江,金华,兰溪市,浙江,金华,兰溪市,high,exact-city-alias,234,job_022187,https://jobs.51job.com/jinhua-lxs/170863735.html?s=sou_sou_soulb&t=0_0&req=b9f406c7440589e28b09c757f84e4f7b
广东,江门,台山市,广东,江门,台山市,high,exact-city-alias,233,job_002602,https://jobs.51job.com/jiangmen-tss/168617561.html?s=sou_sou_soulb&t=0_0&req=1e21b32190f3b072784d350dac151ee4
广东,中山,板芙镇,广东,中山,板芙镇,high,exact-city-alias,232,job_002531,https://jobs.51job.com/zhongshan-bfz/162029667.html?s=sou_sou_soulb&t=0_0&req=cb1882c9e5163bb25021626e8d90b59f
四川,成都,邛崃市,四川,成都,邛崃市,high,exact-city-alias,232,job_016894,https://jobs.51job.com/chengdu-qls/161257144.html?s=sou_sou_soulb&t=0_0&req=5d3c6cc453b2edd795515e94b7a1041a
湖南,怀化,,湖南,怀化,,high,exact-city-alias,231,job_050675,https://jobs.51job.com/huaihua/171671443.html?s=sou_sou_soulb&t=0_0&req=aeebc564cb263ec466f7a02178e4107a
贵州,毕节,,贵州,毕节,,high,exact-city-alias,231,job_053802,https://jobs.51job.com/bijie/149436103.html?s=sou_sou_soulb&t=0_0&req=336dad0564408e526c7ca871092f28c3
重庆,重庆,长寿区,重庆,重庆,长寿区,high,exact-city-alias,231,job_003944,https://jobs.51job.com/chongqing-csq/169043903.html?s=sou_sou_soulb&t=0_0&req=ee67e2b4eea84b3b3d7cb99f2db3489a
河北,雄安新区,,河北,雄安新区,,high,51job-area-alias,231,job_007009,https://jobs.51job.com/xiongan-xaxq/167939576.html?s=sou_sou_soulb&t=0_0&req=90054f74abfc5b504146f32061ab66f5
四川,成都,新津区,四川,成都,新津区,high,exact-city-alias,230,job_015622,https://jobs.51job.com/chengdou-xjq/153106485.html?s=sou_sou_soulb&t=0_0&req=ca055ed59b461194d5690cd195638427
陕西,西安,经济技术开发区,陕西,西安,经济技术开发区,high,exact-city-alias,230,job_007823,https://jobs.51job.com/xian-jjjs/171605580.html?s=sou_sou_soulb&t=0_0&req=d44d77ea22635fb2b73bcf05e406526a
江西,九江,修水县,江西,九江,修水县,high,exact-city-alias,229,job_006663,https://jobs.51job.com/jiujiang-xsx/170924578.html?s=sou_sou_soulb&t=0_0&req=c3f9bf16c92fd67fff6ba2a1ab89af25
浙江,绍兴,新昌县,浙江,绍兴,新昌县,high,exact-city-alias,227,job_005758,https://jobs.51job.com/shaoxing-xcx/171505456.html?s=sou_sou_soulb&t=0_0&req=80e7a95737c2b443cd4650410e471193
广东,惠州,龙门县,广东,惠州,龙门县,high,exact-city-alias,224,job_030053,https://jobs.51job.com/huizhou-lmx/167701593.html?s=sou_sou_soulb&t=0_0&req=fa0c2cbe2c01bbac6ab9ac819125bdb5
新疆,阿克苏,,新疆,阿克苏,,high,exact-city-alias,224,job_023865,https://jobs.51job.com/akesu/166713864.html?s=sou_sou_soulb&t=0_0&req=eeb79134135ecd3387e01889ec189962
江西,鹰潭,,江西,鹰潭,,high,exact-city-alias,224,job_015661,https://jobs.51job.com/yingtan/161065756.html?s=sou_sou_soulb&t=0_0&req=0497b842280bb443b63d06323d8e5640
江西,南昌,西湖区,江西,南昌,西湖区,high,exact-city-alias,223,job_006659,https://jobs.51job.com/nanchang-xhq/171409813.html?s=sou_sou_soulb&t=0_0&req=c3f9bf16c92fd67fff6ba2a1ab89af25
江苏,镇江,丹徒区,江苏,镇江,丹徒区,high,exact-city-alias,223,job_015456,https://jobs.51job.com/zhenjiang-dtq/170339618.html?s=sou_sou_soulb&t=0_0&req=9e180049a0dee2806dc118dd47794b63
山东,聊城,,山东,聊城,,high,exact-city-alias,222,job_006599,https://jobs.51job.com/liaocheng/146972840.html?s=sou_sou_soulb&t=0_0&req=49fa21f4a13df9e7f28418008970f854
湖北,鄂州,华容区,湖北,鄂州,华容区,high,exact-city-alias,222,job_023306,https://jobs.51job.com/ezhou-hrq/170789630.html?s=sou_sou_soulb&t=0_0&req=9d1be2a3ced904a00891cd3087d4c5ca
江苏,扬州,广陵区,江苏,扬州,广陵区,high,exact-city-alias,221,job_005510,https://jobs.51job.com/yangzhou-glq/170783336.html?s=sou_sou_soulb&t=0_0&req=6d0bcf44b4c0ee0c1e5e7a04bf32a85a
山东,济南,高新区,山东,济南,高新区,high,exact-city-alias,221,job_006589,https://jobs.51job.com/jinan-gxq/171388845.html?s=sou_sou_soulb&t=0_0&req=49fa21f4a13df9e7f28418008970f854
广东,潮州,,广东,潮州,,high,exact-city-alias,221,job_030676,https://jobs.51job.com/chaozhou/171572651.html?s=sou_sou_soulb&t=0_0&req=f9d1049ce2aac3d1f90633e3cebd52d8
四川,眉山,东坡区,四川,眉山,东坡区,high,exact-city-alias,221,job_022433,https://jobs.51job.com/meishan-dpq/169842923.html?s=sou_sou_soulb&t=0_0&req=c96c5f97cbeb32f4f061a95126a4d16b
重庆,重庆,铜梁区,重庆,重庆,铜梁区,high,exact-city-alias,221,job_003885,https://jobs.51job.com/chongqing-tlq/171371902.html?s=sou_sou_soulb&t=0_0&req=0d8ebd58785bdb5630a2b7a94788030c
,河北省,,河北,,,low,province-only-city-source,220,job_022904,https://jobs.51job.com/all/156691027.html?s=sou_sou_soulb&t=0_0&req=5a954a9a4370685a320edde176a427b9
辽宁,鞍山,,辽宁,鞍山,,high,exact-city-alias,220,job_007972,https://jobs.51job.com/anshan/158808701.html?s=sou_sou_soulb&t=0_0&req=e1b1b71554bb5199b3e777db2b72821f
,上海-黄浦区,,上海,上海,黄浦区,high,city-hyphen-district,219,job_000546,https://jobs.51job.com/all/144224510.html?s=sou_sou_soulb&t=0_0&req=acb5611fd237e1174f0cf1008dd683b6
四川,内江,,四川,内江,,high,exact-city-alias,218,job_022362,https://jobs.51job.com/neijiang/168811457.html?s=sou_sou_soulb&t=0_0&req=a10b238cb831295b7a0d927faed32c62
吉林,长春,南关区,吉林,长春,南关区,high,exact-city-alias,217,job_008073,https://jobs.51job.com/changchun-ngq/153975362.html?s=sou_sou_soulb&t=0_0&req=ca1041eb7ef2ad28ee6103576430ac36
辽宁,沈阳,皇姑区,辽宁,沈阳,皇姑区,high,exact-city-alias,216,job_007963,https://jobs.51job.com/shenyang-hgq/171505786.html?s=sou_sou_soulb&t=0_0&req=e1b1b71554bb5199b3e777db2b72821f
山东,青岛,李沧区,山东,青岛,李沧区,high,exact-city-alias,216,job_006561,https://jobs.51job.com/qingdao-lcq/170827680.html?s=sou_sou_soulb&t=0_0&req=49fa21f4a13df9e7f28418008970f854
,江西省,,江西,,,low,province-only-city-source,214,job_017476,https://jobs.51job.com/all/171129785.html?s=sou_sou_soulb&t=0_0&req=7ce2d9011ac83cb214d921429504aa71
四川,宜宾,翠屏区,四川,宜宾,翠屏区,high,exact-city-alias,212,job_043293,https://jobs.51job.com/yibin-cpq/148998737.html?s=sou_sou_soulb&t=0_0&req=5b494617c958144a702ed9f6df94f83e
安徽,淮南,,安徽,淮南,,high,exact-city-alias,212,job_006986,https://jobs.51job.com/huainan/170848651.html?s=sou_sou_soulb&t=0_0&req=9751a68be2a5a1d987bb0f4f0d803ef1
江苏,淮安,淮安区,江苏,淮安,淮安区,high,exact-city-alias,212,job_005621,https://jobs.51job.com/huaian-haq/169164643.html?s=sou_sou_soulb&t=0_0&req=7c6e4ea859d1a6f945607ec5df33dbf2
,辽宁省,,辽宁,,,low,province-only-city-source,212,job_007944,https://jobs.51job.com/all/168232899.html?s=sou_sou_soulb&t=0_0&req=e1b1b71554bb5199b3e777db2b72821f
黑龙江,哈尔滨,南岗区,黑龙江,哈尔滨,南岗区,high,exact-city-alias,209,job_007934,https://jobs.51job.com/hadongbin-ngq/169370502.html?s=sou_sou_soulb&t=0_0&req=4f6c5cd0449bdc71eacb934c0f062029
广东,汕头,金平区,广东,汕头,金平区,high,exact-city-alias,209,job_002529,https://jobs.51job.com/shantou-jpq/170422345.html?s=sou_sou_soulb&t=0_0&req=acb0e5a0af9e07d69d1751f724413d42
湖北,孝感,孝南区,湖北,孝感,孝南区,high,exact-city-alias,208,job_015721,https://jobs.51job.com/xiaogan-xnq/171360594.html?s=sou_sou_soulb&t=0_0&req=d474ab6e8efca8e5d4523300af6d68ea
陕西,西安,高陵区,陕西,西安,高陵区,high,exact-city-alias,208,job_007868,https://jobs.51job.com/xian-glq/170687704.html?s=sou_sou_soulb&t=0_0&req=dc0447fea915f84aae101fc3303382dd
天津,天津,河东区,天津,天津,河东区,high,exact-city-alias,207,job_009524,https://jobs.51job.com/tianjin-hdq/171578764.html?s=sou_sou_soulb&t=0_0&req=8f84462a4a5ce9a95355ae8d9edb3282
福建,福州,福清市,福建,福州,福清市,high,exact-city-alias,206,job_006483,https://jobs.51job.com/fuzhou-fqs/170530930.html?s=sou_sou_soulb&t=0_0&req=3b5fc5d5199b102a0f5a0ad878bfb85d
北京,北京,房山区,北京,北京,房山区,high,exact-city-alias,205,job_000010,https://jobs.51job.com/beijing-fsq/171486075.html?s=sou_sou_soulb&t=0_0&req=0949676080f5f0934c4c3b057039b46f
浙江,杭州,建德市,浙江,杭州,建德市,high,exact-city-alias,205,job_014557,https://jobs.51job.com/hangzhou-jds/170569669.html?s=sou_sou_soulb&t=0_0&req=d2483cff9bd68ca4fb9a4e340ab6443c
广东,中山,东凤镇,广东,中山,东凤镇,high,exact-city-alias,204,job_002545,https://jobs.51job.com/zhongshan-dfz/168468937.html?s=sou_sou_soulb&t=0_0&req=cb1882c9e5163bb25021626e8d90b59f
天津,天津,北辰区,天津,天津,北辰区,high,exact-city-alias,204,job_035721,https://jobs.51job.com/tianjin-bcq/154756100.html?s=sou_sou_soulb&t=0_0&req=b518dec0cc90c227cf191961b1b1c359
海南,海口,秀英区,海南,海口,秀英区,high,exact-city-alias,204,job_010242,https://jobs.51job.com/haikou-xyq/171262539.html?s=sou_sou_soulb&t=0_0&req=32b067dc0eac21a5ae1669e24aa67b3b
湖北,宜昌,西陵区,湖北,宜昌,西陵区,high,exact-city-alias,203,job_007387,https://jobs.51job.com/yichang-xlq/170275783.html?s=sou_sou_soulb&t=0_0&req=e55dea60baa022a4d8aace2e46a8e7d7
广东,云浮,,广东,云浮,,high,exact-city-alias,202,job_002638,https://jobs.51job.com/yunfu/171633244.html?s=sou_sou_soulb&t=0_0&req=b3c6b41c57facb98850d9f365507a89d
广东,中山,横栏镇,广东,中山,横栏镇,high,exact-city-alias,201,job_002533,https://jobs.51job.com/zhongshan-hlz/169244409.html?s=sou_sou_soulb&t=0_0&req=cb1882c9e5163bb25021626e8d90b59f
安徽,亳州,,安徽,亳州,,high,exact-city-alias,201,job_013766,https://jobs.51job.com/bozhou/170848772.html?s=sou_sou_soulb&t=0_0&req=f35e7eff63ba7df47864108f51778968
安徽,合肥,肥东县,安徽,合肥,肥东县,high,exact-city-alias,201,job_006886,https://jobs.51job.com/hefei-fdx/170795523.html?s=sou_sou_soulb&t=0_0&req=abf6b693e7a904c2f7e4e24033549fe9
辽宁,大连,高新园区,辽宁,大连,高新园区,high,exact-city-alias,201,job_007950,https://jobs.51job.com/dalian-gxyq/170769173.html?s=sou_sou_soulb&t=0_0&req=e1b1b71554bb5199b3e777db2b72821f
广西,梧州,,广西,梧州,,high,exact-city-alias,201,job_006761,https://jobs.51job.com/wuzhou/167562828.html?s=sou_sou_soulb&t=0_0&req=7d3b5c97d6097a008e5e8433e9b9ebec
,云南省,,云南,,,low,province-only-city-source,200,job_023722,https://jobs.51job.com/all/163091568.html?s=sou_sou_soulb&t=0_0&req=b7589255193a9fd904121e4a96fbed1a
四川,宜宾,叙州区,四川,宜宾,叙州区,high,exact-city-alias,200,job_013683,https://jobs.51job.com/yibin-xzq/162416458.html?s=sou_sou_soulb&t=0_0&req=6b95646c567a7e1a727629ca3a7867f8
西藏,拉萨,,西藏,拉萨,,high,exact-city-alias,200,job_014020,https://jobs.51job.com/lhasa/171338599.html?s=sou_sou_soulb&t=0_0&req=df71676a8d2bd8defb4e7ddc17927dfd
甘肃,天水,,甘肃,天水,,high,exact-city-alias,199,job_054051,https://jobs.51job.com/tianshui/171230334.html?s=sou_sou_soulb&t=0_0&req=3334686c44203ef1b47776580eeb8152
云南,昆明,安宁市,云南,昆明,安宁市,high,exact-city-alias,199,job_053190,https://jobs.51job.com/kunming-ans/170242412.html?s=sou_sou_soulb&t=0_0&req=69a2c4226ec4e604634fb31b40f8ee82
浙江,衢州,柯城区,浙江,衢州,柯城区,high,exact-city-alias,199,job_042047,https://jobs.51job.com/quzhou-kcq/170452000.html?s=sou_sou_soulb&t=0_0&req=c4134c0f02539a16c739c0f0d9635d37
四川,达州,,四川,达州,,high,exact-city-alias,198,job_014566,https://jobs.51job.com/dazhou/171672917.html?s=sou_sou_soulb&t=0_0&req=0a71355dc69ad51643b8101d54434f24
广西,柳州,柳南区,广西,柳州,柳南区,high,exact-city-alias,197,job_014615,https://jobs.51job.com/liuzhou-lnq/170117263.html?s=sou_sou_soulb&t=0_0&req=0ef277322c4a48087424cfc9e520e3ec
河南,濮阳,,河南,濮阳,,high,exact-city-alias,197,job_011829,https://jobs.51job.com/puyang/171354362.html?s=sou_sou_soulb&t=0_0&req=c26b48e08a2905eaa5fd3a906f73fd09
广东,中山,古镇镇,广东,中山,古镇镇,high,exact-city-alias,196,job_002592,https://jobs.51job.com/zhongshan-gzz/168470332.html?s=sou_sou_soulb&t=0_0&req=6fb61227ad97117769fd0d822058e6f7
江苏,镇江,扬中市,江苏,镇江,扬中市,high,exact-city-alias,196,job_017358,https://jobs.51job.com/zhenjiang-yzs/171381159.html?s=sou_sou_soulb&t=0_0&req=20f68e296e8ed57962d03c267f77bfc8
湖南,株洲,石峰区,湖南,株洲,石峰区,high,exact-city-alias,195,job_007623,https://jobs.51job.com/zhuzhou-sfq/171665724.html?s=sou_sou_soulb&t=0_0&req=d1d0d05b398a90240b491b32f9ee423c
辽宁,沈阳,于洪区,辽宁,沈阳,于洪区,high,exact-city-alias,195,job_010866,https://jobs.51job.com/shenyang-yhq/168532485.html?s=sou_sou_soulb&t=0_0&req=7d4d27b45af35588a0aef5a8606ad923
广东,清远,佛冈县,广东,清远,佛冈县,high,exact-city-alias,195,job_030668,https://jobs.51job.com/qingyuan-fgx/168047653.html?s=sou_sou_soulb&t=0_0&req=cb929b6c444f2a6e08e6e1d0171fd2c5
山东,烟台,芝罘区,山东,烟台,芝罘区,high,exact-city-alias,195,job_010340,https://jobs.51job.com/yantai-zfq/163019704.html?s=sou_sou_soulb&t=0_0&req=c24ae2338f809dffd81ef915d97b4665
浙江,台州,三门县,浙江,台州,三门县,high,exact-city-alias,194,job_041890,https://jobs.51job.com/taizhoue-smx/171477988.html?s=sou_sou_soulb&t=0_0&req=7115b3cdae868c9664943bef1091d308
江苏,徐州,云龙区,江苏,徐州,云龙区,high,exact-city-alias,194,job_021062,https://jobs.51job.com/xuzhou-ylq/170381951.html?s=sou_sou_soulb&t=0_0&req=45b6d6540a72302c08d15f5b22fda094
重庆,重庆,永川区,重庆,重庆,永川区,high,exact-city-alias,194,job_003940,https://jobs.51job.com/chongqing-ycq/170116462.html?s=sou_sou_soulb&t=0_0&req=ee67e2b4eea84b3b3d7cb99f2db3489a
湖南,永州,,湖南,永州,,high,exact-city-alias,192,job_023454,https://jobs.51job.com/yongzhou/170558597.html?s=sou_sou_soulb&t=0_0&req=033b2ba7ac2eaaf6c1c2bf40a999fcff
江苏,镇江,句容市,江苏,镇江,句容市,high,exact-city-alias,192,job_005572,https://jobs.51job.com/zhenjiang-jrs/170419960.html?s=sou_sou_soulb&t=0_0&req=9c0e4a474c2aeb152c721f00f6e331bf
浙江,台州,黄岩区,浙江,台州,黄岩区,high,exact-city-alias,191,job_021798,https://jobs.51job.com/taizhoue-hyq/171217487.html?s=sou_sou_soulb&t=0_0&req=266870f44162a77eb633b16ef7d09bb2
江苏,扬州,江都区,江苏,扬州,江都区,high,exact-city-alias,190,job_005502,https://jobs.51job.com/yangzhou-jdq/170281464.html?s=sou_sou_soulb&t=0_0&req=6d0bcf44b4c0ee0c1e5e7a04bf32a85a
广东,清远,清新区,广东,清远,清新区,high,exact-city-alias,189,job_002627,https://jobs.51job.com/qingyuan-qxq/171604962.html?s=sou_sou_soulb&t=0_0&req=0033b3559af545ef0e2fd11017e9a4d7
河南,漯河,,河南,漯河,,high,exact-city-alias,189,job_048507,https://jobs.51job.com/luohe/171653834.html?s=sou_sou_soulb&t=0_0&req=b2fa2674ef955b7cf8d98cc67e15979b
广西,北海,,广西,北海,,high,exact-city-alias,188,job_006763,https://jobs.51job.com/beihai/167562799.html?s=sou_sou_soulb&t=0_0&req=7d3b5c97d6097a008e5e8433e9b9ebec
安徽,淮北,,安徽,淮北,,high,exact-city-alias,188,job_006902,https://jobs.51job.com/huaibei/168699333.html?s=sou_sou_soulb&t=0_0&req=abf6b693e7a904c2f7e4e24033549fe9
江苏,淮安,淮阴区,江苏,淮安,淮阴区,high,exact-city-alias,188,job_005623,https://jobs.51job.com/huaian-hyq/169607956.html?s=sou_sou_soulb&t=0_0&req=7c6e4ea859d1a6f945607ec5df33dbf2
广东,中山,西区,广东,中山,西区,high,exact-city-alias,187,job_002534,https://jobs.51job.com/zhongshan-xq/171622604.html?s=sou_sou_soulb&t=0_0&req=cb1882c9e5163bb25021626e8d90b59f
内蒙古,通辽,,内蒙古,通辽,,high,exact-city-alias,187,job_054223,https://jobs.51job.com/tongliao/171426164.html?s=sou_sou_soulb&t=0_0&req=6a378f3dac944047b0f41a90261b66fb
云南,昭通,,云南,昭通,,high,exact-city-alias,185,job_053137,https://jobs.51job.com/zhaotong/171105621.html?s=sou_sou_soulb&t=0_0&req=89aa790a4bebed7ba4a3573976c7cc9a
广东,中山,黄圃镇,广东,中山,黄圃镇,high,exact-city-alias,184,job_002530,https://jobs.51job.com/zhongshan-hpz/171571542.html?s=sou_sou_soulb&t=0_0&req=cb1882c9e5163bb25021626e8d90b59f
广东,中山,南区,广东,中山,南区,high,exact-city-alias,184,job_002561,https://jobs.51job.com/zhongshan-nq/171020752.html?s=sou_sou_soulb&t=0_0&req=cb1882c9e5163bb25021626e8d90b59f
安徽,宣城,广德市,安徽,宣城,广德市,high,exact-city-alias,184,job_015673,https://jobs.51job.com/xuancheng-gds/171350086.html?s=sou_sou_soulb&t=0_0&req=13f5b00187eb3ae24442328f7cc7140d
贵州,六盘水,,贵州,六盘水,,high,exact-city-alias,183,job_053892,https://jobs.51job.com/liupanshui/167841803.html?s=sou_sou_soulb&t=0_0&req=993f0b1beb3bc6c9416252b6fce7b50f
广东,东莞,石龙镇,广东,东莞,石龙镇,high,exact-city-alias,181,job_015243,https://jobs.51job.com/dongguan-slz/163138041.html?s=sou_sou_soulb&t=0_0&req=4cd09d1c5c621a433afd4471780432e0
山西,晋中,,山西,晋中,,high,exact-city-alias,181,job_023574,https://jobs.51job.com/jinzhong/171541993.html?s=sou_sou_soulb&t=0_0&req=a0105b023a82520081154402b69313b7
云南,昆明,嵩明县,云南,昆明,嵩明县,high,exact-city-alias,180,job_015782,https://jobs.51job.com/kunming-smx/170637405.html?s=sou_sou_soulb&t=0_0&req=4b3d8ddb080a15451bb9a98fa0a9d7b6
天津,天津,津南区,天津,天津,津南区,high,exact-city-alias,178,job_003788,https://jobs.51job.com/tianjin-jnq/168455634.html?s=sou_sou_soulb&t=0_0&req=335e47a8f46b2a46eef4b92d9eed9eaa
四川,广安,,四川,广安,,high,exact-city-alias,178,job_006300,https://jobs.51job.com/guangan/170407732.html?s=sou_sou_soulb&t=0_0&req=89ac95d143441721f1423741900b6bcd
黑龙江,哈尔滨,道里区,黑龙江,哈尔滨,道里区,high,exact-city-alias,177,job_052395,https://jobs.51job.com/hadongbin-dlq/171073026.html?s=sou_sou_soulb&t=0_0&req=a789413e519b48d4e9418d1f01b39515
陕西,西安,鄠邑区,陕西,西安,鄠邑区,high,exact-city-alias,177,job_023548,https://jobs.51job.com/xian-hyq/170003614.html?s=sou_sou_soulb&t=0_0&req=61e4afcf2280e1d40cfda5cb07bb56d0
湖北,黄石,大冶市,湖北,黄石,大冶市,high,exact-city-alias,177,job_007359,https://jobs.51job.com/huangshi-dys/171165649.html?s=sou_sou_soulb&t=0_0&req=fdbdc3612f5c68548ad6f2ccf7c82ab5
山东,东营,,山东,东营,,high,exact-city-alias,176,job_006559,https://jobs.51job.com/dongying/171581577.html?s=sou_sou_soulb&t=0_0&req=49fa21f4a13df9e7f28418008970f854
四川,成都,大邑县,四川,成都,大邑县,high,exact-city-alias,176,job_022358,https://jobs.51job.com/chengdu-dyx/171450766.html?s=sou_sou_soulb&t=0_0&req=a10b238cb831295b7a0d927faed32c62
山东,枣庄,,山东,枣庄,,high,exact-city-alias,176,job_013728,https://jobs.51job.com/zaozhuang/168761821.html?s=sou_sou_soulb&t=0_0&req=d9bd20cbc27553eee4bc174867d19103
安徽,六安,金安区,安徽,六安,金安区,high,exact-city-alias,173,job_006899,https://jobs.51job.com/liuan-jaq/170963830.html?s=sou_sou_soulb&t=0_0&req=abf6b693e7a904c2f7e4e24033549fe9
山西,晋城,,山西,晋城,,high,exact-city-alias,171,job_052140,https://jobs.51job.com/jincheng/171651831.html?s=sou_sou_soulb&t=0_0&req=d99d51810b8d3b47f22f10a8a7855ec4
辽宁,大连,旅顺口区,辽宁,大连,旅顺口区,high,exact-city-alias,170,job_008021,https://jobs.51job.com/dalian-lskq/150340313.html?s=sou_sou_soulb&t=0_0&req=b2bd0ef33f0373da09db76b6f18ae545
湖南,湘潭,雨湖区,湖南,湘潭,雨湖区,high,exact-city-alias,170,job_050745,https://jobs.51job.com/xiangtan-yhq/171519302.html?s=sou_sou_soulb&t=0_0&req=2ef6cff459768a710f66ca8f87874dc3
陕西,安康,,陕西,安康,,high,exact-city-alias,169,job_051519,https://jobs.51job.com/ankang/166833842.html?s=sou_sou_soulb&t=0_0&req=5c098bd9a0ff1900d0600b09d938dcd7
陕西,延安,,陕西,延安,,high,exact-city-alias,169,job_023543,https://jobs.51job.com/yanan/164131049.html?s=sou_sou_soulb&t=0_0&req=61e4afcf2280e1d40cfda5cb07bb56d0
陕西,汉中,,陕西,汉中,,high,exact-city-alias,169,job_051570,https://jobs.51job.com/hanzhong/163286951.html?s=sou_sou_soulb&t=0_0&req=550e13f404e3b0cec38644b648fa02fb
广东,中山,阜沙镇,广东,中山,阜沙镇,high,exact-city-alias,168,job_002540,https://jobs.51job.com/zhongshan-fsz/171116906.html?s=sou_sou_soulb&t=0_0&req=cb1882c9e5163bb25021626e8d90b59f
河南,郑州,郑州航空港区,河南,郑州,郑州航空港区,high,exact-city-alias,168,job_007031,https://jobs.51job.com/zhengzhou-hkg/170394982.html?s=sou_sou_soulb&t=0_0&req=8468dee840d7c61d0a3dfc1ebcbed152
四川,德阳,旌阳区,四川,德阳,旌阳区,high,exact-city-alias,167,job_006196,https://jobs.51job.com/deyang-jyq/171518622.html?s=sou_sou_soulb&t=0_0&req=60a5c2805641692fcae5e74872595e55
,广州,,广东,广州,,high,exact-city-alias,166,job_001528,https://jobs.51job.com/all/171674969.html?s=sou_sou_soulb&t=0_0&req=5ce4a0c7708a587cec0396d6a1486a7e
山西,吕梁,,山西,吕梁,,high,exact-city-alias,164,job_052237,https://jobs.51job.com/lvliang/165751475.html?s=sou_sou_soulb&t=0_0&req=218719195a689baf70f026b84ee9aa10
安徽,安庆,迎江区,安徽,安庆,迎江区,high,exact-city-alias,162,job_022792,https://jobs.51job.com/anqing-yjq/170493737.html?s=sou_sou_soulb&t=0_0&req=0c66f5825b8514e8db6a8b3d5c2b9c3e
浙江,丽水,莲都区,浙江,丽水,莲都区,high,exact-city-alias,161,job_021918,https://jobs.51job.com/lishui-ldq/167834510.html?s=sou_sou_soulb&t=0_0&req=677ca1e2dbfafae90e0048f2ed3f5c68
辽宁,大连,长兴岛,辽宁,大连,长兴岛,high,exact-city-alias,161,job_052686,https://jobs.51job.com/dalian-cxd/162400496.html?s=sou_sou_soulb&t=0_0&req=8d4a7225386faceebc7b8bee97663f67
湖北,恩施,,湖北,恩施,,high,51job-area-alias,161,job_049340,https://jobs.51job.com/enshi/171581635.html?s=sou_sou_soulb&t=0_0&req=4bf8dfab3c02ecdaa84cb6a6158209a5
四川,成都,都江堰市,四川,成都,都江堰市,high,exact-city-alias,161,job_011744,https://jobs.51job.com/chengdu-djys/170280212.html?s=sou_sou_soulb&t=0_0&req=1a47f03d560ab6f33170d807b4039d75
辽宁,葫芦岛,,辽宁,葫芦岛,,high,exact-city-alias,161,job_011986,https://jobs.51job.com/huludao/171223771.html?s=sou_sou_soulb&t=0_0&req=10a4c11abd18f14e5e0a5dc1cd04f8a6
贵州,贵阳,云岩区,贵州,贵阳,云岩区,high,exact-city-alias,161,job_008154,https://jobs.51job.com/guiyang-yyq/169206451.html?s=sou_sou_soulb&t=0_0&req=8fc364855997af9dfb24f4823506e3a2
四川,绵阳,游仙区,四川,绵阳,游仙区,high,exact-city-alias,160,job_006164,https://jobs.51job.com/mianyang-yxq/170232799.html?s=sou_sou_soulb&t=0_0&req=60a5c2805641692fcae5e74872595e55
广西,南宁,兴宁区,广西,南宁,兴宁区,high,exact-city-alias,159,job_012853,https://jobs.51job.com/nanning-xnq/171421805.html?s=sou_sou_soulb&t=0_0&req=afc0e79943975b4c15aa6e36ce245b82
山东,滨州,,山东,滨州,,high,exact-city-alias,158,job_012847,https://jobs.51job.com/binzhou/171541261.html?s=sou_sou_soulb&t=0_0&req=fa019e252d3e3904ba7b4609ad6f9b8a
辽宁,锦州,,辽宁,锦州,,high,exact-city-alias,158,job_052551,https://jobs.51job.com/jinzhou/171632775.html?s=sou_sou_soulb&t=0_0&req=442d17877f825471b5a967dad0d8a21f
广东,阳江,阳东区,广东,阳江,阳东区,high,exact-city-alias,157,job_030775,https://jobs.51job.com/yangjiang-ydq/170687441.html?s=sou_sou_soulb&t=0_0&req=34125e26e3c41d2e2f69a816bb88cb61
内蒙古,鄂尔多斯,,内蒙古,鄂尔多斯,,high,exact-city-alias,156,job_023841,https://jobs.51job.com/errduosi/171576029.html?s=sou_sou_soulb&t=0_0&req=0100002019313a96b97c9428bf31fdc7
山东,日照,,山东,日照,,high,exact-city-alias,155,job_045972,https://jobs.51job.com/rizhao/169988779.html?s=sou_sou_soulb&t=0_0&req=22b51a1dc346aa710b1bddf43255645a
安徽,黄山,,安徽,黄山,,high,exact-city-alias,154,job_013760,https://jobs.51job.com/huangshan/170848783.html?s=sou_sou_soulb&t=0_0&req=f35e7eff63ba7df47864108f51778968
陕西,西安,曲江新区,陕西,西安,曲江新区,high,exact-city-alias,153,job_007768,https://jobs.51job.com/xian-qjxq/167612043.html?s=sou_sou_soulb&t=0_0&req=d39bf751ee95785621b4bcbdd616430c
贵州,贵阳,白云区,贵州,贵阳,白云区,high,exact-city-alias,153,job_008153,https://jobs.51job.com/guiyang-byq/166330536.html?s=sou_sou_soulb&t=0_0&req=8fc364855997af9dfb24f4823506e3a2
福建,龙岩,,福建,龙岩,,high,exact-city-alias,153,job_044790,https://jobs.51job.com/longyan/115417541.html?s=sou_sou_soulb&t=0_0&req=a65397bb8b4d8a39d39a5a67e7fe7bb2
山东,临沂,兰山区,山东,临沂,兰山区,high,exact-city-alias,152,job_045681,https://jobs.51job.com/linyi-lsq/167865894.html?s=sou_sou_soulb&t=0_0&req=837b0dfdbdd89c0a5bf06dc78e447172
福建,福州,马尾区,福建,福州,马尾区,high,exact-city-alias,152,job_006490,https://jobs.51job.com/fuzhou-mwq/165458108.html?s=sou_sou_soulb&t=0_0&req=3b5fc5d5199b102a0f5a0ad878bfb85d
四川,自贡,,四川,自贡,,high,exact-city-alias,152,job_043306,https://jobs.51job.com/zigong/171120806.html?s=sou_sou_soulb&t=0_0&req=36c2a31f757ef2c9aad91b975ff6b007
海南,三亚,吉阳区,海南,三亚,吉阳区,high,exact-city-alias,151,job_022462,https://jobs.51job.com/sanya-jyq/171500317.html?s=sou_sou_soulb&t=0_0&req=b031034b59e757fb0b5981115ccdf6fc
江苏,盐城,建湖县,江苏,盐城,建湖县,high,exact-city-alias,151,job_005599,https://jobs.51job.com/yancheng-jhx/171609246.html?s=sou_sou_soulb&t=0_0&req=418ea2dd457ea3ed72c0a0a0798b078c
浙江,舟山,定海区,浙江,舟山,定海区,high,exact-city-alias,149,job_014532,https://jobs.51job.com/zhoushan-dhq/171291656.html?s=sou_sou_soulb&t=0_0&req=d2483cff9bd68ca4fb9a4e340ab6443c
江西,吉安,吉安县,江西,吉安,吉安县,high,exact-city-alias,148,job_006673,https://jobs.51job.com/jian-jax/171310813.html?s=sou_sou_soulb&t=0_0&req=c3f9bf16c92fd67fff6ba2a1ab89af25
四川,成都,金堂县,四川,成都,金堂县,high,exact-city-alias,148,job_010134,https://jobs.51job.com/chengdu-jtx/165652824.html?s=sou_sou_soulb&t=0_0&req=82ce9f756601183faa9bf93589067753
重庆,重庆,涪陵区,重庆,重庆,涪陵区,high,exact-city-alias,148,job_009598,https://jobs.51job.com/chongqing-flq/170715725.html?s=sou_sou_soulb&t=0_0&req=131b475e6a934e04311ae7acadebf671
安徽,马鞍山,当涂县,安徽,马鞍山,当涂县,high,exact-city-alias,148,job_047467,https://jobs.51job.com/maanshan-dtx/161210533.html?s=sou_sou_soulb&t=0_0&req=769d776ee73417918cfc1f925be13215
安徽,合肥,政务区,安徽,合肥,政务区,high,exact-city-alias,147,job_015670,https://jobs.51job.com/hefei-zwq/138757797.html?s=sou_sou_soulb&t=0_0&req=13f5b00187eb3ae24442328f7cc7140d
,广西,,,广西,,low,fallback-city-source,147,job_015669,https://jobs.51job.com/all/166610934.html?s=sou_sou_soulb&t=0_0&req=5a3451896f7ca9bb8219d74b96dfaaa7
山东,烟台,开发区,山东,烟台,开发区,high,exact-city-alias,146,job_022593,https://jobs.51job.com/yantai-kfq/170690400.html?s=sou_sou_soulb&t=0_0&req=4917ba83027b3c8d9138817ba00fd9aa
云南,西双版纳,,云南,西双版纳,,high,51job-area-alias,146,job_053271,https://jobs.51job.com/xishuangbanna/167644136.html?s=sou_sou_soulb&t=0_0&req=48448e17e419c54da27b27c6c9bf361d
江苏,南京,经济技术开发区,江苏,南京,经济技术开发区,high,exact-city-alias,145,job_004095,https://jobs.51job.com/nanjing-jjjs/171044991.html?s=sou_sou_soulb&t=0_0&req=126ea4799edff4423eb89a666915b70c
湖北,宜昌,夷陵区,湖北,宜昌,夷陵区,high,exact-city-alias,144,job_007398,https://jobs.51job.com/yichang-ylq/169463702.html?s=sou_sou_soulb&t=0_0&req=e55dea60baa022a4d8aace2e46a8e7d7
安徽,池州,,安徽,池州,,high,exact-city-alias,144,job_006987,https://jobs.51job.com/chizhou/170848648.html?s=sou_sou_soulb&t=0_0&req=9751a68be2a5a1d987bb0f4f0d803ef1
福建,泉州,惠安县,福建,泉州,惠安县,high,exact-city-alias,144,job_022483,https://jobs.51job.com/quanzhou-hax/170651806.html?s=sou_sou_soulb&t=0_0&req=406c3fe55d0245a5a84ae384808f753e
浙江,温州,平阳县,浙江,温州,平阳县,high,exact-city-alias,143,job_005843,https://jobs.51job.com/wenzhou-pyx/167335079.html?s=sou_sou_soulb&t=0_0&req=418f632f950842e755613af2e84e09bf
重庆,重庆,万州区,重庆,重庆,万州区,high,exact-city-alias,143,job_036242,https://jobs.51job.com/chongqing-wzq/151860882.html?s=sou_sou_soulb&t=0_0&req=b320095117749abcd1409f7bac26dc7b
湖北,宜昌,伍家岗区,湖北,宜昌,伍家岗区,high,exact-city-alias,142,job_023346,https://jobs.51job.com/yichang-wjgq/169836083.html?s=sou_sou_soulb&t=0_0&req=a3b85fa0957cf3121e57e8b9bdf0803b
贵州,铜仁,,贵州,铜仁,,high,exact-city-alias,142,job_053822,https://jobs.51job.com/tongren/167842223.html?s=sou_sou_soulb&t=0_0&req=336dad0564408e526c7ca871092f28c3
江苏,盐城,滨海县,江苏,盐城,滨海县,high,exact-city-alias,141,job_021465,https://jobs.51job.com/yancheng-bhx/169653805.html?s=sou_sou_soulb&t=0_0&req=fb383dcbe316ed6f222b49e0e7d67dba
新疆,乌鲁木齐,新市区,新疆,乌鲁木齐,新市区,high,exact-city-alias,140,job_023864,https://jobs.51job.com/urumqi-xsq/167620046.html?s=sou_sou_soulb&t=0_0&req=eeb79134135ecd3387e01889ec189962
广东,汕尾,海丰县,广东,汕尾,海丰县,high,exact-city-alias,139,job_002636,https://jobs.51job.com/shanwei-hfx/169921654.html?s=sou_sou_soulb&t=0_0&req=df10eb4cc222cfe56a3c9abec91edd07
福建,南平,,福建,南平,,high,exact-city-alias,138,job_044828,https://jobs.51job.com/nanping/171232834.html?s=sou_sou_soulb&t=0_0&req=a65397bb8b4d8a39d39a5a67e7fe7bb2
安徽,芜湖,繁昌区,安徽,芜湖,繁昌区,high,exact-city-alias,138,job_047552,https://jobs.51job.com/wuhu-fcq/170984243.html?s=sou_sou_soulb&t=0_0&req=88cc553fe3cdb78aa37d5da11bc5ea40
广东,中山,沙溪镇,广东,中山,沙溪镇,high,exact-city-alias,137,job_002538,https://jobs.51job.com/zhongshan-shaxizhen/171574047.html?s=sou_sou_soulb&t=0_0&req=cb1882c9e5163bb25021626e8d90b59f
山西,忻州,,山西,忻州,,high,exact-city-alias,137,job_052204,https://jobs.51job.com/xinzhou/171561021.html?s=sou_sou_soulb&t=0_0&req=a08e3c1e2456a986f70b34f265f5ec96
湖北,襄阳,襄城区,湖北,襄阳,襄城区,high,exact-city-alias,137,job_023093,https://jobs.51job.com/xiangyang-xcq/170364193.html?s=sou_sou_soulb&t=0_0&req=f3a6026d9caf0de24af00901bcf42b8d
湖北,孝感,汉川市,湖北,孝感,汉川市,high,exact-city-alias,136,job_049237,https://jobs.51job.com/xiaogan-hcs/170326552.html?s=sou_sou_soulb&t=0_0&req=9301a99d00b6cc060aea804be9d7c7dc
四川,泸州,江阳区,四川,泸州,江阳区,high,exact-city-alias,136,job_043242,https://jobs.51job.com/luzhou-jyq/171660102.html?s=sou_sou_soulb&t=0_0&req=c7a4c12e9b130b2212274c25b7e74f2e
黑龙江,大庆,,黑龙江,大庆,,high,exact-city-alias,135,job_007935,https://jobs.51job.com/daqing/171439888.html?s=sou_sou_soulb&t=0_0&req=4f6c5cd0449bdc71eacb934c0f062029
江苏,淮安,涟水县,江苏,淮安,涟水县,high,exact-city-alias,135,job_005622,https://jobs.51job.com/huaian-lsx/163489536.html?s=sou_sou_soulb&t=0_0&req=7c6e4ea859d1a6f945607ec5df33dbf2
浙江,绍兴,嵊州市,浙江,绍兴,嵊州市,high,exact-city-alias,135,job_041509,https://jobs.51job.com/shaoxing-szs/166603693.html?s=sou_sou_soulb&t=0_0&req=1295f653dea9043a5505f8bb1d3772d8
重庆,重庆,大足区,重庆,重庆,大足区,high,exact-city-alias,135,job_003923,https://jobs.51job.com/chongqing-dzq/171059271.html?s=sou_sou_soulb&t=0_0&req=0d8ebd58785bdb5630a2b7a94788030c
吉林,长春,二道区,吉林,长春,二道区,high,exact-city-alias,135,job_008075,https://jobs.51job.com/changchun-edq/169994416.html?s=sou_sou_soulb&t=0_0&req=ca1041eb7ef2ad28ee6103576430ac36
黑龙江,齐齐哈尔,,黑龙江,齐齐哈尔,,high,exact-city-alias,135,job_023604,https://jobs.51job.com/qiqihaer/169274134.html?s=sou_sou_soulb&t=0_0&req=be1a22f45565fcf992c3e9a4211e3e95
浙江,台州,仙居县,浙江,台州,仙居县,high,exact-city-alias,134,job_041930,https://jobs.51job.com/taizhoue-xjx/168801366.html?s=sou_sou_soulb&t=0_0&req=c989f205419b06bd9b5cdc1c0db79da8
云南,普洱,,云南,普洱,,high,exact-city-alias,134,job_023754,https://jobs.51job.com/puer/144147437.html?s=sou_sou_soulb&t=0_0&req=530c5110ad3a11593c18284dca89d953
海南,海口,美兰区,海南,海口,美兰区,high,exact-city-alias,134,job_010240,https://jobs.51job.com/haikou-mlq/171596927.html?s=sou_sou_soulb&t=0_0&req=32b067dc0eac21a5ae1669e24aa67b3b
广东,茂名,茂南区,广东,茂名,茂南区,high,exact-city-alias,134,job_030730,https://jobs.51job.com/maoming-mnq/171254196.html?s=sou_sou_soulb&t=0_0&req=c06f80ee3e10fa708f6ba0fdd19f093d
黑龙江,哈尔滨,松北区,黑龙江,哈尔滨,松北区,high,exact-city-alias,133,job_007933,https://jobs.51job.com/hadongbin-sbq/166317183.html?s=sou_sou_soulb&t=0_0&req=4f6c5cd0449bdc71eacb934c0f062029
安徽,滁州,全椒县,安徽,滁州,全椒县,high,exact-city-alias,132,job_047563,https://jobs.51job.com/chuzhou-qjx/170919200.html?s=sou_sou_soulb&t=0_0&req=88cc553fe3cdb78aa37d5da11bc5ea40
山东,烟台,福山区,山东,烟台,福山区,high,exact-city-alias,132,job_006564,https://jobs.51job.com/yantai-fsq/171331722.html?s=sou_sou_soulb&t=0_0&req=49fa21f4a13df9e7f28418008970f854
江西,赣州,信丰县,江西,赣州,信丰县,high,exact-city-alias,132,job_006670,https://jobs.51job.com/ganzhou-xfq/171415328.html?s=sou_sou_soulb&t=0_0&req=c3f9bf16c92fd67fff6ba2a1ab89af25
河南,三门峡,,河南,三门峡,,high,exact-city-alias,130,job_048709,https://jobs.51job.com/sanmenxia/169858780.html?s=sou_sou_soulb&t=0_0&req=299dda7abff19406d692655deb0ed5fa
甘肃,酒泉,,甘肃,酒泉,,high,exact-city-alias,130,job_008167,https://jobs.51job.com/jiuquan/170427565.html?s=sou_sou_soulb&t=0_0&req=151199a23ed44bed05ec0c54c2ffd189
北京,北京,怀柔区,北京,北京,怀柔区,high,exact-city-alias,129,job_024179,https://jobs.51job.com/beijing-hrq/169153649.html?s=sou_sou_soulb&t=0_0&req=588d835a05698d9e634e094974074465
四川,攀枝花,,四川,攀枝花,,high,exact-city-alias,128,job_043319,https://jobs.51job.com/panzhihua/171589532.html?s=sou_sou_soulb&t=0_0&req=7cef7118ffc09dca164030481a90f69c
广东,韶关,武江区,广东,韶关,武江区,high,exact-city-alias,128,job_019909,https://jobs.51job.com/shaoguan-wjq/170235844.html?s=sou_sou_soulb&t=0_0&req=b56e0fbd569d053da06450bb4cec7c5f
河南,新乡,新乡县,河南,新乡,新乡县,high,exact-city-alias,127,job_095794,https://jobs.51job.com/xinxiang-xxx/171248557.html?s=sou_sou_soulb&t=0_1&req=671bc17ef49480fb0e40939232af582a
湖北,荆州,荆州区,湖北,荆州,荆州区,high,exact-city-alias,127,job_007383,https://jobs.51job.com/jingzhou-jzq/170474122.html?s=sou_sou_soulb&t=0_0&req=e55dea60baa022a4d8aace2e46a8e7d7
广西,贵港,,广西,贵港,,high,exact-city-alias,127,job_006759,https://jobs.51job.com/guigang/167562806.html?s=sou_sou_soulb&t=0_0&req=7d3b5c97d6097a008e5e8433e9b9ebec
浙江,金华,浦江县,浙江,金华,浦江县,high,exact-city-alias,127,job_005651,https://jobs.51job.com/jinhua-pjx/169767516.html?s=sou_sou_soulb&t=0_0&req=0bcd7ecbb8c10cd966c70e7739685bd9
广西,百色,,广西,百色,,high,exact-city-alias,126,job_006762,https://jobs.51job.com/baise/167562797.html?s=sou_sou_soulb&t=0_0&req=7d3b5c97d6097a008e5e8433e9b9ebec
福建,宁德,蕉城区,福建,宁德,蕉城区,high,exact-city-alias,125,job_044807,https://jobs.51job.com/ningde-jcq/171518569.html?s=sou_sou_soulb&t=0_0&req=a65397bb8b4d8a39d39a5a67e7fe7bb2
辽宁,朝阳,,辽宁,朝阳,,high,exact-city-alias,125,job_052747,https://jobs.51job.com/chaoyang/170799933.html?s=sou_sou_soulb&t=0_0&req=7d8ecc3f95e4a6cd5b4ff8fd7185f83f
贵州,贵阳,花溪区,贵州,贵阳,花溪区,high,exact-city-alias,125,job_012002,https://jobs.51job.com/guiyang-hxq/169081706.html?s=sou_sou_soulb&t=0_0&req=b0aac1934faec03275d109b65154c40b
重庆,重庆,荣昌区,重庆,重庆,荣昌区,high,exact-city-alias,125,job_020963,https://jobs.51job.com/chongqing-rcq/166341080.html?s=sou_sou_soulb&t=0_0&req=ebd4baf26faa61bf3b14bfdbde625b32
吉林,长春,宽城区,吉林,长春,宽城区,high,exact-city-alias,125,job_014728,https://jobs.51job.com/changchun-kcq/170343163.html?s=sou_sou_soulb&t=0_0&req=05ebe37e36fdcb0c8c6dd4a3970cc448
广东,中山,港口镇,广东,中山,港口镇,high,exact-city-alias,124,job_002558,https://jobs.51job.com/zhongshan-gkz/171470847.html?s=sou_sou_soulb&t=0_0&req=cb1882c9e5163bb25021626e8d90b59f
新疆,乌鲁木齐,天山区,新疆,乌鲁木齐,天山区,high,exact-city-alias,124,job_010961,https://jobs.51job.com/urumqi-tsq/171499223.html?s=sou_sou_soulb&t=0_0&req=792b50e9268ea925db4bf9a5b94402f7
江苏,徐州,邳州市,江苏,徐州,邳州市,high,exact-city-alias,124,job_005588,https://jobs.51job.com/xuzhou-pzs/150894166.html?s=sou_sou_soulb&t=0_0&req=e62fd625dd81f3318d2f3db1b1f33d0a
山东,潍坊,奎文区,山东,潍坊,奎文区,high,exact-city-alias,124,job_045621,https://jobs.51job.com/weifang-kwq/170882168.html?s=sou_sou_soulb&t=0_0&req=7024f2561767fa382555635b96d90c51
浙江,衢州,衢江区,浙江,衢州,衢江区,high,exact-city-alias,124,job_021966,https://jobs.51job.com/quzhou-qjq/169353218.html?s=sou_sou_soulb&t=0_0&req=0756b131afe339a11db9f51608524091
广东,阳江,江城区,广东,阳江,江城区,high,exact-city-alias,124,job_009455,https://jobs.51job.com/yangjiang-jcq/158827531.html?s=sou_sou_soulb&t=0_0&req=0b5e817b82aa22ea100ef82ecbefdfbf
内蒙古,乌兰察布,,内蒙古,乌兰察布,,high,exact-city-alias,123,job_054301,https://jobs.51job.com/wulanchabu/170342763.html?s=sou_sou_soulb&t=0_0&req=0a71947ec710ffafe2a3ef602322d528
安徽,马鞍山,雨山区,安徽,马鞍山,雨山区,high,exact-city-alias,122,job_015675,https://jobs.51job.com/maanshan-ysq/171154028.html?s=sou_sou_soulb&t=0_0&req=13f5b00187eb3ae24442328f7cc7140d
江西,吉安,吉州区,江西,吉安,吉州区,high,exact-city-alias,121,job_006661,https://jobs.51job.com/jian-jzq/171467413.html?s=sou_sou_soulb&t=0_0&req=c3f9bf16c92fd67fff6ba2a1ab89af25
广东,汕头,澄海区,广东,汕头,澄海区,high,exact-city-alias,121,job_056092,https://jobs.51job.com/shantou-chq/167078215.html?s=sou_sou_soulb&t=0_0&req=550b3c94a6ae39c068e1d56d0645745f
山东,济南,天桥区,山东,济南,天桥区,high,exact-city-alias,121,job_006566,https://jobs.51job.com/jinan-tqq/168723027.html?s=sou_sou_soulb&t=0_0&req=49fa21f4a13df9e7f28418008970f854
陕西,咸阳,兴平市,陕西,咸阳,兴平市,high,exact-city-alias,120,job_007828,https://jobs.51job.com/xianyang-xps/170467724.html?s=sou_sou_soulb&t=0_0&req=d44d77ea22635fb2b73bcf05e406526a
湖北,宜昌,枝江市,湖北,宜昌,枝江市,high,exact-city-alias,120,job_015725,https://jobs.51job.com/yichang-zjs/170639681.html?s=sou_sou_soulb&t=0_0&req=d474ab6e8efca8e5d4523300af6d68ea
福建,泉州,鲤城区,福建,泉州,鲤城区,high,exact-city-alias,120,job_006502,https://jobs.51job.com/quanzhou-lcq/170116300.html?s=sou_sou_soulb&t=0_0&req=3b5fc5d5199b102a0f5a0ad878bfb85d
广西,柳州,柳北区,广西,柳州,柳北区,high,exact-city-alias,119,job_058307,https://jobs.51job.com/liuzhou-lbq/170415418.html?s=sou_sou_soulb&t=0_0&req=c6576a81315b17f48da1db6cf61fd3b8
云南,临沧,,云南,临沧,,high,exact-city-alias,118,job_053158,https://jobs.51job.com/lincang/171421292.html?s=sou_sou_soulb&t=0_0&req=69a2c4226ec4e604634fb31b40f8ee82
新疆,昌吉,,新疆,昌吉,,high,51job-area-alias,118,job_054512,https://jobs.51job.com/changji/169181118.html?s=sou_sou_soulb&t=0_0&req=3029db153a81a3d4d2a439e13e3995fe
山西,朔州,,山西,朔州,,high,exact-city-alias,118,job_052201,https://jobs.51job.com/shuozhou/171512809.html?s=sou_sou_soulb&t=0_0&req=a08e3c1e2456a986f70b34f265f5ec96
山东,潍坊,高新技术开发区,山东,潍坊,高新技术开发区,high,exact-city-alias,118,job_006581,https://jobs.51job.com/weifang-gxjs/170422953.html?s=sou_sou_soulb&t=0_0&req=49fa21f4a13df9e7f28418008970f854
重庆,重庆,綦江区,重庆,重庆,綦江区,high,exact-city-alias,118,job_064456,https://jobs.51job.com/chongqing-qjqe/168199566.html?s=sou_sou_soulb&t=0_0&req=b5206a14de5379b536dbffe5f58df667
山西,阳泉,,山西,阳泉,,high,exact-city-alias,118,job_052192,https://jobs.51job.com/yangquan/170752889.html?s=sou_sou_soulb&t=0_0&req=a08e3c1e2456a986f70b34f265f5ec96
山东,济南,章丘区,山东,济南,章丘区,high,exact-city-alias,116,job_006595,https://jobs.51job.com/jinan-zqq/171224325.html?s=sou_sou_soulb&t=0_0&req=49fa21f4a13df9e7f28418008970f854
山东,济南,济阳区,山东,济南,济阳区,high,exact-city-alias,116,job_046174,https://jobs.51job.com/jinan-jyq/167325909.html?s=sou_sou_soulb&t=0_0&req=636e6a5e7ed05bc0c7c55d9c85013b1b
广东,湛江,廉江市,广东,湛江,廉江市,high,exact-city-alias,116,job_030533,https://jobs.51job.com/zhanjiang-ljs/171510471.html?s=sou_sou_soulb&t=0_0&req=7f517bc409486c55bb4377a9e89be789
广西,崇左,,广西,崇左,,high,exact-city-alias,115,job_006711,https://jobs.51job.com/chongzuo/171576367.html?s=sou_sou_soulb&t=0_0&req=bc8e1b2747700688a25d4e87885bfb36
辽宁,沈阳,苏家屯区,辽宁,沈阳,苏家屯区,high,exact-city-alias,115,job_010858,https://jobs.51job.com/shenyang-sjtq/170830968.html?s=sou_sou_soulb&t=0_0&req=7d4d27b45af35588a0aef5a8606ad923
,黑龙江省,,黑龙江,,,low,province-only-city-source,115,job_023590,https://jobs.51job.com/all/163091578.html?s=sou_sou_soulb&t=0_0&req=be1a22f45565fcf992c3e9a4211e3e95
,吉林省,,吉林,,,low,province-only-city-source,114,job_023677,https://jobs.51job.com/all/163091577.html?s=sou_sou_soulb&t=0_0&req=1fcdc5b89fc432a84f37b17b7a5a6471
云南,文山,,云南,文山,,high,51job-area-alias,114,job_012383,https://jobs.51job.com/wenshan/167282053.html?s=sou_sou_soulb&t=0_0&req=e85bc738bb0b8b63a624406b2cc8ea7d
,深圳,,广东,深圳,,high,exact-city-alias,114,job_019998,https://jobs.51job.com/all/171563780.html?s=sou_sou_soulb&t=0_0&req=0e9b780ec42c1e388a80878c90124a1a
,苏州-姑苏区,,江苏,苏州,姑苏区,high,city-hyphen-district,114,job_039617,https://jobs.51job.com/all/171066369.html?s=sou_sou_soulb&t=0_0&req=2abe4befa2ef6573497c66e3d6d4ed55
云南,保山,,云南,保山,,high,exact-city-alias,113,job_053171,https://jobs.51job.com/baoshan/171295919.html?s=sou_sou_soulb&t=0_0&req=69a2c4226ec4e604634fb31b40f8ee82
贵州,安顺,,贵州,安顺,,high,exact-city-alias,113,job_053811,https://jobs.51job.com/anshun/167841977.html?s=sou_sou_soulb&t=0_0&req=336dad0564408e526c7ca871092f28c3
江苏,宿迁,宿城区,江苏,宿迁,宿城区,high,exact-city-alias,113,job_015461,https://jobs.51job.com/suqian-scq/169808593.html?s=sou_sou_soulb&t=0_0&req=9e180049a0dee2806dc118dd47794b63
安徽,池州,贵池区,安徽,池州,贵池区,high,exact-city-alias,113,job_047434,https://jobs.51job.com/chizhou-gcq/170588619.html?s=sou_sou_soulb&t=0_0&req=1343f78198d53743b6f8e73dd54baf21
福建,福州,连江县,福建,福州,连江县,high,exact-city-alias,113,job_045023,https://jobs.51job.com/fuzhou-ljx/169246578.html?s=sou_sou_soulb&t=0_0&req=9a4a382d7598369a1491d46ee65a3c76
海南,文昌,,海南,文昌,,high,51job-area-alias,112,job_006466,https://jobs.51job.com/wenchang/171091877.html?s=sou_sou_soulb&t=0_0&req=e3a161ee55dc193b46c4008f2a82258a
湖北,随州,曾都区,湖北,随州,曾都区,high,exact-city-alias,111,job_007381,https://jobs.51job.com/suizhou-cdq/162947933.html?s=sou_sou_soulb&t=0_0&req=e55dea60baa022a4d8aace2e46a8e7d7
黑龙江,哈尔滨,香坊区,黑龙江,哈尔滨,香坊区,high,exact-city-alias,110,job_023588,https://jobs.51job.com/hadongbin-xfq/169543691.html?s=sou_sou_soulb&t=0_0&req=be1a22f45565fcf992c3e9a4211e3e95
安徽,宿州,埇桥区,安徽,宿州,埇桥区,high,exact-city-alias,110,job_058365,https://jobs.51job.com/suzhou-yqq/167170115.html?s=sou_sou_soulb&t=0_0&req=c2a6c8fc87332d8845cc17e8f3c254d6
,山西省,,山西,,,low,province-only-city-source,110,job_052162,https://jobs.51job.com/all/165324768.html?s=sou_sou_soulb&t=0_0&req=d99d51810b8d3b47f22f10a8a7855ec4
,广州-越秀区,,广东,广州,越秀区,high,city-hyphen-district,110,job_030965,https://jobs.51job.com/all/165791571.html?s=sou_sou_soulb&t=0_0&req=fbbe196918d9b6047ccfbea1b7e1a78e
浙江,温州,永嘉县,浙江,温州,永嘉县,high,exact-city-alias,110,job_015605,https://jobs.51job.com/wenzhou-yjx/170553954.html?s=sou_sou_soulb&t=0_0&req=f98af96a656c0e14dfa0869c92e6e866
湖北,鄂州,鄂城区,湖北,鄂州,鄂城区,high,exact-city-alias,109,job_068889,https://jobs.51job.com/ezhou-cq/169368203.html?s=sou_sou_soulb&t=0_0&req=1a3c332733f2332248dfbd4963634c44
陕西,铜川,,陕西,铜川,,high,exact-city-alias,109,job_051848,https://jobs.51job.com/tongchuan/168887651.html?s=sou_sou_soulb&t=0_0&req=956262e3db4e8f74ea7835abb2e31e22
四川,攀枝花,东区,四川,攀枝花,东区,high,exact-city-alias,108,job_006419,https://jobs.51job.com/panzhihua-dq/168728958.html?s=sou_sou_soulb&t=0_0&req=d22add661e54a3c1a38d5423b959bd71
广东,中山,五桂山区,广东,中山,五桂山区,high,exact-city-alias,107,job_061713,https://jobs.51job.com/zhongshan-wgsq/171497579.html?s=sou_sou_soulb&t=0_0&req=09a05c776ba531e575f1a61b5ed5f9ee
山西,太原,万柏林区,山西,太原,万柏林区,high,exact-city-alias,107,job_007925,https://jobs.51job.com/taiyuan-wblq/169713972.html?s=sou_sou_soulb&t=0_0&req=9261977793182cff61e4e464f603f9a9
辽宁,盘锦,,辽宁,盘锦,,high,exact-city-alias,107,job_007968,https://jobs.51job.com/panjin/170654305.html?s=sou_sou_soulb&t=0_0&req=e1b1b71554bb5199b3e777db2b72821f
四川,眉山,仁寿县,四川,眉山,仁寿县,high,exact-city-alias,107,job_006308,https://jobs.51job.com/meishan-rsx/171081556.html?s=sou_sou_soulb&t=0_0&req=89ac95d143441721f1423741900b6bcd
,贵州省,,贵州,,,low,province-only-city-source,107,job_015785,https://jobs.51job.com/all/166610935.html?s=sou_sou_soulb&t=0_0&req=6984570dbb8bc4aa49543ee2f939feea
广东,汕头,潮南区,广东,汕头,潮南区,high,exact-city-alias,106,job_009044,https://jobs.51job.com/shantou-cnq/171667935.html?s=sou_sou_soulb&t=0_0&req=7ce1f9c85146cbd024c32bc5a55b5c1e
江西,吉安,青原区,江西,吉安,青原区,high,exact-city-alias,105,job_046473,https://jobs.51job.com/jian-qyq/167774442.html?s=sou_sou_soulb&t=0_0&req=9ef853957fda98b54b28c73f24258837
江苏,徐州,泉山区,江苏,徐州,泉山区,high,exact-city-alias,105,job_039199,https://jobs.51job.com/xuzhou-qsq/169868323.html?s=sou_sou_soulb&t=0_0&req=887819c48b4d1a58320439e338856005
辽宁,抚顺,,辽宁,抚顺,,high,exact-city-alias,105,job_023655,https://jobs.51job.com/fushun/171125226.html?s=sou_sou_soulb&t=0_0&req=91ef6ecd85a472dc49736686b11b9ca1
四川,凉山,,四川,凉山,,high,51job-area-alias,104,job_014579,https://jobs.51job.com/liangshan/171276415.html?s=sou_sou_soulb&t=0_0&req=0a71355dc69ad51643b8101d54434f24
陕西,商洛,,陕西,商洛,,high,exact-city-alias,104,job_051864,https://jobs.51job.com/shangluo/168887729.html?s=sou_sou_soulb&t=0_0&req=fe14a59203bdc1e94407a5d322cd1d4f
河南,许昌,魏都区,河南,许昌,魏都区,high,exact-city-alias,104,job_007064,https://jobs.51job.com/xuchang-wdq/170997464.html?s=sou_sou_soulb&t=0_0&req=8468dee840d7c61d0a3dfc1ebcbed152
江西,赣州,龙南市,江西,赣州,龙南市,high,exact-city-alias,104,job_006694,https://jobs.51job.com/ganzhou-lns/170874752.html?s=sou_sou_soulb&t=0_0&req=c3f9bf16c92fd67fff6ba2a1ab89af25
安徽,马鞍山,和县,安徽,马鞍山,和县,high,exact-city-alias,104,job_047547,https://jobs.51job.com/maanshan-hx/170503985.html?s=sou_sou_soulb&t=0_0&req=88cc553fe3cdb78aa37d5da11bc5ea40
,东莞,,广东,东莞,,high,exact-city-alias,103,job_019471,https://jobs.51job.com/all/171537458.html?s=sou_sou_soulb&t=0_0&req=e9899f90befc83a98d623df5790ba6c9
广东,汕尾,城区,广东,汕尾,城区,high,exact-city-alias,103,job_056230,https://jobs.51job.com/shanwei-cq/161391608.html?s=sou_sou_soulb&t=0_0&req=be3d375d450a08e23b96d1de9386c575
安徽,滁州,琅琊区,安徽,滁州,琅琊区,high,exact-city-alias,103,job_047885,https://jobs.51job.com/chuzhou-lyq/166950987.html?s=sou_sou_soulb&t=0_0&req=22c7c42ea103d7f587635561e1429946
四川,资阳,,四川,资阳,,high,exact-city-alias,103,job_043381,https://jobs.51job.com/ziyang/140605697.html?s=sou_sou_soulb&t=0_0&req=45a6f905e3a51899de43081fc2c9433b
河南,郑州,中牟县,河南,郑州,中牟县,high,exact-city-alias,103,job_048824,https://jobs.51job.com/zhongmouxian/169392458.html?s=sou_sou_soulb&t=0_0&req=ab6bd875cc582b8b7b5b5736e746809e
甘肃,武威,,甘肃,武威,,high,exact-city-alias,102,job_054111,https://jobs.51job.com/wuwei/170442760.html?s=sou_sou_soulb&t=0_0&req=f3ee2e5922f23ba1dc39509acf70362c
河南,洛阳,洛龙区,河南,洛阳,洛龙区,high,exact-city-alias,102,job_048521,https://jobs.51job.com/luoyang-llq/167716817.html?s=sou_sou_soulb&t=0_0&req=b2fa2674ef955b7cf8d98cc67e15979b
新疆,喀什地区,,新疆,喀什,,high,exact-city-alias,101,job_023869,https://jobs.51job.com/kashidiqu/166713862.html?s=sou_sou_soulb&t=0_0&req=eeb79134135ecd3387e01889ec189962
甘肃,庆阳,,甘肃,庆阳,,high,exact-city-alias,101,job_054113,https://jobs.51job.com/qingyang/171230258.html?s=sou_sou_soulb&t=0_0&req=f3ee2e5922f23ba1dc39509acf70362c
甘肃,张掖,,甘肃,张掖,,high,exact-city-alias,101,job_054081,https://jobs.51job.com/zhangye/170954921.html?s=sou_sou_soulb&t=0_0&req=3334686c44203ef1b47776580eeb8152
辽宁,本溪,,辽宁,本溪,,high,exact-city-alias,101,job_008058,https://jobs.51job.com/benxi/168729305.html?s=sou_sou_soulb&t=0_0&req=c441dfac70f7ab5df361a92a9782aa82
广东,湛江,坡头区,广东,湛江,坡头区,high,exact-city-alias,101,job_009183,https://jobs.51job.com/zhanjiang-ptq/169513967.html?s=sou_sou_soulb&t=0_0&req=1d73707a11bc49250d77ef5ec598cd31
安徽,阜阳,颍州区,安徽,阜阳,颍州区,high,exact-city-alias,101,job_006813,https://jobs.51job.com/fuyang-yzq/170499368.html?s=sou_sou_soulb&t=0_0&req=438aa1e02e3d1521ebaf4547b54fb9ec
广西,防城港,,广西,防城港,,high,exact-city-alias,101,job_006757,https://jobs.51job.com/fangchenggang/167562803.html?s=sou_sou_soulb&t=0_0&req=7d3b5c97d6097a008e5e8433e9b9ebec
贵州,黔南,,贵州,黔南,,high,51job-area-alias,101,job_053801,https://jobs.51job.com/qiannan/126057198.html?s=sou_sou_soulb&t=0_0&req=336dad0564408e526c7ca871092f28c3
福建,三明,,福建,三明,,high,exact-city-alias,100,job_044964,https://jobs.51job.com/sanming/171296410.html?s=sou_sou_soulb&t=0_0&req=80cdefdc2a603db3966afb12c7fe2b86
江西,南昌,进贤县,江西,南昌,进贤县,high,exact-city-alias,100,job_046772,https://jobs.51job.com/nanchang-jxx/169904527.html?s=sou_sou_soulb&t=0_0&req=6b99e517f5c1d8ed88589a0935644558
河北,石家庄,新华区,河北,石家庄,新华区,high,exact-city-alias,100,job_010465,https://jobs.51job.com/shijiazhuang-xhq/170850360.html?s=sou_sou_soulb&t=0_0&req=88e87e53f2261bd96f27ff6af35650bb
福建,福州,长乐区,福建,福州,长乐区,high,exact-city-alias,100,job_015638,https://jobs.51job.com/fuzhou-clq/170792740.html?s=sou_sou_soulb&t=0_0&req=f79f9f32f81eb284964bcd56a6cbefe3
黑龙江,绥化,,黑龙江,绥化,,high,exact-city-alias,100,job_052489,https://jobs.51job.com/suihua/171274080.html?s=sou_sou_soulb&t=0_0&req=ce43f71341396e9e5e6b3624376b9e45
江西,赣州,赣县区,江西,赣州,赣县区,high,exact-city-alias,100,job_022708,https://jobs.51job.com/ganzhou-gxq/170732338.html?s=sou_sou_soulb&t=0_0&req=20b2a50a487829755fc0b28fab0800ef
吉林,长春,高新技术产业开发区,吉林,长春,高新技术产业开发区,high,exact-city-alias,100,job_008077,https://jobs.51job.com/changchun-gxjs/169968898.html?s=sou_sou_soulb&t=0_0&req=ca1041eb7ef2ad28ee6103576430ac36
云南,丽江,,云南,丽江,,high,exact-city-alias,99,job_023773,https://jobs.51job.com/lijiang/171142351.html?s=sou_sou_soulb&t=0_0&req=530c5110ad3a11593c18284dca89d953
河南,南阳,卧龙区,河南,南阳,卧龙区,high,exact-city-alias,99,job_048814,https://jobs.51job.com/nanyang-wlq/168007561.html?s=sou_sou_soulb&t=0_0&req=ab6bd875cc582b8b7b5b5736e746809e
,深圳-福田区,,广东,深圳,福田区,high,city-hyphen-district,99,job_002747,https://jobs.51job.com/all/157696944.html?s=sou_sou_soulb&t=0_0&req=09ed80d202be88d07aced9f26da88ffd
湖北,襄阳,宜城市,湖北,襄阳,宜城市,high,exact-city-alias,99,job_023095,https://jobs.51job.com/xiangyang-ycs/171349438.html?s=sou_sou_soulb&t=0_0&req=f3a6026d9caf0de24af00901bcf42b8d
甘肃,兰州,七里河区,甘肃,兰州,七里河区,high,exact-city-alias,98,job_013887,https://jobs.51job.com/lanzhou-qlhq/142567685.html?s=sou_sou_soulb&t=0_0&req=3c54ea58e6bdaee6d919c955f2b09356
江西,南昌,青云谱区,江西,南昌,青云谱区,high,exact-city-alias,98,job_022670,https://jobs.51job.com/nanchang-qypq/161048734.html?s=sou_sou_soulb&t=0_0&req=1ff9799ecac12771b6067fc9492c44c3
天津,天津,红桥区,天津,天津,红桥区,high,exact-city-alias,97,job_003780,https://jobs.51job.com/tianjin-hqq/166764675.html?s=sou_sou_soulb&t=0_0&req=335e47a8f46b2a46eef4b92d9eed9eaa
天津,天津,河北区,天津,天津,河北区,high,exact-city-alias,96,job_035840,https://jobs.51job.com/tianjin-hbq/171459009.html?s=sou_sou_soulb&t=0_0&req=1014ae1c441c0cc6d40ea8a2c7610dcb
江苏,扬州,开发区,江苏,扬州,开发区,high,exact-city-alias,96,job_015442,https://jobs.51job.com/yangzhou-kfq/170760987.html?s=sou_sou_soulb&t=0_0&req=9e180049a0dee2806dc118dd47794b63
湖南,衡阳,蒸湘区,湖南,衡阳,蒸湘区,high,exact-city-alias,96,job_007630,https://jobs.51job.com/hengyang-zxq/163845524.html?s=sou_sou_soulb&t=0_0&req=d1d0d05b398a90240b491b32f9ee423c
四川,遂宁,船山区,四川,遂宁,船山区,high,exact-city-alias,96,job_043391,https://jobs.51job.com/suining-csq/167812154.html?s=sou_sou_soulb&t=0_0&req=a3cc6df9f0272d0e632cd10da953e35a
,南京,,江苏,南京,,high,exact-city-alias,95,job_004140,https://jobs.51job.com/all/166701810.html?s=sou_sou_soulb&t=0_0&req=5d29d4ebf62024acf268af052306f782
广东,湛江,雷州市,广东,湛江,雷州市,high,exact-city-alias,95,job_030544,https://jobs.51job.com/zhanjiang-lzs/171482769.html?s=sou_sou_soulb&t=0_0&req=7f517bc409486c55bb4377a9e89be789
福建,漳州,龙海区,福建,漳州,龙海区,high,exact-city-alias,95,job_045063,https://jobs.51job.com/zhangzhou-lhq/171593705.html?s=sou_sou_soulb&t=0_0&req=e3a165d7afa1f42b6d9f331a4ca0b727
云南,红河州,蒙自市,云南,红河州,蒙自市,high,51job-area-alias,95,job_053107,https://jobs.51job.com/honghezhou-mzs/171633707.html?s=sou_sou_soulb&t=0_0&req=89aa790a4bebed7ba4a3573976c7cc9a
湖南,常德,汉寿县,湖南,常德,汉寿县,high,exact-city-alias,94,job_083155,https://jobs.51job.com/changde-hsx/170014173.html?s=sou_sou_soulb&t=0_0&req=bf4a2c2b4fe2d79c366b948bc348db45
辽宁,铁岭,,辽宁,铁岭,,high,exact-city-alias,94,job_007986,https://jobs.51job.com/tieling/171020986.html?s=sou_sou_soulb&t=0_0&req=e1b1b71554bb5199b3e777db2b72821f
广东,中山,东升镇,广东,中山,东升镇,high,exact-city-alias,93,job_015125,https://jobs.51job.com/zhongshan-dsz/171404721.html?s=sou_sou_soulb&t=0_0&req=150202784eaa0b5ea1350c38b09c30b5
四川,德阳,广汉市,四川,德阳,广汉市,high,exact-city-alias,93,job_015620,https://jobs.51job.com/deyang-ghs/171603880.html?s=sou_sou_soulb&t=0_0&req=ca055ed59b461194d5690cd195638427
广东,江门,恩平市,广东,江门,恩平市,high,exact-city-alias,93,job_030511,https://jobs.51job.com/jiangmen-eps/170014468.html?s=sou_sou_soulb&t=0_0&req=f23ce40efd308cff4211878a4ef42271
广西,河池,,广西,河池,,high,exact-city-alias,93,job_006760,https://jobs.51job.com/hechi/167562811.html?s=sou_sou_soulb&t=0_0&req=7d3b5c97d6097a008e5e8433e9b9ebec
河南,洛阳,涧西区,河南,洛阳,涧西区,high,exact-city-alias,93,job_022953,https://jobs.51job.com/luoyang-jxq/165422794.html?s=sou_sou_soulb&t=0_0&req=5d85f2936bc3c02dcefdbfb8ff9370c4
安徽,淮南,寿县,安徽,淮南,寿县,high,exact-city-alias,93,job_047656,https://jobs.51job.com/huainan-sx/171612602.html?s=sou_sou_soulb&t=0_0&req=cdbff652fc6df47faf4de6f014966e90
安徽,六安,舒城县,安徽,六安,舒城县,high,exact-city-alias,92,job_022849,https://jobs.51job.com/liuan-scx/169918062.html?s=sou_sou_soulb&t=0_0&req=c3cabe45db7a25e702956f308a59828b
宁夏,吴忠,,宁夏,吴忠,,high,exact-city-alias,92,job_054403,https://jobs.51job.com/wuzhong/163843207.html?s=sou_sou_soulb&t=0_0&req=a10cc7a2007a8d0262938bffabf91dd5
广东,珠海,珠海保税区,广东,珠海,珠海保税区,high,exact-city-alias,92,job_002169,https://jobs.51job.com/zhuhai-zhbs/171489937.html?s=sou_sou_soulb&t=0_0&req=e14bca5788d386adc849ac26f4622448
湖南,张家界,,湖南,张家界,,high,exact-city-alias,91,job_051063,https://jobs.51job.com/zhangjiajie/162528408.html?s=sou_sou_soulb&t=0_0&req=31d15a217b4ae5017de16d29d9680167
山东,济宁,任城区,山东,济宁,任城区,high,exact-city-alias,91,job_015647,https://jobs.51job.com/jining-rcq/165834599.html?s=sou_sou_soulb&t=0_0&req=46801818bc94e6cd8a5a5be093df1ef7
江西,吉安,吉水县,江西,吉安,吉水县,high,exact-city-alias,90,job_046528,https://jobs.51job.com/jian-jsx/171607509.html?s=sou_sou_soulb&t=0_0&req=e5f842b11a68fc79a04206fcc33f905f
江西,宜春,袁州区,江西,宜春,袁州区,high,exact-city-alias,90,job_006698,https://jobs.51job.com/yichun-yzq/170512994.html?s=sou_sou_soulb&t=0_0&req=c3f9bf16c92fd67fff6ba2a1ab89af25
海南,儋州,,海南,儋州,,high,exact-city-alias,89,job_044708,https://jobs.51job.com/danzhou/171598224.html?s=sou_sou_soulb&t=0_0&req=f071eb9d0725153ceb777cd2a4172294
江西,新余,渝水区,江西,新余,渝水区,high,exact-city-alias,89,job_046437,https://jobs.51job.com/xinyu-ysq/171493538.html?s=sou_sou_soulb&t=0_0&req=bd6ad86ee7b3bd9c2bd1c32b0c3fccf7
浙江,温州,洞头区,浙江,温州,洞头区,high,exact-city-alias,89,job_011679,https://jobs.51job.com/wenzhou-dtq/165974734.html?s=sou_sou_soulb&t=0_0&req=d084e85b103295f48bc50a2fae9544de
湖北,襄阳,谷城县,湖北,襄阳,谷城县,high,exact-city-alias,89,job_023099,https://jobs.51job.com/xiangyang-gcx/163749127.html?s=sou_sou_soulb&t=0_0&req=f3a6026d9caf0de24af00901bcf42b8d
辽宁,阜新,,辽宁,阜新,,high,exact-city-alias,89,job_052807,https://jobs.51job.com/fuxin/168967991.html?s=sou_sou_soulb&t=0_0&req=143528b7a1252ce81b9a2488ecd65849
新疆,乌鲁木齐,沙依巴克区,新疆,乌鲁木齐,沙依巴克区,high,exact-city-alias,88,job_023867,https://jobs.51job.com/urumqi-sybkq/166665795.html?s=sou_sou_soulb&t=0_0&req=eeb79134135ecd3387e01889ec189962
河南,济源,,河南,济源,,high,51job-area-alias,88,job_048892,https://jobs.51job.com/jiyuan/170993960.html?s=sou_sou_soulb&t=0_0&req=f2ae46da9255234e509adb6d9b207707
湖北,孝感,云梦县,湖北,孝感,云梦县,high,exact-city-alias,87,job_049231,https://jobs.51job.com/xiaogan-ymx/163801676.html?s=sou_sou_soulb&t=0_0&req=9301a99d00b6cc060aea804be9d7c7dc
云南,曲靖,麒麟区,云南,曲靖,麒麟区,high,exact-city-alias,87,job_010928,https://jobs.51job.com/qujing-qlq/170790316.html?s=sou_sou_soulb&t=0_0&req=5579ab249fd9dc010f65b01b2befcec7
福建,泉州,石狮市,福建,泉州,石狮市,high,exact-city-alias,87,job_044892,https://jobs.51job.com/quanzhou-sss/156196300.html?s=sou_sou_soulb&t=0_0&req=ba57b730dc46d51bad5abff654ed025b
江苏,盐城,射阳县,江苏,盐城,射阳县,high,exact-city-alias,87,job_039336,https://jobs.51job.com/yancheng-syx/162550338.html?s=sou_sou_soulb&t=0_0&req=d16dda63d48d492c6f7a86da8c3d5d18
陕西,西安,临潼区,陕西,西安,临潼区,high,exact-city-alias,87,job_052128,https://jobs.51job.com/xian-ltq/171172768.html?s=sou_sou_soulb&t=0_0&req=8bfa645e8a40cf9ae642f2770bf6faed
宁夏,银川,兴庆区,宁夏,银川,兴庆区,high,exact-city-alias,87,job_013897,https://jobs.51job.com/yinchuan-xqq/169638503.html?s=sou_sou_soulb&t=0_0&req=8b56c691997fce5a5a63f2d71c82d292
新疆,乌鲁木齐,水磨沟区,新疆,乌鲁木齐,水磨沟区,high,exact-city-alias,86,job_054450,https://jobs.51job.com/urumqi-smgq/87679449.html?s=sou_sou_soulb&t=0_0&req=1f437a66255ca8ba3e29cca419838667
陕西,咸阳,渭城区,陕西,咸阳,渭城区,high,exact-city-alias,86,job_059190,https://jobs.51job.com/xianyang-wcq/150652103.html?s=sou_sou_soulb&t=0_0&req=628d2cb24bd03e4311f15e991f9de311
江苏,镇江,润州区,江苏,镇江,润州区,high,exact-city-alias,86,job_039119,https://jobs.51job.com/zhenjiang-rzq/167102494.html?s=sou_sou_soulb&t=0_0&req=98329ce26db88d88d4de266a918d47ba
广西,柳州,城中区,广西,柳州,城中区,high,exact-city-alias,85,job_047010,https://jobs.51job.com/liuzhou-czq/171352143.html?s=sou_sou_soulb&t=0_0&req=c353661c1325fb10bad8a544ab83342f
湖北,荆州,监利市,湖北,荆州,监利市,high,exact-city-alias,85,job_049201,https://jobs.51job.com/jingzhou-jls/170722790.html?s=sou_sou_soulb&t=0_0&req=239243eae986cf6cfca55d7859092ccf
辽宁,鞍山,铁东区,辽宁,鞍山,铁东区,high,exact-city-alias,85,job_006416,https://jobs.51job.com/anshan-tdq/168729762.html?s=sou_sou_soulb&t=0_1&req=d22add661e54a3c1a38d5423b959bd71
四川,广元,,四川,广元,,high,exact-city-alias,84,job_043397,https://jobs.51job.com/guangyuan/171668302.html?s=sou_sou_soulb&t=0_0&req=b992cb80d6c57e7dfa84053461ca2b81
广东,汕尾,陆丰市,广东,汕尾,陆丰市,high,exact-city-alias,84,job_030746,https://jobs.51job.com/shanwei-lfs/170185886.html?s=sou_sou_soulb&t=0_0&req=3aba440788224575bb0cc8af6a632226
江苏,泰州,兴化市,江苏,泰州,兴化市,high,exact-city-alias,84,job_039450,https://jobs.51job.com/taizhou-xhs/171478674.html?s=sou_sou_soulb&t=0_0&req=a2d2a625d076a82101d5e2de3d5826df
广西,贺州,,广西,贺州,,high,exact-city-alias,84,job_046818,https://jobs.51job.com/hezhou/171672703.html?s=sou_sou_soulb&t=0_0&req=7e800bfde2b871b823cb796cfb3f1764
安徽,马鞍山,博望区,安徽,马鞍山,博望区,high,exact-city-alias,84,job_119264,https://jobs.51job.com/maanshan-bwq/170436234.html?s=sou_sou_soulb&t=0_0&req=a347543c3ca668a54d44012ad8484b4d
江西,九江,柴桑区,江西,九江,柴桑区,high,exact-city-alias,83,job_046722,https://jobs.51job.com/jiujiang-csq/162218380.html?s=sou_sou_soulb&t=0_0&req=b50c4e87f5b6a407b86c63cc62129853
黑龙江,佳木斯,,黑龙江,佳木斯,,high,exact-city-alias,83,job_014008,https://jobs.51job.com/jiamusi/171125135.html?s=sou_sou_soulb&t=0_0&req=a98c3e86e38c8fe83560bd81ed42f930
四川,内江,市中区,四川,内江,市中区,high,exact-city-alias,83,job_006285,https://jobs.51job.com/neijiang-szq/169462072.html?s=sou_sou_soulb&t=0_0&req=d85f459dcf12f6a0f62b55be1f73687c
陕西,宝鸡,陈仓区,陕西,宝鸡,陈仓区,high,exact-city-alias,83,job_092238,https://jobs.51job.com/baoji-ccq/101279452.html?s=sou_sou_soulb&t=0_0&req=132a3f9b65bad4447f9e2e99fd643536
四川,泸州,龙马潭区,四川,泸州,龙马潭区,high,exact-city-alias,83,job_006248,https://jobs.51job.com/luzhou-lmtq/170446573.html?s=sou_sou_soulb&t=0_0&req=d85f459dcf12f6a0f62b55be1f73687c
辽宁,辽阳,,辽宁,辽阳,,high,exact-city-alias,83,job_052683,https://jobs.51job.com/liaoyang/170433727.html?s=sou_sou_soulb&t=0_0&req=8d4a7225386faceebc7b8bee97663f67
贵州,黔东南,,贵州,黔东南,,high,51job-area-alias,83,job_023810,https://jobs.51job.com/qiandongnan/171515344.html?s=sou_sou_soulb&t=0_0&req=64203f4429ac76705893481cbbbaef25
湖北,十堰,茅箭区,湖北,十堰,茅箭区,high,exact-city-alias,82,job_023067,https://jobs.51job.com/shiyan-mjq/171383282.html?s=sou_sou_soulb&t=0_0&req=2c51064ec6c630584cc14ce2480d7018
浙江,台州,天台县,浙江,台州,天台县,high,exact-city-alias,82,job_005703,https://jobs.51job.com/taizhoue-ttx/164156160.html?s=sou_sou_soulb&t=0_0&req=98c2aeb809c0a47b2625fffa4727b318
湖南,娄底,娄星区,湖南,娄底,娄星区,high,exact-city-alias,82,job_023393,https://jobs.51job.com/loudi-lxq/159883498.html?s=sou_sou_soulb&t=0_0&req=7ef09014cf3d7886096a2ba96f4db7be
江苏,宿迁,沭阳县,江苏,宿迁,沭阳县,high,exact-city-alias,82,job_082899,https://jobs.51job.com/suqian-syx/171522495.html?s=sou_sou_soulb&t=0_0&req=5693f0f3e50651c11665a06f684edcff
河南,开封,龙亭区,河南,开封,龙亭区,high,exact-city-alias,82,job_048580,https://jobs.51job.com/kaifeng-ltq/158997805.html?s=sou_sou_soulb&t=0_0&req=81ec740ab6c843116521aa2f342b8fba
陕西,杨凌,,陕西,杨凌,,high,51job-area-alias,82,job_017540,https://jobs.51job.com/yangling/171385961.html?s=sou_sou_soulb&t=0_0&req=6d4493f8dc380797a3dbd75d81940495
广西,桂林,七星区,广西,桂林,七星区,high,exact-city-alias,82,job_006721,https://jobs.51job.com/guilin-qxq/170073442.html?s=sou_sou_soulb&t=0_0&req=bc8e1b2747700688a25d4e87885bfb36
福建,泉州,洛江区,福建,泉州,洛江区,high,exact-city-alias,82,job_006506,https://jobs.51job.com/quanzhou-ljq/171042002.html?s=sou_sou_soulb&t=0_0&req=3b5fc5d5199b102a0f5a0ad878bfb85d
福建,漳州,龙文区,福建,漳州,龙文区,high,exact-city-alias,82,job_057972,https://jobs.51job.com/zhangzhou-lwq/171397106.html?s=sou_sou_soulb&t=0_0&req=f4f507f480b95cc5435c1c0c4bfaf673
安徽,芜湖,无为市,安徽,芜湖,无为市,high,exact-city-alias,82,job_022781,https://jobs.51job.com/wuhu-wws/170723571.html?s=sou_sou_soulb&t=0_0&req=0c66f5825b8514e8db6a8b3d5c2b9c3e
湖北,荆门,东宝区,湖北,荆门,东宝区,high,exact-city-alias,82,job_049215,https://jobs.51job.com/jingmen-dbq/165631639.html?s=sou_sou_soulb&t=0_0&req=1d732f5ccff3d9649a74892039304f04
辽宁,丹东,,辽宁,丹东,,high,exact-city-alias,81,job_052928,https://jobs.51job.com/dandong/171439020.html?s=sou_sou_soulb&t=0_0&req=8e2b9eaab9acd3218fbcad4f5619d84a
广东,河源,东源县,广东,河源,东源县,high,exact-city-alias,81,job_002633,https://jobs.51job.com/heyuan-dyx/168015994.html?s=sou_sou_soulb&t=0_0&req=8d1fc174f3e6c9f37d450b98aba7131e
,海南省,,海南,,,low,province-only-city-source,81,job_022454,https://jobs.51job.com/all/163348629.html?s=sou_sou_soulb&t=0_0&req=b031034b59e757fb0b5981115ccdf6fc
广东,潮州,湘桥区,广东,潮州,湘桥区,high,exact-city-alias,81,job_030678,https://jobs.51job.com/chaozhou-xqq/167729979.html?s=sou_sou_soulb&t=0_0&req=f9d1049ce2aac3d1f90633e3cebd52d8
,佛山,,广东,佛山,,high,exact-city-alias,80,job_019748,https://jobs.51job.com/all/169621043.html?s=sou_sou_soulb&t=0_0&req=f15bbf7df422132eaa98b7f3e1a9ab50
吉林,四平,,吉林,四平,,high,exact-city-alias,80,job_053008,https://jobs.51job.com/siping/168658950.html?s=sou_sou_soulb&t=0_0&req=20b7114ae6a07a62215643df20ba601a
安徽,宣城,宣州区,安徽,宣城,宣州区,high,exact-city-alias,80,job_047409,https://jobs.51job.com/xuancheng-xzq/171334698.html?s=sou_sou_soulb&t=0_0&req=1343f78198d53743b6f8e73dd54baf21
江苏,徐州,睢宁县,江苏,徐州,睢宁县,high,exact-city-alias,80,job_101238,https://jobs.51job.com/xuzhou-snx/171064077.html?s=sou_sou_soulb&t=0_0&req=d8c1c63bc05958cc58e906ae7d917fe2
江苏,扬州,高邮市,江苏,扬州,高邮市,high,exact-city-alias,80,job_009671,https://jobs.51job.com/yangzhou-gys/171307218.html?s=sou_sou_soulb&t=0_0&req=edcc6b9eebc6cd7778e8f824c79d997d
福建,福州,罗源县,福建,福州,罗源县,high,exact-city-alias,80,job_011769,https://jobs.51job.com/fuzhou-lyx/162149886.html?s=sou_sou_soulb&t=0_0&req=b3e443455bb343fca43f616118f93191
四川,自贡,沿滩区,四川,自贡,沿滩区,high,exact-city-alias,80,job_043312,https://jobs.51job.com/zigong-ytq/170525280.html?s=sou_sou_soulb&t=0_0&req=36c2a31f757ef2c9aad91b975ff6b007
宁夏,银川,灵武市,宁夏,银川,灵武市,high,exact-city-alias,80,job_094660,https://jobs.51job.com/yinchuan-lws/169632567.html?s=sou_sou_soulb&t=0_0&req=0b2f0f28784b7aa000d018c0a17232d4
安徽,阜阳,颍东区,安徽,阜阳,颍东区,high,exact-city-alias,80,job_060812,https://jobs.51job.com/fuyang-ydq/170509659.html?s=sou_sou_soulb&t=0_0&req=2166b38c7999044d994942d213a4a825
湖北,咸宁,咸安区,湖北,咸宁,咸安区,high,exact-city-alias,79,job_049310,https://jobs.51job.com/xianning-xaq/169666046.html?s=sou_sou_soulb&t=0_0&req=e94bb4c2c5cecd132a7dac3daa0d989e
浙江,杭州,江干区,浙江,杭州,江干区,high,exact-city-alias,79,job_042299,https://jobs.51job.com/hangzhou-jgq/153231883.html?s=sou_sou_soulb&t=0_0&req=05e2f3ccd18043c410a516eecb1bb1ee
四川,西昌,,四川,西昌,,high,51job-area-alias,79,job_022335,https://jobs.51job.com/xichang/158896774.html?s=sou_sou_soulb&t=0_0&req=0265bbf5bd5a468a5eebd988a8e461ff
四川,资阳,雁江区,四川,资阳,雁江区,high,exact-city-alias,79,job_074748,https://jobs.51job.com/ziyang-yjq/170742772.html?s=sou_sou_soulb&t=0_0&req=c5e61a16ebaa8983bfd138837ab75352
北京,北京,门头沟区,北京,北京,门头沟区,high,exact-city-alias,78,job_000271,https://jobs.51job.com/beijing-mtgq/170890034.html?s=sou_sou_soulb&t=0_0&req=87285807ca3f0a6ee70ab4134cb9acd6
山东,威海,环翠区,山东,威海,环翠区,high,exact-city-alias,78,job_013738,https://jobs.51job.com/weihai-hcq/167792159.html?s=sou_sou_soulb&t=0_0&req=d9bd20cbc27553eee4bc174867d19103
,宁波,,浙江,宁波,,high,exact-city-alias,78,job_040795,https://jobs.51job.com/all/162410073.html?s=sou_sou_soulb&t=0_0&req=e6e12b2cb49d3f59ddcfed0834567f79
湖北,宜昌,宜都市,湖北,宜昌,宜都市,high,exact-city-alias,78,job_049088,https://jobs.51job.com/yichang-yds/171405475.html?s=sou_sou_soulb&t=0_0&req=53cb5ed18c6408a6d6d986a2a5a2899a
河北,廊坊,广阳区,河北,廊坊,广阳区,high,exact-city-alias,78,job_048396,https://jobs.51job.com/langfang-gyq/165737212.html?s=sou_sou_soulb&t=0_0&req=c4200e965d740d0539a4bfaa42f68b09
山东,淄博,张店区,山东,淄博,张店区,high,exact-city-alias,78,job_045716,https://jobs.51job.com/zibo-zdq/168945396.html?s=sou_sou_soulb&t=0_0&req=70a048a1dc1d1f8f5455cb7a09b93e4b
江苏,淮安,盱眙县,江苏,淮安,盱眙县,high,exact-city-alias,78,job_005619,https://jobs.51job.com/huaian-xyx/171362820.html?s=sou_sou_soulb&t=0_0&req=7c6e4ea859d1a6f945607ec5df33dbf2
内蒙古,呼和浩特,赛罕区,内蒙古,呼和浩特,赛罕区,high,exact-city-alias,77,job_010953,https://jobs.51job.com/huhhot-shq/171655449.html?s=sou_sou_soulb&t=0_0&req=f06983c17f3372be06e6c160ff4f9f13
内蒙古,呼和浩特,新城区,内蒙古,呼和浩特,新城区,high,exact-city-alias,77,job_023842,https://jobs.51job.com/huhhot-xcq/170806384.html?s=sou_sou_soulb&t=0_0&req=0100002019313a96b97c9428bf31fdc7
甘肃,定西,,甘肃,定西,,high,exact-city-alias,77,job_054091,https://jobs.51job.com/dingxi/141437762.html?s=sou_sou_soulb&t=0_0&req=f3ee2e5922f23ba1dc39509acf70362c
广西,来宾,,广西,来宾,,high,exact-city-alias,77,job_046912,https://jobs.51job.com/laibin/157707398.html?s=sou_sou_soulb&t=0_0&req=b70a1a156d382c4fa3d3b57d6ca71860
甘肃,白银,,甘肃,白银,,high,exact-city-alias,77,job_010950,https://jobs.51job.com/baiyin/161594269.html?s=sou_sou_soulb&t=0_0&req=15fc968a3eeb593726aa39674e105da0
吉林,通化,,吉林,通化,,high,exact-city-alias,77,job_052990,https://jobs.51job.com/tonghua/169990218.html?s=sou_sou_soulb&t=0_0&req=c91362131cdd0e784f719cb8e9ad7c16
四川,乐山,市中区,四川,乐山,市中区,high,exact-city-alias,76,job_022326,https://jobs.51job.com/leshan-szq/171297637.html?s=sou_sou_soulb&t=0_0&req=0265bbf5bd5a468a5eebd988a8e461ff
广东,汕头,濠江区,广东,汕头,濠江区,high,exact-city-alias,76,job_090162,https://jobs.51job.com/shantou-hjq/171002173.html?s=sou_sou_soulb&t=0_0&req=e1afa325f66b14c18590c4974f0eed05
广东,湛江,麻章区,广东,湛江,麻章区,high,exact-city-alias,76,job_030548,https://jobs.51job.com/zhanjiang-mzq/170486367.html?s=sou_sou_soulb&t=0_0&req=7f517bc409486c55bb4377a9e89be789
宁夏,石嘴山,,宁夏,石嘴山,,high,exact-city-alias,76,job_112892,https://jobs.51job.com/shizuishan/171101106.html?s=sou_sou_soulb&t=0_0&req=1a958c59e87aedd2aff6b41a561e8b85
广东,茂名,电白区,广东,茂名,电白区,high,exact-city-alias,76,job_002635,https://jobs.51job.com/maoming-dbq/171054411.html?s=sou_sou_soulb&t=0_0&req=c418879a81c89391ae3fc61de627da33
湖北,荆州,洪湖市,湖北,荆州,洪湖市,high,exact-city-alias,76,job_049202,https://jobs.51job.com/jingzhou-hhs/171077105.html?s=sou_sou_soulb&t=0_0&req=239243eae986cf6cfca55d7859092ccf
北京,北京,密云区,北京,北京,密云区,high,exact-city-alias,75,job_024234,https://jobs.51job.com/beijing-myq/169331234.html?s=sou_sou_soulb&t=0_0&req=ff0fc556e35dc534a292b396dade6cf2
四川,雅安,,四川,雅安,,high,exact-city-alias,75,job_043418,https://jobs.51job.com/yaan/170635941.html?s=sou_sou_soulb&t=0_0&req=fb47cee8d4497216e52dc323a6e3f029
辽宁,大连,普兰店区,辽宁,大连,普兰店区,high,exact-city-alias,74,job_023609,https://jobs.51job.com/dalian-pldq/171449655.html?s=sou_sou_soulb&t=0_0&req=e47a11e35fc8429f0c07aabc54418cec
四川,巴中,,四川,巴中,,high,exact-city-alias,74,job_043429,https://jobs.51job.com/bazhong/169627765.html?s=sou_sou_soulb&t=0_0&req=d667894e7d8be3c9abd6e4d7fa137179
山东,烟台,莱山区,山东,烟台,莱山区,high,exact-city-alias,74,job_022587,https://jobs.51job.com/yantai-lsq/171227379.html?s=sou_sou_soulb&t=0_0&req=4917ba83027b3c8d9138817ba00fd9aa
河南,郑州,新郑市,河南,郑州,新郑市,high,exact-city-alias,74,job_080989,https://jobs.51job.com/xinzhengshi/171662221.html?s=sou_sou_soulb&t=0_0&req=0eb1b0db56fd03ab05f98ec0ca18c12a
安徽,铜陵,枞阳县,安徽,铜陵,枞阳县,high,exact-city-alias,74,job_106833,https://jobs.51job.com/tongling-zyx/169078214.html?s=sou_sou_soulb&t=0_0&req=a3b312044443cedcecee1896ff54999b
辽宁,大连,瓦房店市,辽宁,大连,瓦房店市,high,exact-city-alias,73,job_008005,https://jobs.51job.com/dalian-wfds/171367126.html?s=sou_sou_soulb&t=0_0&req=b2bd0ef33f0373da09db76b6f18ae545
江西,宜春,樟树市,江西,宜春,樟树市,high,exact-city-alias,73,job_046503,https://jobs.51job.com/yichun-zss/170155167.html?s=sou_sou_soulb&t=0_0&req=9ef853957fda98b54b28c73f24258837
海南,海口,琼山区,海南,海口,琼山区,high,exact-city-alias,73,job_022467,https://jobs.51job.com/haikou-qsq/170627196.html?s=sou_sou_soulb&t=0_0&req=b031034b59e757fb0b5981115ccdf6fc
浙江,温州,龙港市,浙江,温州,龙港市,high,exact-city-alias,73,job_064843,https://jobs.51job.com/wenzhou-lgs/146239923.html?s=sou_sou_soulb&t=0_0&req=dc5e3fdec364a96f8ca303499b8e9ba4
安徽,滁州,来安县,安徽,滁州,来安县,high,exact-city-alias,73,job_087391,https://jobs.51job.com/chuzhou-lax/160441996.html?s=sou_sou_soulb&t=0_0&req=96639e22a36fdbee0d98921c0c567749
安徽,芜湖,三山区,安徽,芜湖,三山区,high,exact-city-alias,73,job_047487,https://jobs.51job.com/wuhu-ssq/171565156.html?s=sou_sou_soulb&t=0_0&req=769d776ee73417918cfc1f925be13215
新疆,乌鲁木齐,头屯河区,新疆,乌鲁木齐,头屯河区,high,exact-city-alias,72,job_023872,https://jobs.51job.com/urumqi-tthq/170194033.html?s=sou_sou_soulb&t=0_0&req=eeb79134135ecd3387e01889ec189962
江苏,扬州,宝应县,江苏,扬州,宝应县,high,exact-city-alias,72,job_038842,https://jobs.51job.com/yangzhou-byx/166358645.html?s=sou_sou_soulb&t=0_0&req=f169b78d601a4a52f879dd11b472402d
,甘肃省,,甘肃,,,low,province-only-city-source,72,job_023825,https://jobs.51job.com/all/171113960.html?s=sou_sou_soulb&t=0_0&req=a7ff71330ec3079e6952ab73c1d523a2
江苏,连云港,赣榆区,江苏,连云港,赣榆区,high,exact-city-alias,72,job_086089,https://jobs.51job.com/lianyungang-gyq/171249818.html?s=sou_sou_soulb&t=0_0&req=2b76cbd8bbd9710a65b58ff6cad5dbb7
安徽,黄山,屯溪区,安徽,黄山,屯溪区,high,exact-city-alias,72,job_058377,https://jobs.51job.com/huangshan-txq/171198418.html?s=sou_sou_soulb&t=0_0&req=6ba3e8135381df12a28e282f56c6d7e8
海南,澄迈,,海南,澄迈,,high,51job-area-alias,71,job_044671,https://jobs.51job.com/chengmai/171639560.html?s=sou_sou_soulb&t=0_0&req=f071eb9d0725153ceb777cd2a4172294
江苏,盐城,阜宁县,江苏,盐城,阜宁县,high,exact-city-alias,71,job_062052,https://jobs.51job.com/yancheng-fnx/171258619.html?s=sou_sou_soulb&t=0_0&req=29a6d57301e13daa80cfbf7f6008f9f0
湖北,荆门,钟祥市,湖北,荆门,钟祥市,high,exact-city-alias,71,job_007491,https://jobs.51job.com/jingmen-zxs/170729760.html?s=sou_sou_soulb&t=0_0&req=b64e0ad9aae23d3278684cdba9fdc600
江西,赣州,于都县,江西,赣州,于都县,high,exact-city-alias,71,job_006681,https://jobs.51job.com/ganzhou-ydx/170528021.html?s=sou_sou_soulb&t=0_0&req=c3f9bf16c92fd67fff6ba2a1ab89af25
河南,郑州,惠济区,河南,郑州,惠济区,high,exact-city-alias,71,job_048542,https://jobs.51job.com/huijiqu/164407974.html?s=sou_sou_soulb&t=0_0&req=b2fa2674ef955b7cf8d98cc67e15979b
甘肃,陇南,,甘肃,陇南,,high,exact-city-alias,71,job_054075,https://jobs.51job.com/longnan/171454611.html?s=sou_sou_soulb&t=0_0&req=3334686c44203ef1b47776580eeb8152
河北,保定,莲池区,河北,保定,莲池区,high,exact-city-alias,70,job_006997,https://jobs.51job.com/baoding-lcq/170922839.html?s=sou_sou_soulb&t=0_0&req=90054f74abfc5b504146f32061ab66f5
四川,南充,顺庆区,四川,南充,顺庆区,high,exact-city-alias,70,job_043347,https://jobs.51job.com/nanchong-sqq/170649672.html?s=sou_sou_soulb&t=0_0&req=eb27db6c06da10f4e9717c71e9c19fae
,无锡,,江苏,无锡,,high,exact-city-alias,70,job_005153,https://jobs.51job.com/all/165029328.html?s=sou_sou_soulb&t=0_0&req=93b42b82ee51aae4afe7314ad6a9250f
广东,梅州,梅县区,广东,梅州,梅县区,high,exact-city-alias,70,job_064326,https://jobs.51job.com/meizhou-mxq/170597286.html?s=sou_sou_soulb&t=0_0&req=025e7da0426e2606cf2fd2ce06f1dee0
安徽,蚌埠,禹会区,安徽,蚌埠,禹会区,high,exact-city-alias,70,job_058364,https://jobs.51job.com/bangbu-yhq/170841807.html?s=sou_sou_soulb&t=0_0&req=c2a6c8fc87332d8845cc17e8f3c254d6
重庆,重庆,南川区,重庆,重庆,南川区,high,exact-city-alias,70,job_020919,https://jobs.51job.com/chongqing-ncq/158406648.html?s=sou_sou_soulb&t=0_0&req=ebd4baf26faa61bf3b14bfdbde625b32
四川,成都,蒲江县,四川,成都,蒲江县,high,exact-city-alias,69,job_044231,https://jobs.51job.com/chengdu-pjx/170139954.html?s=sou_sou_soulb&t=0_0&req=17317f549fefae0d9fc46e42c9129b71
福建,泉州,南安市,福建,泉州,南安市,high,exact-city-alias,69,job_045286,https://jobs.51job.com/quanzhou-nas/162397343.html?s=sou_sou_soulb&t=0_0&req=98fde152f6ee4a3b16886db69408257e
江西,赣州,南康区,江西,赣州,南康区,high,exact-city-alias,69,job_022701,https://jobs.51job.com/ganzhou-nkq/171082278.html?s=sou_sou_soulb&t=0_0&req=20b2a50a487829755fc0b28fab0800ef
山西,太原,迎泽区,山西,太原,迎泽区,high,exact-city-alias,68,job_007921,https://jobs.51job.com/taiyuan-yzq/157830319.html?s=sou_sou_soulb&t=0_0&req=9261977793182cff61e4e464f603f9a9
内蒙古,巴彦淖尔,,内蒙古,巴彦淖尔,,high,exact-city-alias,68,job_059573,https://jobs.51job.com/bayannaoer/171276563.html?s=sou_sou_soulb&t=0_0&req=5862b88a7f95f53b7cc38eac3ae56f41
湖南,常德,武陵区,湖南,常德,武陵区,high,exact-city-alias,68,job_051137,https://jobs.51job.com/changde-wlq/167414073.html?s=sou_sou_soulb&t=0_0&req=cdc99de7e88c3de858d5fc32ebdfb6e7
河南,洛阳,西工区,河南,洛阳,西工区,high,exact-city-alias,68,job_007127,https://jobs.51job.com/luoyang-xgq/171590761.html?s=sou_sou_soulb&t=0_0&req=97a51670cf764c5eabaa8a6f7f358c94
湖南,益阳,赫山区,湖南,益阳,赫山区,high,exact-city-alias,68,job_010707,https://jobs.51job.com/yiyang-hsq/171655579.html?s=sou_sou_soulb&t=0_0&req=7c7f8675d3bb7824ec928352906acdde
浙江,舟山,普陀区,浙江,舟山,普陀区,high,exact-city-alias,68,job_005997,https://jobs.51job.com/zhoushan-ptq/170939904.html?s=sou_sou_soulb&t=0_0&req=a3f2a8b287fd81f6688199024af92f6c
湖北,荆州,江陵县,湖北,荆州,江陵县,high,exact-city-alias,68,job_065447,https://jobs.51job.com/jingzhou-jlx/170740975.html?s=sou_sou_soulb&t=0_0&req=7ecb52977cd0871c636d782dd94da5a9
河南,许昌,建安区,河南,许昌,建安区,high,exact-city-alias,68,job_133666,https://jobs.51job.com/xuchang-jaq/169052432.html?s=sou_sou_soulb&t=0_0&req=47c30755876ca47d38a25887abbd0f60
辽宁,鞍山,铁西区,辽宁,鞍山,铁西区,high,exact-city-alias,68,job_008060,https://jobs.51job.com/anshan-txq/168728821.html?s=sou_sou_soulb&t=0_0&req=c441dfac70f7ab5df361a92a9782aa82
贵州,黔西南,,贵州,黔西南,,high,51job-area-alias,68,job_059543,https://jobs.51job.com/qianxinan/170498701.html?s=sou_sou_soulb&t=0_0&req=cf9003f89b883002809cb21439a131e8
广东,中山,大涌镇,广东,中山,大涌镇,high,exact-city-alias,67,job_002577,https://jobs.51job.com/zhongshan-dyz/169023318.html?s=sou_sou_soulb&t=0_0&req=cb1882c9e5163bb25021626e8d90b59f
湖南,湘潭,岳塘区,湖南,湘潭,岳塘区,high,exact-city-alias,67,job_015741,https://jobs.51job.com/xiangtan-ytq/171484660.html?s=sou_sou_soulb&t=0_0&req=f7caf28e4300409e1a49fa3e0a711edc
陕西,西安,国家民用航天产业基地,陕西,西安,国家民用航天产业基地,high,exact-city-alias,67,job_007765,https://jobs.51job.com/xian-gjmyht/171669094.html?s=sou_sou_soulb&t=0_0&req=d39bf751ee95785621b4bcbdd616430c
河南,郑州,巩义市,河南,郑州,巩义市,high,exact-city-alias,67,job_007043,https://jobs.51job.com/gongyishi/170101914.html?s=sou_sou_soulb&t=0_0&req=8468dee840d7c61d0a3dfc1ebcbed152
甘肃,兰州,兰州新区,甘肃,兰州,兰州新区,high,exact-city-alias,66,job_054052,https://jobs.51job.com/lanzhou-lzxq/171195349.html?s=sou_sou_soulb&t=0_0&req=3334686c44203ef1b47776580eeb8152
江西,赣州,兴国县,江西,赣州,兴国县,high,exact-city-alias,66,job_022693,https://jobs.51job.com/ganzhou-xgx/170497041.html?s=sou_sou_soulb&t=0_0&req=1ff9799ecac12771b6067fc9492c44c3
湖北,黄冈,黄州区,湖北,黄冈,黄州区,high,exact-city-alias,65,job_049160,https://jobs.51job.com/huanggang-hzq/165631954.html?s=sou_sou_soulb&t=0_1&req=5a684518b61cde4ccfc38bf7dc62d932
甘肃,平凉,,甘肃,平凉,,high,exact-city-alias,64,job_082269,https://jobs.51job.com/pingliang/170480069.html?s=sou_sou_soulb&t=0_0&req=770a85ab659eaa0b5a8e98261ea5ee13
广西,桂林,临桂区,广西,桂林,临桂区,high,exact-city-alias,64,job_046858,https://jobs.51job.com/guilin-lgq/171459486.html?s=sou_sou_soulb&t=0_0&req=7e800bfde2b871b823cb796cfb3f1764
安徽,滁州,明光市,安徽,滁州,明光市,high,exact-city-alias,64,job_006858,https://jobs.51job.com/chuzhou-mgs/170855651.html?s=sou_sou_soulb&t=0_0&req=691ba960ae82a200b7e8aea75dc1d411
黑龙江,牡丹江,,黑龙江,牡丹江,,high,exact-city-alias,64,job_052447,https://jobs.51job.com/mudanjiang/149449585.html?s=sou_sou_soulb&t=0_0&req=29c9c75504c4aa3f64eaaf2abf79ee70
云南,西双版纳,景洪市,云南,西双版纳,景洪市,high,51job-area-alias,64,job_059471,https://jobs.51job.com/xishuangbanna-jhs/171103362.html?s=sou_sou_soulb&t=0_0&req=4868cbf3cb34ae7883aecdabc063804c
内蒙古,呼和浩特,土默特左旗,内蒙古,呼和浩特,土默特左旗,high,exact-city-alias,63,job_023831,https://jobs.51job.com/huhhot-tmtzq/171434239.html?s=sou_sou_soulb&t=0_0&req=0100002019313a96b97c9428bf31fdc7
江西,抚州,临川区,江西,抚州,临川区,high,exact-city-alias,63,job_074828,https://jobs.51job.com/fuzhou-lcq/170622285.html?s=sou_sou_soulb&t=0_0&req=120997367e7c932227c35b7f648da1ff
吉林,松原,,吉林,松原,,high,exact-city-alias,63,job_052956,https://jobs.51job.com/songyuan/171657182.html?s=sou_sou_soulb&t=0_0&req=c91362131cdd0e784f719cb8e9ad7c16
河北,石家庄,鹿泉区,河北,石家庄,鹿泉区,high,exact-city-alias,63,job_080910,https://jobs.51job.com/shijiazhuang-lqq/171667854.html?s=sou_sou_soulb&t=0_0&req=881b40c4d9c018868b3c695028ed6b6f
河北,邯郸,丛台区,河北,邯郸,丛台区,high,exact-city-alias,63,job_048100,https://jobs.51job.com/handan-ctq/171557151.html?s=sou_sou_soulb&t=0_0&req=d7d814ce56627fb600c31f6d368408d8
天津,天津,静海区,天津,天津,静海区,high,exact-city-alias,62,job_017324,https://jobs.51job.com/tianjin-jhq/170601858.html?s=sou_sou_soulb&t=0_0&req=7fa6913b80e5c31023749b3aa4b27e48
河北,廊坊,三河市,河北,廊坊,三河市,high,exact-city-alias,62,job_060836,https://jobs.51job.com/langfang-shs/171329655.html?s=sou_sou_soulb&t=0_0&req=9d71f12c96b5bc845412f33d1024313c
陕西,西安,浐灞生态区,陕西,西安,浐灞生态区,high,exact-city-alias,62,job_051529,https://jobs.51job.com/xian-cbstq/124438690.html?s=sou_sou_soulb&t=0_0&req=550e13f404e3b0cec38644b648fa02fb
安徽,马鞍山,含山县,安徽,马鞍山,含山县,high,exact-city-alias,62,job_047285,https://jobs.51job.com/maanshan-hsx/171596996.html?s=sou_sou_soulb&t=0_0&req=6ed833533284884c2a27a18a69725c52
甘肃,嘉峪关,,甘肃,嘉峪关,,high,exact-city-alias,61,job_073596,https://jobs.51job.com/jiayuguan/170610318.html?s=sou_sou_soulb&t=0_0&req=ee855dec712f1ed8e1e813c9dcfeff47
江西,宜春,丰城市,江西,宜春,丰城市,high,exact-city-alias,61,job_046381,https://jobs.51job.com/yichun-fcs/168925042.html?s=sou_sou_soulb&t=0_0&req=cd01e395680f80cc558ed5733be9786b
,杭州-拱墅区,,浙江,杭州,拱墅区,high,city-hyphen-district,61,job_042172,https://jobs.51job.com/all/171661633.html?s=sou_sou_soulb&t=0_0&req=3f43183ab1b34e9814c7d0d6d49cb894
山东,聊城,东昌府区,山东,聊城,东昌府区,high,exact-city-alias,61,job_045928,https://jobs.51job.com/liaocheng-dcfq/167483848.html?s=sou_sou_soulb&t=0_0&req=a677ee3f986f88c0056ff1dc4c54a7c8
江西,萍乡,上栗县,江西,萍乡,上栗县,high,exact-city-alias,61,job_006671,https://jobs.51job.com/pingxiang-slx/171397503.html?s=sou_sou_soulb&t=0_0&req=c3f9bf16c92fd67fff6ba2a1ab89af25
安徽,蚌埠,龙子湖区,安徽,蚌埠,龙子湖区,high,exact-city-alias,61,job_094325,https://jobs.51job.com/bangbu-lzhq/163892412.html?s=sou_sou_soulb&t=0_0&req=14a3994a2c8f72d9c20147fd38938bb5
湖北,咸宁,赤壁市,湖北,咸宁,赤壁市,high,exact-city-alias,60,job_008237,https://jobs.51job.com/xianning-cbs/171419592.html?s=sou_sou_soulb&t=0_0&req=5ca0026849775acd75f85a66acfa495a
新疆,哈密,,新疆,哈密,,high,exact-city-alias,60,job_015790,https://jobs.51job.com/hami/169104163.html?s=sou_sou_soulb&t=0_0&req=73a074a4e349cf478aa0e5955854f38a
云南,德宏,,云南,德宏,,high,51job-area-alias,60,job_023755,https://jobs.51job.com/dehong/151945935.html?s=sou_sou_soulb&t=0_0&req=530c5110ad3a11593c18284dca89d953
西藏,拉萨,堆龙德庆区,西藏,拉萨,堆龙德庆区,high,exact-city-alias,60,job_015789,https://jobs.51job.com/lasa-dldqq/171481861.html?s=sou_sou_soulb&t=0_0&req=fba0e6a67f87cb30c69cfee621b3eb61
陕西,西安,西安国际港务区,陕西,西安,西安国际港务区,high,exact-city-alias,60,job_051612,https://jobs.51job.com/xian-gjgw/169134474.html?s=sou_sou_soulb&t=0_0&req=2bc0b69a9dab9a08ba3351edf3098a13
广西,钦州,钦南区,广西,钦州,钦南区,high,exact-city-alias,60,job_047019,https://jobs.51job.com/qinzhou-qnq/171192329.html?s=sou_sou_soulb&t=0_0&req=c353661c1325fb10bad8a544ab83342f
江苏,镇江,镇江高新区,江苏,镇江,镇江高新区,high,exact-city-alias,60,job_005570,https://jobs.51job.com/zhenjiang-zjgx/170704320.html?s=sou_sou_soulb&t=0_0&req=9c0e4a474c2aeb152c721f00f6e331bf
湖北,黄石,下陆区,湖北,黄石,下陆区,high,exact-city-alias,60,job_049128,https://jobs.51job.com/huangshi-xlq/170641498.html?s=sou_sou_soulb&t=0_0&req=81ff29c6d2d36ff3111756b7dc5736c4
湖北,咸宁,嘉鱼县,湖北,咸宁,嘉鱼县,high,exact-city-alias,59,job_049308,https://jobs.51job.com/xianning-jyx/170485911.html?s=sou_sou_soulb&t=0_0&req=e94bb4c2c5cecd132a7dac3daa0d989e
山西,太原,清徐县,山西,太原,清徐县,high,exact-city-alias,59,job_023571,https://jobs.51job.com/taiyuan-qxx/171551019.html?s=sou_sou_soulb&t=0_0&req=a0105b023a82520081154402b69313b7
湖北,宜昌,猇亭区,湖北,宜昌,猇亭区,high,exact-city-alias,59,job_049092,https://jobs.51job.com/yichang-xtq/171402806.html?s=sou_sou_soulb&t=0_0&req=53cb5ed18c6408a6d6d986a2a5a2899a
广东,揭阳,榕城区,广东,揭阳,榕城区,high,exact-city-alias,59,job_030711,https://jobs.51job.com/jieyang-rcq/169990236.html?s=sou_sou_soulb&t=0_0&req=225285c3f8e11071bc2de8a470be0291
湖南,湘西,,湖南,湘西,,high,51job-area-alias,59,job_051157,https://jobs.51job.com/xiangxi/170103955.html?s=sou_sou_soulb&t=0_0&req=cdc99de7e88c3de858d5fc32ebdfb6e7
安徽,滁州,天长市,安徽,滁州,天长市,high,exact-city-alias,59,job_047758,https://jobs.51job.com/chuzhou-tcs/170416900.html?s=sou_sou_soulb&t=0_0&req=38a00376aa002a6e833a6bd382ac170a
山东,潍坊,寒亭区,山东,潍坊,寒亭区,high,exact-city-alias,59,job_006574,https://jobs.51job.com/weifang-htq/171475650.html?s=sou_sou_soulb&t=0_0&req=49fa21f4a13df9e7f28418008970f854
四川,绵阳,江油市,四川,绵阳,江油市,high,exact-city-alias,59,job_006296,https://jobs.51job.com/mianyang-jys/162915684.html?s=sou_sou_soulb&t=0_0&req=d85f459dcf12f6a0f62b55be1f73687c
广东,韶关,曲江区,广东,韶关,曲江区,high,exact-city-alias,59,job_030418,https://jobs.51job.com/shaoguan-qjq/170829611.html?s=sou_sou_soulb&t=0_0&req=adbf9ded08de9d878c15938b2f454f92
湖北,黄冈,武穴市,湖北,黄冈,武穴市,high,exact-city-alias,59,job_023020,https://jobs.51job.com/huanggang-wxs/171469403.html?s=sou_sou_soulb&t=0_0&req=9170d11bc9335c1acb1234c2c8e63092
,内蒙古,,,内蒙古,,low,fallback-city-source,58,job_054213,https://jobs.51job.com/all/153709531.html?s=sou_sou_soulb&t=0_0&req=6a378f3dac944047b0f41a90261b66fb
宁夏,固原,,宁夏,固原,,high,exact-city-alias,58,job_141916,https://jobs.51job.com/guyuan/170419939.html?s=sou_sou_soulb&t=0_0&req=c8126ecf9a6998fd9bab70794817f499
江苏,徐州,新沂市,江苏,徐州,新沂市,high,exact-city-alias,58,job_021077,https://jobs.51job.com/xuzhou-xys/171454805.html?s=sou_sou_soulb&t=0_0&req=4c4716b1385c55e8271307c961e0180e
安徽,蚌埠,蚌山区,安徽,蚌埠,蚌山区,high,exact-city-alias,58,job_037119,https://jobs.51job.com/bangbu-bsq/165460142.html?s=sou_sou_soulb&t=0_1&req=ffba31672edf602ccf0a5d308ad3a8cf
江西,九江,濂溪区,江西,九江,濂溪区,high,exact-city-alias,57,job_022715,https://jobs.51job.com/jiujiang-lxq/170622329.html?s=sou_sou_soulb&t=0_0&req=20b2a50a487829755fc0b28fab0800ef
四川,内江,东兴区,四川,内江,东兴区,high,exact-city-alias,57,job_057819,https://jobs.51job.com/neijiang-dxq/165791695.html?s=sou_sou_soulb&t=0_0&req=dc7630965e7732274329446ff86e0a44
安徽,合肥,北城新区,安徽,合肥,北城新区,high,exact-city-alias,57,job_015671,https://jobs.51job.com/hefei-bcxq/171546381.html?s=sou_sou_soulb&t=0_0&req=13f5b00187eb3ae24442328f7cc7140d
湖南,岳阳,平江县,湖南,岳阳,平江县,high,exact-city-alias,57,job_051265,https://jobs.51job.com/yueyang-pjx/171039627.html?s=sou_sou_soulb&t=0_0&req=a470d5b4fdaa7368ce07aedae313fd59
浙江,杭州,淳安县,浙江,杭州,淳安县,high,exact-city-alias,57,job_042374,https://jobs.51job.com/hangzhou-cax/171011538.html?s=sou_sou_soulb&t=0_0&req=3fd9d8e34bdbf8d6141887387082fb9b
吉林,长春,经济技术开发区,吉林,长春,经济技术开发区,high,exact-city-alias,57,job_023688,https://jobs.51job.com/changchun-jjjs/159295833.html?s=sou_sou_soulb&t=0_0&req=1fcdc5b89fc432a84f37b17b7a5a6471
广东,中山,神湾镇,广东,中山,神湾镇,high,exact-city-alias,56,job_019884,https://jobs.51job.com/zhongshan-swz/162928329.html?s=sou_sou_soulb&t=0_0&req=3732bd7ec2397361c4527780f9d056ab
北京,北京,平谷区,北京,北京,平谷区,high,exact-city-alias,56,job_024824,https://jobs.51job.com/beijing-pgq/169997632.html?s=sou_sou_soulb&t=0_0&req=083f8371a8b1e09e3fc8640d691beee9
吉林,延吉,,吉林,延吉,,high,51job-area-alias,56,job_053039,https://jobs.51job.com/yanji/170198270.html?s=sou_sou_soulb&t=0_0&req=20b7114ae6a07a62215643df20ba601a
西藏,拉萨,城关区,西藏,拉萨,城关区,high,exact-city-alias,56,job_069062,https://jobs.51job.com/lasa-cgq/163538024.html?s=sou_sou_soulb&t=0_0&req=948b52ffd237b959adda1edb5d8ecea9
江苏,淮安,金湖县,江苏,淮安,金湖县,high,exact-city-alias,56,job_005625,https://jobs.51job.com/huaian-jhx/168298252.html?s=sou_sou_soulb&t=0_0&req=7c6e4ea859d1a6f945607ec5df33dbf2
浙江,衢州,常山县,浙江,衢州,常山县,high,exact-city-alias,56,job_091483,https://jobs.51job.com/quzhou-csx/166085334.html?s=sou_sou_soulb&t=0_0&req=1764895fcfb9267fa4c96a96e077e74b
广东,韶关,翁源县,广东,韶关,翁源县,high,exact-city-alias,56,job_116705,https://jobs.51job.com/shaoguan-wyx/167174733.html?s=sou_sou_soulb&t=0_0&req=4ae17319f1822a06d28eab3c49a0bbb1
安徽,安庆,大观区,安徽,安庆,大观区,high,exact-city-alias,55,job_047887,https://jobs.51job.com/anqing-dgq/170994089.html?s=sou_sou_soulb&t=0_0&req=22c7c42ea103d7f587635561e1429946
,新疆,,,新疆,,low,fallback-city-source,55,job_054467,https://jobs.51job.com/all/163241260.html?s=sou_sou_soulb&t=0_0&req=1f437a66255ca8ba3e29cca419838667
安徽,淮南,田家庵区,安徽,淮南,田家庵区,high,exact-city-alias,55,job_006860,https://jobs.51job.com/huainan-tjaq/170754653.html?s=sou_sou_soulb&t=0_0&req=691ba960ae82a200b7e8aea75dc1d411
山东,潍坊,青州市,山东,潍坊,青州市,high,exact-city-alias,55,job_022588,https://jobs.51job.com/weifang-qzs/170828038.html?s=sou_sou_soulb&t=0_0&req=4917ba83027b3c8d9138817ba00fd9aa
广西,玉林,玉州区,广西,玉林,玉州区,high,exact-city-alias,55,job_060772,https://jobs.51job.com/yulin-yzq/171464515.html?s=sou_sou_soulb&t=0_0&req=4a0ed0bd86fecd789c3f62906cd8b0a2
云南,红河州,弥勒市,云南,红河州,弥勒市,high,51job-area-alias,55,job_053450,https://jobs.51job.com/honghezhou-mls/171245713.html?s=sou_sou_soulb&t=0_0&req=b22b4b57ec1d27d1e8bcfa3de9c37bcf
贵州,贵阳,清镇市,贵州,贵阳,清镇市,high,exact-city-alias,55,job_120071,https://jobs.51job.com/guiyang-qzs/170498180.html?s=sou_sou_soulb&t=0_0&req=9bacb8a35fd0dd40a3768395d25408ba
新疆,伊犁,,新疆,伊犁,,high,51job-area-alias,54,job_054532,https://jobs.51job.com/yili/170715308.html?s=sou_sou_soulb&t=0_0&req=3029db153a81a3d4d2a439e13e3995fe
天津,天津,宁河区,天津,天津,宁河区,high,exact-city-alias,54,job_035646,https://jobs.51job.com/tianjin-nhq/171662809.html?s=sou_sou_soulb&t=0_0&req=4e658fb1e2c487f360e1da00b5adb8d9
河北,廊坊,固安县,河北,廊坊,固安县,high,exact-city-alias,54,job_007000,https://jobs.51job.com/langfang-gax/169748792.html?s=sou_sou_soulb&t=0_0&req=90054f74abfc5b504146f32061ab66f5
广东,潮州,潮安区,广东,潮州,潮安区,high,exact-city-alias,54,job_015060,https://jobs.51job.com/chaozhou-caq/171295611.html?s=sou_sou_soulb&t=0_0&req=28ff0e52fab105146d718277b5b5953b
广东,潮州,饶平县,广东,潮州,饶平县,high,exact-city-alias,54,job_030679,https://jobs.51job.com/chaozhou-rpx/170674360.html?s=sou_sou_soulb&t=0_0&req=f9d1049ce2aac3d1f90633e3cebd52d8
青海,西宁,城西区,青海,西宁,城西区,high,exact-city-alias,54,job_008184,https://jobs.51job.com/xining-cxq/171021709.html?s=sou_sou_soulb&t=0_0&req=4c01ac5b12da68eb0ddbb544cd2a44f0
重庆,重庆,开州区,重庆,重庆,开州区,high,exact-city-alias,54,job_056600,https://jobs.51job.com/chongqing-kzq/169837449.html?s=sou_sou_soulb&t=0_0&req=07b5e943041d6b92cc793c1958b1a34e
吉林,长春,汽车经济技术开发区,吉林,长春,汽车经济技术开发区,high,exact-city-alias,54,job_023645,https://jobs.51job.com/changchun-qcjj/151140350.html?s=sou_sou_soulb&t=0_1&req=e47a11e35fc8429f0c07aabc54418cec
广东,韶关,乳源瑶族自治县,广东,韶关,乳源瑶族自治县,high,exact-city-alias,54,job_013504,https://jobs.51job.com/shaoguan-ryyzzzx/170578066.html?s=sou_sou_soulb&t=0_0&req=ad522f889b1c011a987c8392c33c4f43
湖北,黄冈,麻城市,湖北,黄冈,麻城市,high,exact-city-alias,54,job_081322,https://jobs.51job.com/huanggang-mcs/170838566.html?s=sou_sou_soulb&t=0_0&req=eaf0fcdd15a45330a40fb9fdf64a1b0e
宁夏,中卫,,宁夏,中卫,,high,exact-city-alias,53,job_054396,https://jobs.51job.com/zhongwei/138975311.html?s=sou_sou_soulb&t=0_0&req=a10cc7a2007a8d0262938bffabf91dd5
广西,南宁,邕宁区,广西,南宁,邕宁区,high,exact-city-alias,53,job_006753,https://jobs.51job.com/nanning-ynq/168236534.html?s=sou_sou_soulb&t=0_0&req=bc8e1b2747700688a25d4e87885bfb36
内蒙古,呼伦贝尔,,内蒙古,呼伦贝尔,,high,exact-city-alias,53,job_054363,https://jobs.51job.com/hulunbeier/170270265.html?s=sou_sou_soulb&t=0_0&req=57bd966ded246c70e3747b46b3d51400
安徽,宣城,郎溪县,安徽,宣城,郎溪县,high,exact-city-alias,53,job_068712,https://jobs.51job.com/xuancheng-lxx/171295378.html?s=sou_sou_soulb&t=0_0&req=7ec404bc978cd5ed3f657329da1c92ef
湖南,岳阳,岳阳楼区,湖南,岳阳,岳阳楼区,high,exact-city-alias,53,job_050869,https://jobs.51job.com/yueyang-yylq/167414038.html?s=sou_sou_soulb&t=0_0&req=7e27facc2c154f5a27a3a11e3a66c047
,常州,,江苏,常州,,high,exact-city-alias,53,job_038139,https://jobs.51job.com/all/170953466.html?s=sou_sou_soulb&t=0_0&req=c6995ee28d61887d976d67ee1773491e
湖南,永州,冷水滩区,湖南,永州,冷水滩区,high,exact-city-alias,53,job_023370,https://jobs.51job.com/yongzhou-lstq/171645236.html?s=sou_sou_soulb&t=0_0&req=7ef09014cf3d7886096a2ba96f4db7be
云南,玉溪,澄江市,云南,玉溪,澄江市,high,exact-city-alias,53,job_023693,https://jobs.51job.com/yuxi-cjs/171627312.html?s=sou_sou_soulb&t=0_0&req=b7589255193a9fd904121e4a96fbed1a
浙江,衢州,龙游县,浙江,衢州,龙游县,high,exact-city-alias,53,job_095279,https://jobs.51job.com/quzhou-lyx/171593475.html?s=sou_sou_soulb&t=0_0&req=9a6b15ad5ac4dc204013ad52050fc3fd
吉林,长春,净月高新技术产业开发区,吉林,长春,净月高新技术产业开发区,high,exact-city-alias,53,job_008074,https://jobs.51job.com/changchun-jygxjs/163950968.html?s=sou_sou_soulb&t=0_0&req=ca1041eb7ef2ad28ee6103576430ac36
海南,陵水,,海南,陵水,,high,51job-area-alias,53,job_022459,https://jobs.51job.com/lingshui/170540941.html?s=sou_sou_soulb&t=0_0&req=b031034b59e757fb0b5981115ccdf6fc
内蒙古,包头,青山区,内蒙古,包头,青山区,high,exact-city-alias,52,job_054205,https://jobs.51job.com/baotou-qsq/171670409.html?s=sou_sou_soulb&t=0_0&req=6a378f3dac944047b0f41a90261b66fb
湖北,孝感,应城市,湖北,孝感,应城市,high,exact-city-alias,52,job_058839,https://jobs.51job.com/xiaogan-ycs/170935176.html?s=sou_sou_soulb&t=0_0&req=bbf62db9b0d32b843a0f2c50d6dd4e40
福建,宁德,福鼎市,福建,宁德,福鼎市,high,exact-city-alias,52,job_129950,https://jobs.51job.com/ningde-fds/171399363.html?s=sou_sou_soulb&t=0_0&req=705bf18bbd824605b1a45dce716f854c
湖北,湖北省,,湖北,,,low,province-only-city-source,52,job_007128,https://jobs.51job.com/hubeisheng/138790649.html?s=sou_sou_soulb&t=0_0&req=6b0892166965cee51d9887a5cdd87b5a
广东,湛江,吴川市,广东,湛江,吴川市,high,exact-city-alias,52,job_019921,https://jobs.51job.com/zhanjiang-wcs/170218677.html?s=sou_sou_soulb&t=0_0&req=222a34700b53a4274329019acc7edbbf
陕西,西安,阎良区,陕西,西安,阎良区,high,exact-city-alias,52,job_104153,https://jobs.51job.com/xian-ylq/170829451.html?s=sou_sou_soulb&t=0_0&req=405b5c2b322ab69e69dbc5b986a3402d
云南,昆明,富民县,云南,昆明,富民县,high,exact-city-alias,51,job_053518,https://jobs.51job.com/kunming-fmx/139559537.html?s=sou_sou_soulb&t=0_0&req=8e68dcf7e2fb30605a9f76c4c184781a
广东,河源,龙川县,广东,河源,龙川县,high,exact-city-alias,51,job_015859,https://jobs.51job.com/heyuan-lcx/171444000.html?s=sou_sou_soulb&t=0_0&req=b2b03b2c0a09d503b0a80aa6777752dd
福建,莆田,秀屿区,福建,莆田,秀屿区,high,exact-city-alias,51,job_065111,https://jobs.51job.com/putian-xyq/171495583.html?s=sou_sou_soulb&t=0_0&req=a4c7014a237bb7adc1d98d61960c4d21
辽宁,营口,西市区,辽宁,营口,西市区,high,exact-city-alias,51,job_187792,https://jobs.51job.com/yingkou-xsq/156246671.html?s=sou_sou_soulb&t=0_0&req=3f4730395b48c8eecd5a23954e356f38
重庆,重庆,潼南区,重庆,重庆,潼南区,high,exact-city-alias,51,job_093627,https://jobs.51job.com/chongqing-tnq/171651419.html?s=sou_sou_soulb&t=0_0&req=132b86b0a76c7a54cbcab964ec5230ff
江西,上饶,广信区,江西,上饶,广信区,high,exact-city-alias,50,job_022683,https://jobs.51job.com/shangrao-gxq/170885099.html?s=sou_sou_soulb&t=0_0&req=1ff9799ecac12771b6067fc9492c44c3
广西,梧州,万秀区,广西,梧州,万秀区,high,exact-city-alias,50,job_047055,https://jobs.51job.com/wuzhou-wxq/161748557.html?s=sou_sou_soulb&t=0_0&req=c353661c1325fb10bad8a544ab83342f
,武汉-江岸区,,湖北,武汉,江岸区,high,city-hyphen-district,50,job_049419,https://jobs.51job.com/all/171665859.html?s=sou_sou_soulb&t=0_0&req=cf5299f8ede06400ea5d184255d691d0
广东,汕头,潮阳区,广东,汕头,潮阳区,high,exact-city-alias,50,job_030189,https://jobs.51job.com/shantou-cyq/164486700.html?s=sou_sou_soulb&t=0_0&req=7fe55f5c3c7b8bd72344005bf30b08a6
湖北,襄阳,老河口市,湖北,襄阳,老河口市,high,exact-city-alias,50,job_092090,https://jobs.51job.com/xiangyang-lhks/170046085.html?s=sou_sou_soulb&t=0_0&req=1d4712237b9dce6cbdb29032ddf1f5b2
吉林,辽源,,吉林,辽源,,high,exact-city-alias,50,job_053081,https://jobs.51job.com/liaoyuan/168658836.html?s=sou_sou_soulb&t=0_0&req=b720d81b8a9313b87a031f257351dfc2
湖北,随州,广水市,湖北,随州,广水市,high,exact-city-alias,50,job_103878,https://jobs.51job.com/suizhou-gss/170456670.html?s=sou_sou_soulb&t=0_0&req=d28d287fa6e25e71684b394e2971864a
湖北,黄冈,浠水县,湖北,黄冈,浠水县,high,exact-city-alias,50,job_049292,https://jobs.51job.com/huanggang-xsx/168510312.html?s=sou_sou_soulb&t=0_0&req=5e58c552b50a1f9126e00f194762b6af
广西,北海,海城区,广西,北海,海城区,high,exact-city-alias,49,job_006737,https://jobs.51job.com/beihai-hcq/169734670.html?s=sou_sou_soulb&t=0_0&req=bc8e1b2747700688a25d4e87885bfb36
广西,北海,铁山港区,广西,北海,铁山港区,high,exact-city-alias,49,job_091790,https://jobs.51job.com/beihai-tsgq/171626005.html?s=sou_sou_soulb&t=0_0&req=b27a8e5e0f9f07dd3c4d72361be121cf
,杭州,,浙江,杭州,,high,exact-city-alias,49,job_162183,https://jobs.51job.com/all/171082029.html?s=sou_sou_soulb&t=0_0&req=624290702318dcf1266bb7b165e897cc
山东,济宁,曲阜市,山东,济宁,曲阜市,high,exact-city-alias,49,job_045711,https://jobs.51job.com/jining-qfs/170644025.html?s=sou_sou_soulb&t=0_0&req=70a048a1dc1d1f8f5455cb7a09b93e4b
湖南,湘潭,湘潭县,湖南,湘潭,湘潭县,high,exact-city-alias,49,job_050861,https://jobs.51job.com/xiangtan-xtx/169568200.html?s=sou_sou_soulb&t=0_0&req=2888b22197760846a1cce61dab09702e
吉林,白城,,吉林,白城,,high,exact-city-alias,49,job_053101,https://jobs.51job.com/baicheng/171465600.html?s=sou_sou_soulb&t=0_0&req=263e922ec02342c880b8c3e838be3a01
湖北,荆州,公安县,湖北,荆州,公安县,high,exact-city-alias,49,job_073026,https://jobs.51job.com/jingzhou-gax/164014842.html?s=sou_sou_soulb&t=0_0&req=a71216e2e996eba408baca73953c7c79
湖南,郴州,苏仙区,湖南,郴州,苏仙区,high,exact-city-alias,49,job_007711,https://jobs.51job.com/chenzhou-sxq/171028164.html?s=sou_sou_soulb&t=0_0&req=8800fe59132741c82c6ebb041f623abe
云南,云南省,,云南,,,low,province-only-city-source,48,job_008086,https://jobs.51job.com/yunnansheng/138790679.html?s=sou_sou_soulb&t=0_0&req=285fe2946d59c8345e3737661d2dc296
安徽,亳州,蒙城县,安徽,亳州,蒙城县,high,exact-city-alias,48,job_047944,https://jobs.51job.com/bozhou-mcx/168772777.html?s=sou_sou_soulb&t=0_0&req=f343cce65a9c1031a759a3507bf94f76
黑龙江,伊春,,黑龙江,伊春,,high,exact-city-alias,48,job_119827,https://jobs.51job.com/yichun/171233557.html?s=sou_sou_soulb&t=0_0&req=3b9d32bb32723ccb7b462ee8330e59f6
江苏,宿迁,宿豫区,江苏,宿迁,宿豫区,high,exact-city-alias,48,job_039562,https://jobs.51job.com/suqian-syq/170690519.html?s=sou_sou_soulb&t=0_0&req=d98b484912136043c51a8fe36a0c3911
广东,茂名,高州市,广东,茂名,高州市,high,exact-city-alias,48,job_030728,https://jobs.51job.com/maoming-gzs/169581498.html?s=sou_sou_soulb&t=0_0&req=c06f80ee3e10fa708f6ba0fdd19f093d
湖北,荆门,沙洋县,湖北,荆门,沙洋县,high,exact-city-alias,48,job_086283,https://jobs.51job.com/jingmen-syx/167518223.html?s=sou_sou_soulb&t=0_0&req=94e1ea5ac9cf4eb4804f78ce6af7caf8
内蒙古,乌兰察布,集宁区,内蒙古,乌兰察布,集宁区,high,exact-city-alias,47,job_054327,https://jobs.51job.com/wulanchabu-jnq/171168795.html?s=sou_sou_soulb&t=0_0&req=0a71947ec710ffafe2a3ef602322d528
内蒙古,乌海,,内蒙古,乌海,,high,exact-city-alias,47,job_023834,https://jobs.51job.com/wuhai/168377632.html?s=sou_sou_soulb&t=0_0&req=0100002019313a96b97c9428bf31fdc7
湖北,十堰,张湾区,湖北,十堰,张湾区,high,exact-city-alias,47,job_023134,https://jobs.51job.com/shiyan-zwq/170717099.html?s=sou_sou_soulb&t=0_0&req=f3a6026d9caf0de24af00901bcf42b8d
湖南,怀化,鹤城区,湖南,怀化,鹤城区,high,exact-city-alias,47,job_051149,https://jobs.51job.com/huaihua-hcq/167414165.html?s=sou_sou_soulb&t=0_0&req=cdc99de7e88c3de858d5fc32ebdfb6e7
,成都-青羊区,,四川,成都,青羊区,high,city-hyphen-district,47,job_043520,https://jobs.51job.com/all/168661665.html?s=sou_sou_soulb&t=0_0&req=87f0ccecc9ca36a1f49aa1098bad4e27
山东,济南,莱芜区,山东,济南,莱芜区,high,exact-city-alias,47,job_046202,https://jobs.51job.com/jinan-lwq/170588407.html?s=sou_sou_soulb&t=0_0&req=636e6a5e7ed05bc0c7c55d9c85013b1b
湖南,湖南省,,湖南,,,low,province-only-city-source,47,job_007622,https://jobs.51job.com/hunansheng/138790651.html?s=sou_sou_soulb&t=0_0&req=d1d0d05b398a90240b491b32f9ee423c
云南,玉溪,红塔区,云南,玉溪,红塔区,high,exact-city-alias,47,job_082059,https://jobs.51job.com/yuxi-htq/168097580.html?s=sou_sou_soulb&t=0_0&req=46974443ac82b373e84fed2343e74b3a
湖北,荆门,京山市,湖北,荆门,京山市,high,exact-city-alias,47,job_023334,https://jobs.51job.com/jingmen-jss/160250394.html?s=sou_sou_soulb&t=0_0&req=9d1be2a3ced904a00891cd3087d4c5ca
浙江,衢州,江山市,浙江,衢州,江山市,high,exact-city-alias,47,job_079502,https://jobs.51job.com/quzhou-jss/170307638.html?s=sou_sou_soulb&t=0_0&req=31c114ef89eeced72d31061f0c965cf9
安徽,铜陵,铜官区,安徽,铜陵,铜官区,high,exact-city-alias,47,job_047602,https://jobs.51job.com/tongling-tgq/170600077.html?s=sou_sou_soulb&t=0_0&req=749ddb3fcedee93f2809fc1e86bd5d15
海南,三亚,天涯区,海南,三亚,天涯区,high,exact-city-alias,46,job_044783,https://jobs.51job.com/sanya-tyq/169166175.html?s=sou_sou_soulb&t=0_0&req=df3adc39fc2ff0b29e4764008c254597
广西,崇左,扶绥县,广西,崇左,扶绥县,high,exact-city-alias,46,job_091794,https://jobs.51job.com/chongzuo-fsx/171402956.html?s=sou_sou_soulb&t=0_0&req=b27a8e5e0f9f07dd3c4d72361be121cf
四川,广安,岳池县,四川,广安,岳池县,high,exact-city-alias,46,job_068516,https://jobs.51job.com/guangan-ycx/171512682.html?s=sou_sou_soulb&t=0_0&req=01ea416d0fa395bce4d696b40fe232e1
山东,潍坊,昌乐县,山东,潍坊,昌乐县,high,exact-city-alias,46,job_010332,https://jobs.51job.com/weifang-clx/171542344.html?s=sou_sou_soulb&t=0_0&req=c24ae2338f809dffd81ef915d97b4665
河北,燕郊开发区,,河北,燕郊开发区,,high,51job-area-alias,46,job_058541,https://jobs.51job.com/yanjiao/170458074.html?s=sou_sou_soulb&t=0_0&req=efa1180f4c1dee61ee9248448f187c57
,珠海,,广东,珠海,,high,exact-city-alias,46,job_019690,https://jobs.51job.com/all/169936858.html?s=sou_sou_soulb&t=0_0&req=4632eaee19ecf172f825918f2d22833d
安徽,芜湖,南陵县,安徽,芜湖,南陵县,high,exact-city-alias,46,job_047853,https://jobs.51job.com/wuhu-nlx/170459193.html?s=sou_sou_soulb&t=0_0&req=0e85f8d7e42c3d8e3c4a1276f912971b
安徽,蚌埠,怀远县,安徽,蚌埠,怀远县,high,exact-city-alias,46,job_094352,https://jobs.51job.com/bangbu-hyx/169492915.html?s=sou_sou_soulb&t=0_0&req=14a3994a2c8f72d9c20147fd38938bb5
广西,贵港,港北区,广西,贵港,港北区,high,exact-city-alias,46,job_047121,https://jobs.51job.com/guigang-gbq/165918497.html?s=sou_sou_soulb&t=0_0&req=d0e66c429e9a0d0beeddd16135f60166
宁夏,银川,金凤区,宁夏,银川,金凤区,high,exact-city-alias,46,job_010958,https://jobs.51job.com/yinchuan-jfq/171277285.html?s=sou_sou_soulb&t=0_0&req=10c562831c3e466373baf9395606748d
安徽,安庆,怀宁县,安徽,安庆,怀宁县,high,exact-city-alias,45,job_022825,https://jobs.51job.com/anqing-hnx/171311809.html?s=sou_sou_soulb&t=0_0&req=c3cabe45db7a25e702956f308a59828b
新疆,巴音郭楞,,新疆,巴音郭楞,,high,51job-area-alias,45,job_014735,https://jobs.51job.com/bayinguoleng/170674501.html?s=sou_sou_soulb&t=0_0&req=25d3edb88e4e4c49b6d7252d7f4cfcb8
云南,德宏,芒市,云南,德宏,芒市,high,51job-area-alias,45,job_023796,https://jobs.51job.com/dehong-ms/170622525.html?s=sou_sou_soulb&t=0_0&req=18e32e1667b3edab71a07d014b647942
山东,德州,德城区,山东,德州,德城区,high,exact-city-alias,45,job_045932,https://jobs.51job.com/dezhou-dcq/167484023.html?s=sou_sou_soulb&t=0_0&req=22b51a1dc346aa710b1bddf43255645a
江苏,淮安,洪泽区,江苏,淮安,洪泽区,high,exact-city-alias,45,job_039510,https://jobs.51job.com/huaian-hzq/171506164.html?s=sou_sou_soulb&t=0_0&req=0e9932f25f7282d32d13c1b19bcb1b12
福建,漳州,长泰区,福建,漳州,长泰区,high,exact-city-alias,45,job_006526,https://jobs.51job.com/zhangzhou-ctq/170559002.html?s=sou_sou_soulb&t=0_0&req=3b5fc5d5199b102a0f5a0ad878bfb85d
四川,绵阳,安州区,四川,绵阳,安州区,high,exact-city-alias,45,job_022243,https://jobs.51job.com/mianyang-azq/170123644.html?s=sou_sou_soulb&t=0_0&req=2588f835b8315c0eed5c78b75e4a09d7
河南,邓州,,河南,邓州,,high,51job-area-alias,45,job_058583,https://jobs.51job.com/dengzhou/171471654.html?s=sou_sou_soulb&t=0_0&req=746958319b18a765d7d91ae16260f459
甘肃,金昌,,甘肃,金昌,,high,exact-city-alias,45,job_059563,https://jobs.51job.com/jinchang/170422937.html?s=sou_sou_soulb&t=0_0&req=39a2467cea32cf99ae105cc98dcef501
广东,云浮,云城区,广东,云浮,云城区,high,exact-city-alias,44,job_030789,https://jobs.51job.com/yunfu-ycq/169114509.html?s=sou_sou_soulb&t=0_0&req=a0d2e7a7c4ae01a086bd9f6e9745ffb1
,北京-东城区,,北京,北京,东城区,high,city-hyphen-district,44,job_023979,https://jobs.51job.com/all/163718385.html?s=sou_sou_soulb&t=0_0&req=71620568ec5d681e67b3a0606089f7e3
河南,周口,川汇区,河南,周口,川汇区,high,exact-city-alias,44,job_007061,https://jobs.51job.com/zhoukou-chq/165627446.html?s=sou_sou_soulb&t=0_0&req=8468dee840d7c61d0a3dfc1ebcbed152
山西,太原,杏花岭区,山西,太原,杏花岭区,high,exact-city-alias,44,job_052216,https://jobs.51job.com/taiyuan-xhlq/163197458.html?s=sou_sou_soulb&t=0_0&req=a08e3c1e2456a986f70b34f265f5ec96
安徽,安庆,桐城市,安徽,安庆,桐城市,high,exact-city-alias,44,job_062586,https://jobs.51job.com/anqing-tcs/171355130.html?s=sou_sou_soulb&t=0_0&req=b4a324aff2d0cf0f78b83e63c6dba251
安徽,宣城,宁国市,安徽,宣城,宁国市,high,exact-city-alias,44,job_094332,https://jobs.51job.com/xuancheng-ngs/171540121.html?s=sou_sou_soulb&t=0_0&req=14a3994a2c8f72d9c20147fd38938bb5
云南,昆明,宜良县,云南,昆明,宜良县,high,exact-city-alias,44,job_053486,https://jobs.51job.com/kunming-ylx/170647043.html?s=sou_sou_soulb&t=0_0&req=b22b4b57ec1d27d1e8bcfa3de9c37bcf
湖南,株洲,荷塘区,湖南,株洲,荷塘区,high,exact-city-alias,44,job_073206,https://jobs.51job.com/zhuzhou-htq/152558435.html?s=sou_sou_soulb&t=0_0&req=ed1fe42a4482b4de1f329b150a307254
广东,湛江,遂溪县,广东,湛江,遂溪县,high,exact-city-alias,44,job_030566,https://jobs.51job.com/zhanjiang-sxx/170452922.html?s=sou_sou_soulb&t=0_0&req=7f517bc409486c55bb4377a9e89be789
四川,眉山,彭山区,四川,眉山,彭山区,high,exact-city-alias,44,job_043362,https://jobs.51job.com/meishan-psq/168260791.html?s=sou_sou_soulb&t=0_0&req=09de7e49270d65a422a3f482936c5e6c
江苏,连云港,灌南县,江苏,连云港,灌南县,high,exact-city-alias,44,job_021707,https://jobs.51job.com/lianyungang-gnx/169072576.html?s=sou_sou_soulb&t=0_0&req=162e8270e6a00d21e75a3dba81105e62
河北,保定,竞秀区,河北,保定,竞秀区,high,exact-city-alias,43,job_006999,https://jobs.51job.com/baoding-jxq/170865377.html?s=sou_sou_soulb&t=0_0&req=90054f74abfc5b504146f32061ab66f5
广西,北海,合浦县,广西,北海,合浦县,high,exact-city-alias,43,job_022753,https://jobs.51job.com/beihai-hpx/170923182.html?s=sou_sou_soulb&t=0_0&req=5106465945803f69fde8983440661c19
辽宁,沈阳,新民市,辽宁,沈阳,新民市,high,exact-city-alias,43,job_052842,https://jobs.51job.com/shenyang-xms/169675095.html?s=sou_sou_soulb&t=0_0&req=1ef4a476bef9672bc061911eb710c4bf
福建,莆田,荔城区,福建,莆田,荔城区,high,exact-city-alias,43,job_045200,https://jobs.51job.com/putian-lcq/171457866.html?s=sou_sou_soulb&t=0_0&req=52c59711cc5a528401a67f1b47030eea
湖北,黄冈,黄梅县,湖北,黄冈,黄梅县,high,exact-city-alias,43,job_017763,https://jobs.51job.com/huanggang-hmx/163091266.html?s=sou_sou_soulb&t=0_1&req=faed0b41344a23e227874796575b966b
湖北,黄石,阳新县,湖北,黄石,阳新县,high,exact-city-alias,43,job_058750,https://jobs.51job.com/huangshi-yxx/170931794.html?s=sou_sou_soulb&t=0_0&req=f209efa48b45382991a64c60a6894ed1
甘肃,临夏,,甘肃,临夏,,high,51job-area-alias,42,job_054177,https://jobs.51job.com/linxia/170772393.html?s=sou_sou_soulb&t=0_0&req=25981a51b88a6d6b05825c723467bcf2
云南,保山,腾冲市,云南,保山,腾冲市,high,exact-city-alias,42,job_069042,https://jobs.51job.com/baoshan-tcs/170239623.html?s=sou_sou_soulb&t=0_0&req=bc0ff749a693e7b7986e0d300b3ca985
山东,枣庄,薛城区,山东,枣庄,薛城区,high,exact-city-alias,42,job_080506,https://jobs.51job.com/zaozhuang-xcq/171264486.html?s=sou_sou_soulb&t=0_0&req=9d44bf39f766f463012e7be6c07e2fab
,苏州,,江苏,苏州,,high,exact-city-alias,42,job_004960,https://jobs.51job.com/all/168082124.html?s=sou_sou_soulb&t=0_0&req=4e1c15582ac934e3b84c238694ca8f2a
安徽,蚌埠,淮上区,安徽,蚌埠,淮上区,high,exact-city-alias,42,job_048050,https://jobs.51job.com/bangbu-hsq/71669646.html?s=sou_sou_soulb&t=0_0&req=fea427e0f52671b48c0f023278f96cba
湖南,衡阳,雁峰区,湖南,衡阳,雁峰区,high,exact-city-alias,42,job_103956,https://jobs.51job.com/hengyang-yfq/171462999.html?s=sou_sou_soulb&t=0_0&req=3fb180c57a69ca9b93a2f246c4c2d577
山东,临沂,河东区,山东,临沂,河东区,high,exact-city-alias,41,job_045668,https://jobs.51job.com/linyi-hdq/165982893.html?s=sou_sou_soulb&t=0_0&req=837b0dfdbdd89c0a5bf06dc78e447172
四川,四川省,,四川,,,low,province-only-city-source,41,job_006151,https://jobs.51job.com/sichuansheng/138790674.html?s=sou_sou_soulb&t=0_0&req=60a5c2805641692fcae5e74872595e55
海南,昌江,,海南,昌江,,high,51job-area-alias,41,job_148059,https://jobs.51job.com/changjiang/157950922.html?s=sou_sou_soulb&t=0_0&req=4559285e851a5ccc0e8c9755e7f5fffd
湖南,株洲,芦淞区,湖南,株洲,芦淞区,high,exact-city-alias,41,job_104045,https://jobs.51job.com/zhuzhou-lsq/167902749.html?s=sou_sou_soulb&t=0_0&req=b37776ea7374b6fee41bac2dbdba4cce
陕西,榆林,榆阳区,陕西,榆林,榆阳区,high,exact-city-alias,41,job_051510,https://jobs.51job.com/yulin-yyq/171563549.html?s=sou_sou_soulb&t=0_0&req=5c098bd9a0ff1900d0600b09d938dcd7
贵州,毕节,织金县,贵州,毕节,织金县,high,exact-city-alias,41,job_083233,https://jobs.51job.com/bijie-zjx/171272783.html?s=sou_sou_soulb&t=0_0&req=1060a7fe6f8a3d5a8e7bc855c54f445e
河南,河南省,,河南,,,low,province-only-city-source,41,job_007020,https://jobs.51job.com/henansheng/138790648.html?s=sou_sou_soulb&t=0_0&req=8468dee840d7c61d0a3dfc1ebcbed152
广东,河源,紫金县,广东,河源,紫金县,high,exact-city-alias,41,job_122367,https://jobs.51job.com/heyuan-zjx/169875765.html?s=sou_sou_soulb&t=0_0&req=11288916c87efb4f836080295310b44b
山东,威海,荣成市,山东,威海,荣成市,high,exact-city-alias,40,job_010343,https://jobs.51job.com/weihai-rcs/169120101.html?s=sou_sou_soulb&t=0_0&req=c24ae2338f809dffd81ef915d97b4665
广东,揭阳,普宁市,广东,揭阳,普宁市,high,exact-city-alias,40,job_030717,https://jobs.51job.com/jieyang-pns/170542180.html?s=sou_sou_soulb&t=0_0&req=225285c3f8e11071bc2de8a470be0291
山东,济南,长清区,山东,济南,长清区,high,exact-city-alias,40,job_058099,https://jobs.51job.com/jinan-cqq/156965020.html?s=sou_sou_soulb&t=0_0&req=229974079d472e35d77094011e19acae
湖北,襄阳,枣阳市,湖北,襄阳,枣阳市,high,exact-city-alias,40,job_049141,https://jobs.51job.com/xiangyang-zys/170481501.html?s=sou_sou_soulb&t=0_0&req=5a684518b61cde4ccfc38bf7dc62d932
江西,赣州,全南县,江西,赣州,全南县,high,exact-city-alias,40,job_046536,https://jobs.51job.com/ganzhou-qnx/169707222.html?s=sou_sou_soulb&t=0_0&req=e5f842b11a68fc79a04206fcc33f905f
福建,龙岩,新罗区,福建,龙岩,新罗区,high,exact-city-alias,40,job_044915,https://jobs.51job.com/longyan-xlq/170394121.html?s=sou_sou_soulb&t=0_0&req=ba57b730dc46d51bad5abff654ed025b
山西,大同,平城区,山西,大同,平城区,high,exact-city-alias,39,job_059248,https://jobs.51job.com/datong-pcq/171455747.html?s=sou_sou_soulb&t=0_0&req=73e0762fe2e6fd5321607f969bb1a786
山东,日照,东港区,山东,日照,东港区,high,exact-city-alias,39,job_058060,https://jobs.51job.com/rizhao-dgq/169542607.html?s=sou_sou_soulb&t=0_0&req=5c139aacb518e2dbbaf065686c0268b3
湖南,株洲,醴陵市,湖南,株洲,醴陵市,high,exact-city-alias,39,job_065526,https://jobs.51job.com/zhuzhou-lls/167920727.html?s=sou_sou_soulb&t=0_0&req=2520eec0c7110bade4646b6a229f3e5b
河南,洛阳,伊滨区,河南,洛阳,伊滨区,high,exact-city-alias,39,job_088608,https://jobs.51job.com/luoyang-ybq/170431738.html?s=sou_sou_soulb&t=0_0&req=6685051082928ead28d21d4ce21b5fad
广东,清远,连州市,广东,清远,连州市,high,exact-city-alias,39,job_077603,https://jobs.51job.com/qingyuan-lzs/171397326.html?s=sou_sou_soulb&t=0_0&req=28193d10dbc620eb2e3f14968bde7ba8
安徽,滁州,凤阳县,安徽,滁州,凤阳县,high,exact-city-alias,39,job_006890,https://jobs.51job.com/chuzhou-fyx/171147294.html?s=sou_sou_soulb&t=0_0&req=abf6b693e7a904c2f7e4e24033549fe9
广东,肇庆,广宁县,广东,肇庆,广宁县,high,exact-city-alias,39,job_098850,https://jobs.51job.com/zhaoqing-gnx/168537908.html?s=sou_sou_soulb&t=0_0&req=459669343e7e37a0e3169414f1014400
江西,萍乡,安源区,江西,萍乡,安源区,high,exact-city-alias,39,job_022716,https://jobs.51job.com/pingxiang-ayq/170622320.html?s=sou_sou_soulb&t=0_0&req=20b2a50a487829755fc0b28fab0800ef
广东,阳江,阳西县,广东,阳江,阳西县,high,exact-city-alias,39,job_009512,https://jobs.51job.com/yangjiang-yxx/164804959.html?s=sou_sou_soulb&t=0_0&req=bb53aeb2a6e71fa9e6bcc42a52190281
海南,三亚,海棠区,海南,三亚,海棠区,high,exact-city-alias,38,job_167986,https://jobs.51job.com/sanya-htq/168566597.html?s=sou_sou_soulb&t=0_0&req=0c72346daf8945b0941e0f15ebf79c3e
,中山,,广东,中山,,high,exact-city-alias,38,job_019878,https://jobs.51job.com/all/171513103.html?s=sou_sou_soulb&t=0_0&req=3732bd7ec2397361c4527780f9d056ab
山东,临沂,沂水县,山东,临沂,沂水县,high,exact-city-alias,38,job_045719,https://jobs.51job.com/linyi-ysx/171200389.html?s=sou_sou_soulb&t=0_0&req=70a048a1dc1d1f8f5455cb7a09b93e4b
广东,云浮,云安区,广东,云浮,云安区,high,exact-city-alias,38,job_030788,https://jobs.51job.com/yunfu-yaq/169426845.html?s=sou_sou_soulb&t=0_0&req=a0d2e7a7c4ae01a086bd9f6e9745ffb1
北京,北京,延庆区,北京,北京,延庆区,high,exact-city-alias,38,job_075442,https://jobs.51job.com/beijing-yqq/171244756.html?s=sou_sou_soulb&t=0_0&req=e35b93245fa406f564767047516221bd
江西,南昌,安义县,江西,南昌,安义县,high,exact-city-alias,38,job_133514,https://jobs.51job.com/nanchang-ayx/171267894.html?s=sou_sou_soulb&t=0_0&req=b1bb3400e6fdec693957e80666fe258c
云南,大理,大理市,云南,大理,大理市,high,51job-area-alias,38,job_008113,https://jobs.51job.com/dali-dls/170099934.html?s=sou_sou_soulb&t=0_0&req=285fe2946d59c8345e3737661d2dc296
天津,天津,宝坻区,天津,天津,宝坻区,high,exact-city-alias,38,job_056572,https://jobs.51job.com/tianjin-bdq/168225350.html?s=sou_sou_soulb&t=0_0&req=df682105d91f235ac34e84600b2fbb68
四川,宜宾,南溪区,四川,宜宾,南溪区,high,exact-city-alias,38,job_062419,https://jobs.51job.com/yibin-nxq/170460822.html?s=sou_sou_soulb&t=0_0&req=2b24de2813732e549bc19b83af77ff6f
广东,揭阳,揭东区,广东,揭阳,揭东区,high,exact-city-alias,38,job_030709,https://jobs.51job.com/jieyang-jdq/171008740.html?s=sou_sou_soulb&t=0_0&req=225285c3f8e11071bc2de8a470be0291
陕西,榆林,横山区,陕西,榆林,横山区,high,exact-city-alias,38,job_112669,https://jobs.51job.com/yulin-hsq/154327704.html?s=sou_sou_soulb&t=0_0&req=193a1acd8de4b280db7e3e155ab77ff5
河北,沧州,任丘市,河北,沧州,任丘市,high,exact-city-alias,38,job_103211,https://jobs.51job.com/cangzhou-rqs/170559166.html?s=sou_sou_soulb&t=0_0&req=5b65e513c8bb00d5425d6f15e1e01a16
河南,漯河,郾城区,河南,漯河,郾城区,high,exact-city-alias,38,job_048920,https://jobs.51job.com/luohe-ycq/171002402.html?s=sou_sou_soulb&t=0_0&req=f2ae46da9255234e509adb6d9b207707
河北,秦皇岛,海港区,河北,秦皇岛,海港区,high,exact-city-alias,38,job_048288,https://jobs.51job.com/qinhuangdao-hgq/170824255.html?s=sou_sou_soulb&t=0_0&req=c4e33b34086a3d2554e76bd09ada25ef
四川,自贡,贡井区,四川,自贡,贡井区,high,exact-city-alias,38,job_183736,https://jobs.51job.com/zigong-gjq/170737804.html?s=sou_sou_soulb&t=0_0&req=b6f96b20e93b97aa64fb1d42a9df8552
四川,遂宁,大英县,四川,遂宁,大英县,high,exact-city-alias,38,job_022418,https://jobs.51job.com/suining-dyx/170566751.html?s=sou_sou_soulb&t=0_0&req=c96c5f97cbeb32f4f061a95126a4d16b
宁夏,银川,西夏区,宁夏,银川,西夏区,high,exact-city-alias,38,job_012003,https://jobs.51job.com/yinchuan-xxq/170544873.html?s=sou_sou_soulb&t=0_0&req=eeda90766a29b3035dabad9e3803b80a
陕西,陕西省,,陕西,,,low,province-only-city-source,38,job_007763,https://jobs.51job.com/shaanxisheng/138790672.html?s=sou_sou_soulb&t=0_0&req=d39bf751ee95785621b4bcbdd616430c
江西,宜春,高安市,江西,宜春,高安市,high,exact-city-alias,37,job_074830,https://jobs.51job.com/yichun-gas/167456321.html?s=sou_sou_soulb&t=0_0&req=120997367e7c932227c35b7f648da1ff
江苏,宿迁,泗洪县,江苏,宿迁,泗洪县,high,exact-city-alias,37,job_039565,https://jobs.51job.com/suqian-shx/170151115.html?s=sou_sou_soulb&t=0_0&req=d98b484912136043c51a8fe36a0c3911
河北,廊坊,大厂回族自治县,河北,廊坊,大厂回族自治县,high,exact-city-alias,37,job_094377,https://jobs.51job.com/langfang-dchzzzx/170294220.html?s=sou_sou_soulb&t=0_0&req=077d0d8a4a5eee2fdb3de12d3327687d
西藏,林芝,,西藏,林芝,,high,exact-city-alias,37,job_054426,https://jobs.51job.com/linzhi/170715569.html?s=sou_sou_soulb&t=0_0&req=19c3176420827dca38842e46b11bad29
山东,枣庄,滕州市,山东,枣庄,滕州市,high,exact-city-alias,37,job_094260,https://jobs.51job.com/zaozhuang-tzs/169815347.html?s=sou_sou_soulb&t=0_0&req=1ad3eb741cd15cf56b4ef3808ad0f5df
青海,海西,格尔木市,青海,海西,格尔木市,high,51job-area-alias,37,job_104700,https://jobs.51job.com/haixi-gems/170992144.html?s=sou_sou_soulb&t=0_0&req=7baec7c3260a1a01d4f9f2d66cbe4d4f
湖南,湘西,吉首市,湖南,湘西,吉首市,high,51job-area-alias,37,job_050951,https://jobs.51job.com/xiangxi-jss/170883222.html?s=sou_sou_soulb&t=0_0&req=7332ea6a5dfa968469c42c86d6e45ece
河南,漯河,召陵区,河南,漯河,召陵区,high,exact-city-alias,37,job_048896,https://jobs.51job.com/luohe-zlq/169284950.html?s=sou_sou_soulb&t=0_0&req=f2ae46da9255234e509adb6d9b207707
海南,琼海,,海南,琼海,,high,51job-area-alias,37,job_080279,https://jobs.51job.com/qionghai/171556027.html?s=sou_sou_soulb&t=0_0&req=c7bdc450cfc3a687f7482f3745252916
四川,甘孜,,四川,甘孜,,high,51job-area-alias,37,job_043437,https://jobs.51job.com/ganzi/170129483.html?s=sou_sou_soulb&t=0_0&req=7d1c242d16e71e6fda76152ec7fdf17c
广西,贵港,覃塘区,广西,贵港,覃塘区,high,exact-city-alias,37,job_091798,https://jobs.51job.com/guigang-ttq/166591011.html?s=sou_sou_soulb&t=0_0&req=b27a8e5e0f9f07dd3c4d72361be121cf
,金华,,浙江,金华,,high,exact-city-alias,37,job_041529,https://jobs.51job.com/all/164557711.html?s=sou_sou_soulb&t=0_0&req=db210de71a656027fccfb25f16e30a5f
山东,青岛,平度市,山东,青岛,平度市,high,exact-city-alias,37,job_006607,https://jobs.51job.com/qingdao-pds/170522295.html?s=sou_sou_soulb&t=0_0&req=ec3d23181e884f6e354727f6abc0ef9d
广东,韶关,浈江区,广东,韶关,浈江区,high,exact-city-alias,37,job_030420,https://jobs.51job.com/shaoguan-zjq/169209708.html?s=sou_sou_soulb&t=0_0&req=adbf9ded08de9d878c15938b2f454f92
福建,龙岩,长汀县,福建,龙岩,长汀县,high,exact-city-alias,37,job_015639,https://jobs.51job.com/longyan-ctx/170133380.html?s=sou_sou_soulb&t=0_0&req=f79f9f32f81eb284964bcd56a6cbefe3
山东,临沂,临沭县,山东,临沂,临沭县,high,exact-city-alias,36,job_045689,https://jobs.51job.com/linyi-lsx/171462548.html?s=sou_sou_soulb&t=0_0&req=70a048a1dc1d1f8f5455cb7a09b93e4b
甘肃,兰州,安宁区,甘肃,兰州,安宁区,high,exact-city-alias,36,job_013892,https://jobs.51job.com/lanzhou-anq/169792423.html?s=sou_sou_soulb&t=0_0&req=3c54ea58e6bdaee6d919c955f2b09356
贵州,安顺,平坝区,贵州,安顺,平坝区,high,exact-city-alias,36,job_023813,https://jobs.51job.com/anshun-pbq/170622385.html?s=sou_sou_soulb&t=0_0&req=64203f4429ac76705893481cbbbaef25
江苏,徐州,沛县,江苏,徐州,沛县,high,exact-city-alias,36,job_101251,https://jobs.51job.com/xuzhou-px/167218421.html?s=sou_sou_soulb&t=0_0&req=d8c1c63bc05958cc58e906ae7d917fe2
云南,昆明,寻甸回族彝族自治县,云南,昆明,寻甸回族彝族自治县,high,exact-city-alias,36,job_069020,https://jobs.51job.com/kunming-xdhzyzzzx/138339774.html?s=sou_sou_soulb&t=0_0&req=a6203529e447adfca0fe811e1484fdfb
广西,来宾,兴宾区,广西,来宾,兴宾区,high,exact-city-alias,36,job_058311,https://jobs.51job.com/laibin-xbq/169052979.html?s=sou_sou_soulb&t=0_0&req=c6576a81315b17f48da1db6cf61fd3b8
四川,甘孜,康定市,四川,甘孜,康定市,high,51job-area-alias,36,job_074743,https://jobs.51job.com/ganzi-kds/170743025.html?s=sou_sou_soulb&t=0_0&req=c5e61a16ebaa8983bfd138837ab75352
新疆,石河子,,新疆,新疆生产建设兵团,石河子,medium,district-to-city,36,job_054542,https://jobs.51job.com/shihezi/168674733.html?s=sou_sou_soulb&t=0_0&req=3029db153a81a3d4d2a439e13e3995fe
湖北,黄石,西塞山区,湖北,黄石,西塞山区,high,exact-city-alias,36,job_094456,https://jobs.51job.com/huangshi-xssq/170170347.html?s=sou_sou_soulb&t=0_0&req=7b9c48c83e3cdd257abfa8e2c9fb515d
江西,上饶,广丰区,江西,上饶,广丰区,high,exact-city-alias,35,job_046477,https://jobs.51job.com/shangrao-gfq/170914629.html?s=sou_sou_soulb&t=0_0&req=9ef853957fda98b54b28c73f24258837
安徽,亳州,谯城区,安徽,亳州,谯城区,high,exact-city-alias,35,job_047755,https://jobs.51job.com/bozhou-qcq/170142534.html?s=sou_sou_soulb&t=0_0&req=38a00376aa002a6e833a6bd382ac170a
新疆,克拉玛依,,新疆,克拉玛依,,high,exact-city-alias,35,job_059605,https://jobs.51job.com/kelamayi/171580337.html?s=sou_sou_soulb&t=0_0&req=e3d2ea872cb4375f027cb886c95e6dfe
安徽,安徽省,,安徽,,,low,province-only-city-source,35,job_006771,https://jobs.51job.com/anhuisheng/138790637.html?s=sou_sou_soulb&t=0_0&req=438aa1e02e3d1521ebaf4547b54fb9ec
湖南,岳阳,湘阴县,湖南,岳阳,湘阴县,high,exact-city-alias,35,job_130793,https://jobs.51job.com/yueyang-xyx/170601795.html?s=sou_sou_soulb&t=0_0&req=f4a2c0f02254bc73acf25532f1663c34
吉林,延边,安图县,吉林,延边,安图县,high,51job-area-alias,35,job_109305,https://jobs.51job.com/yanbian-atx/169124306.html?s=sou_sou_soulb&t=0_0&req=edfa2e73dc4058d783cf8f232a6c7f69
浙江,温州,苍南县,浙江,温州,苍南县,high,exact-city-alias,35,job_022174,https://jobs.51job.com/wenzhou-cnx/167611533.html?s=sou_sou_soulb&t=0_0&req=b9f406c7440589e28b09c757f84e4f7b
河北,石家庄,藁城区,河北,石家庄,藁城区,high,exact-city-alias,35,job_022925,https://jobs.51job.com/shijiazhuang-gcq/170470930.html?s=sou_sou_soulb&t=0_0&req=5a954a9a4370685a320edde176a427b9
陕西,西安,周至县,陕西,西安,周至县,high,exact-city-alias,35,job_092244,https://jobs.51job.com/xian-zzx/168282027.html?s=sou_sou_soulb&t=0_0&req=132a3f9b65bad4447f9e2e99fd643536
江苏,连云港,东海县,江苏,连云港,东海县,high,exact-city-alias,35,job_039256,https://jobs.51job.com/lianyungang-dhx/171505892.html?s=sou_sou_soulb&t=0_0&req=e7ac7a77f978593222de738756b9b7c5
安徽,铜陵,义安区,安徽,铜陵,义安区,high,exact-city-alias,35,job_103101,https://jobs.51job.com/tongling-yaq/171300776.html?s=sou_sou_soulb&t=0_0&req=016e0b1431c0a318366f6a2ff31df0bf
广西,防城港,港口区,广西,防城港,港口区,high,exact-city-alias,35,job_047134,https://jobs.51job.com/fangchenggang-gkq/171021811.html?s=sou_sou_soulb&t=0_0&req=d0e66c429e9a0d0beeddd16135f60166
湖北,黄冈,红安县,湖北,黄冈,红安县,high,exact-city-alias,35,job_023062,https://jobs.51job.com/huanggang-hax/171482786.html?s=sou_sou_soulb&t=0_0&req=2c51064ec6c630584cc14ce2480d7018
江西,九江,浔阳区,江西,九江,浔阳区,high,exact-city-alias,34,job_058144,https://jobs.51job.com/jiujiang-xyq/170917784.html?s=sou_sou_soulb&t=0_0&req=103f731e965798b0936608165f6eef14
云南,保山,隆阳区,云南,保山,隆阳区,high,exact-city-alias,34,job_053217,https://jobs.51job.com/baoshan-lyq/169704150.html?s=sou_sou_soulb&t=0_0&req=4d0407a5de8cc7654bed4511bb7ef3da
安徽,六安,金寨县,安徽,六安,金寨县,high,exact-city-alias,34,job_148913,https://jobs.51job.com/liuan-jzx/170959352.html?s=sou_sou_soulb&t=0_0&req=76b72af273b12ab2f9595a88934e107d
四川,南充,仪陇县,四川,南充,仪陇县,high,exact-city-alias,34,job_072363,https://jobs.51job.com/nanchong-ylx/169910303.html?s=sou_sou_soulb&t=0_0&req=1114c595df4b05159943ce5cb643ff17
湖北,孝感,安陆市,湖北,孝感,安陆市,high,exact-city-alias,34,job_081315,https://jobs.51job.com/xiaogan-als/171300071.html?s=sou_sou_soulb&t=0_0&req=eaf0fcdd15a45330a40fb9fdf64a1b0e
四川,宜宾,江安县,四川,宜宾,江安县,high,exact-city-alias,34,job_094142,https://jobs.51job.com/yibin-jax/171647794.html?s=sou_sou_soulb&t=0_0&req=a2cd57383e4ac5d0de6d54eddded3e40
四川,广元,利州区,四川,广元,利州区,high,exact-city-alias,34,job_043400,https://jobs.51job.com/guangyuan-lzq/170112278.html?s=sou_sou_soulb&t=0_0&req=b992cb80d6c57e7dfa84053461ca2b81
广西,广西,,广西,广西,,low,fallback-city-source,34,job_006707,https://jobs.51job.com/guangxi/138790642.html?s=sou_sou_soulb&t=0_0&req=bc8e1b2747700688a25d4e87885bfb36
,惠州,,广东,惠州,,high,exact-city-alias,34,job_019832,https://jobs.51job.com/all/164535779.html?s=sou_sou_soulb&t=0_0&req=f20e24973c26748d36e0b35dd0de0a13
湖南,株洲,攸县,湖南,株洲,攸县,high,exact-city-alias,34,job_086343,https://jobs.51job.com/zhuzhou-yx/171019914.html?s=sou_sou_soulb&t=0_0&req=ed4e111caace2006b61ad14aefc671a2
山东,烟台,蓬莱区,山东,烟台,蓬莱区,high,exact-city-alias,34,job_045701,https://jobs.51job.com/yantai-plq/169165916.html?s=sou_sou_soulb&t=0_0&req=70a048a1dc1d1f8f5455cb7a09b93e4b
甘肃,甘肃省,,甘肃,,,low,province-only-city-source,34,job_008165,https://jobs.51job.com/gansusheng/138790639.html?s=sou_sou_soulb&t=0_0&req=151199a23ed44bed05ec0c54c2ffd189
广东,肇庆,德庆县,广东,肇庆,德庆县,high,exact-city-alias,34,job_030588,https://jobs.51job.com/zhaoqing-dqx/171288407.html?s=sou_sou_soulb&t=0_0&req=791218787e48600d015fb61ed4a77ad7
江西,鹰潭,余江区,江西,鹰潭,余江区,high,exact-city-alias,34,job_140165,https://jobs.51job.com/yingtan-yjq/170122986.html?s=sou_sou_soulb&t=0_0&req=40f1683cbfa9e73861d3587cc0a0bbce
湖北,黄冈,蕲春县,湖北,黄冈,蕲春县,high,exact-city-alias,34,job_049289,https://jobs.51job.com/huanggang-qcx/166558404.html?s=sou_sou_soulb&t=0_0&req=5e58c552b50a1f9126e00f194762b6af
江西,九江,永修县,江西,九江,永修县,high,exact-city-alias,33,job_130132,https://jobs.51job.com/jiujiang-yxx/169646268.html?s=sou_sou_soulb&t=0_0&req=bd0b4a18a7d3061eab32b87899df0225
河北,保定,定州市,河北,保定,定州市,high,exact-city-alias,33,job_022903,https://jobs.51job.com/baoding-dzs/171030801.html?s=sou_sou_soulb&t=0_0&req=5a954a9a4370685a320edde176a427b9
安徽,六安,霍邱县,安徽,六安,霍邱县,high,exact-city-alias,33,job_140645,https://jobs.51job.com/liuan-hqx/168631190.html?s=sou_sou_soulb&t=0_0&req=5a6bf1279e7621f6856860b34c18f4b4
四川,南充,嘉陵区,四川,南充,嘉陵区,high,exact-city-alias,33,job_043337,https://jobs.51job.com/nanchong-jlq/167014378.html?s=sou_sou_soulb&t=0_0&req=eb27db6c06da10f4e9717c71e9c19fae
广西,南宁,武鸣区,广西,南宁,武鸣区,high,exact-city-alias,33,job_068693,https://jobs.51job.com/nanning-wmq/169914908.html?s=sou_sou_soulb&t=0_0&req=b41038206fc6c3387d90255e94c78c27
,嘉兴,,浙江,嘉兴,,high,exact-city-alias,33,job_041652,https://jobs.51job.com/all/171083365.html?s=sou_sou_soulb&t=0_0&req=a6389f0772435c2e4705e6bd5388e7b0
湖北,宜昌,点军区,湖北,宜昌,点军区,high,exact-city-alias,33,job_010606,https://jobs.51job.com/yichang-djq/169805231.html?s=sou_sou_soulb&t=0_0&req=70566f3a37cb65277b3c2d687e9efe8a
四川,广安,广安区,四川,广安,广安区,high,exact-city-alias,33,job_043374,https://jobs.51job.com/guangan-gaq/169408122.html?s=sou_sou_soulb&t=0_0&req=d69894ac33ebcd4e8b08d5241e748801
广东,梅州,梅江区,广东,梅州,梅江区,high,exact-city-alias,33,job_030769,https://jobs.51job.com/meizhou-mjq/169516626.html?s=sou_sou_soulb&t=0_0&req=4f63177b0d991f50404a4984acfbd74b
山东,潍坊,坊子区,山东,潍坊,坊子区,high,exact-city-alias,33,job_006652,https://jobs.51job.com/weifang-fzq/168423309.html?s=sou_sou_soulb&t=0_0&req=bb94db7a2ae598ad849dbddf1d839b6a
山东,潍坊,寿光市,山东,潍坊,寿光市,high,exact-city-alias,33,job_010307,https://jobs.51job.com/weifang-sgs/171675403.html?s=sou_sou_soulb&t=0_0&req=c24ae2338f809dffd81ef915d97b4665
山东,烟台,海阳市,山东,烟台,海阳市,high,exact-city-alias,33,job_139979,https://jobs.51job.com/yantai-hys/167709710.html?s=sou_sou_soulb&t=0_0&req=d8486031daadfbd62609f7ea97ebf82a
湖南,益阳,桃江县,湖南,益阳,桃江县,high,exact-city-alias,33,job_104012,https://jobs.51job.com/yiyang-tjx/171090602.html?s=sou_sou_soulb&t=0_0&req=8a6decf3fcaa260dd97f66c23675bd9a
河北,石家庄,栾城区,河北,石家庄,栾城区,high,exact-city-alias,33,job_080919,https://jobs.51job.com/shijiazhuang-lcq/161734518.html?s=sou_sou_soulb&t=0_0&req=881b40c4d9c018868b3c695028ed6b6f
四川,自贡,自流井区,四川,自贡,自流井区,high,exact-city-alias,33,job_043313,https://jobs.51job.com/zigong-zljq/168928037.html?s=sou_sou_soulb&t=0_0&req=36c2a31f757ef2c9aad91b975ff6b007
河南,郑州,荥阳市,河南,郑州,荥阳市,high,exact-city-alias,33,job_048922,https://jobs.51job.com/xingyangshi/171129955.html?s=sou_sou_soulb&t=0_0&req=f2ae46da9255234e509adb6d9b207707
湖南,郴州,北湖区,湖南,郴州,北湖区,high,exact-city-alias,33,job_104022,https://jobs.51job.com/chenzhou-bhq/168755436.html?s=sou_sou_soulb&t=0_0&req=8a6decf3fcaa260dd97f66c23675bd9a
重庆,重庆,垫江县,重庆,重庆,垫江县,high,exact-city-alias,33,job_036006,https://jobs.51job.com/chongqing-djx/171481576.html?s=sou_sou_soulb&t=0_0&req=0530ead61bee0ba8b8725ccfa588d780
吉林,长春,九台区,吉林,长春,九台区,high,exact-city-alias,33,job_008076,https://jobs.51job.com/changchun-jtq/169507020.html?s=sou_sou_soulb&t=0_0&req=ca1041eb7ef2ad28ee6103576430ac36
云南,丽江,古城区,云南,丽江,古城区,high,exact-city-alias,32,job_053209,https://jobs.51job.com/lijiang-gcq/168089829.html?s=sou_sou_soulb&t=0_0&req=4d0407a5de8cc7654bed4511bb7ef3da
河南,南阳,唐河县,河南,南阳,唐河县,high,exact-city-alias,32,job_133662,https://jobs.51job.com/nanyang-thx/171172287.html?s=sou_sou_soulb&t=0_0&req=47c30755876ca47d38a25887abbd0f60
江西,吉安,泰和县,江西,吉安,泰和县,high,exact-city-alias,32,job_133497,https://jobs.51job.com/jian-thx/170554872.html?s=sou_sou_soulb&t=0_0&req=b1bb3400e6fdec693957e80666fe258c
河北,唐山,路北区,河北,唐山,路北区,high,exact-city-alias,32,job_048180,https://jobs.51job.com/tangshan-lbq/163671071.html?s=sou_sou_soulb&t=0_0&req=cbfa03c686a8609e4998a7f1e9b474d0
湖南,岳阳,云溪区,湖南,岳阳,云溪区,high,exact-city-alias,32,job_104010,https://jobs.51job.com/yueyang-yxq/169632214.html?s=sou_sou_soulb&t=0_0&req=8a6decf3fcaa260dd97f66c23675bd9a
河南,新乡,长垣市,河南,新乡,长垣市,high,exact-city-alias,32,job_164985,https://jobs.51job.com/xinxiang-cys/169088934.html?s=sou_sou_soulb&t=0_0&req=c0474ad0faaf69015ba6325b944e4987
西藏,林芝,巴宜区,西藏,林芝,巴宜区,high,exact-city-alias,32,job_054433,https://jobs.51job.com/linzhi-byq/170784472.html?s=sou_sou_soulb&t=0_0&req=19c3176420827dca38842e46b11bad29
安徽,滁州,定远县,安徽,滁州,定远县,high,exact-city-alias,32,job_094316,https://jobs.51job.com/chuzhou-dyx/171618257.html?s=sou_sou_soulb&t=0_0&req=14a3994a2c8f72d9c20147fd38938bb5
陕西,西安,蓝田县,陕西,西安,蓝田县,high,exact-city-alias,32,job_150070,https://jobs.51job.com/xian-ltx/169044045.html?s=sou_sou_soulb&t=0_0&req=985bbce2f3eebd40a4fae4681522a9a1
贵州,贵阳,开阳县,贵州,贵阳,开阳县,high,exact-city-alias,32,job_092409,https://jobs.51job.com/guiyang-kyx/171358061.html?s=sou_sou_soulb&t=0_0&req=d0d105f44397bcfa7a1d3b0e09ad79af
内蒙古,鄂尔多斯,东胜区,内蒙古,鄂尔多斯,东胜区,high,exact-city-alias,32,job_054317,https://jobs.51job.com/eerduosi-dsq/130805518.html?s=sou_sou_soulb&t=0_0&req=0a71947ec710ffafe2a3ef602322d528
安徽,马鞍山,花山区,安徽,马鞍山,花山区,high,exact-city-alias,32,job_091859,https://jobs.51job.com/maanshan-hsq/170606896.html?s=sou_sou_soulb&t=0_0&req=2c073b5aa1b400ce9b86152e3fef4491
江西,上饶,鄱阳县,江西,上饶,鄱阳县,high,exact-city-alias,31,job_058198,https://jobs.51job.com/shangrao-pyx/164391092.html?s=sou_sou_soulb&t=0_0&req=9cd1a70e3553e90cada4cca0d6ce9e25
四川,广安,邻水县,四川,广安,邻水县,high,exact-city-alias,31,job_065041,https://jobs.51job.com/guangan-lsx/171548828.html?s=sou_sou_soulb&t=0_0&req=2580d68eff81d7210365a21c1dd109c1
四川,德阳,中江县,四川,德阳,中江县,high,exact-city-alias,31,job_043261,https://jobs.51job.com/deyang-zjx/170539714.html?s=sou_sou_soulb&t=0_0&req=80acf52de185439f9eff653d9984a522
山东,济南,商河县,山东,济南,商河县,high,exact-city-alias,31,job_106804,https://jobs.51job.com/jinan-shx/171377900.html?s=sou_sou_soulb&t=0_0&req=8ecbcd80f9b62c17a11f00188ed6242c
山东,济宁,邹城市,山东,济宁,邹城市,high,exact-city-alias,31,job_045845,https://jobs.51job.com/jining-zcs/171530196.html?s=sou_sou_soulb&t=0_0&req=92c3700331a2887ed8889cbe280cc501
陕西,渭南,临渭区,陕西,渭南,临渭区,high,exact-city-alias,31,job_052000,https://jobs.51job.com/weinan-lwq/170818851.html?s=sou_sou_soulb&t=0_0&req=17d59d72373876ec14a8314c69aa4db6
山东,滨州,滨城区,山东,滨州,滨城区,high,exact-city-alias,31,job_045450,https://jobs.51job.com/binzhou-bcq/171660486.html?s=sou_sou_soulb&t=0_0&req=73563c9736e30c436448db9496e1792b
福建,漳州,南靖县,福建,漳州,南靖县,high,exact-city-alias,31,job_086228,https://jobs.51job.com/zhangzhou-njx/170941721.html?s=sou_sou_soulb&t=0_0&req=98c8e14e5aa509645549688802681b3f
吉林,白山,,吉林,白山,,high,exact-city-alias,31,job_053092,https://jobs.51job.com/baishan/163361512.html?s=sou_sou_soulb&t=0_0&req=b720d81b8a9313b87a031f257351dfc2
浙江,舟山,岱山县,浙江,舟山,岱山县,high,exact-city-alias,31,job_062391,https://jobs.51job.com/zhoushan-dsx/169106931.html?s=sou_sou_soulb&t=0_0&req=d225c57b2a6b71ce64f421312e27bee0
湖南,郴州,资兴市,湖南,郴州,资兴市,high,exact-city-alias,31,job_015750,https://jobs.51job.com/chenzhou-zxs/170247832.html?s=sou_sou_soulb&t=0_0&req=f7caf28e4300409e1a49fa3e0a711edc
黑龙江,鸡西,,黑龙江,鸡西,,high,exact-city-alias,31,job_061091,https://jobs.51job.com/jixi/171673850.html?s=sou_sou_soulb&t=0_0&req=ed9e6276df82940bc7a0f1ab0ac33085
内蒙古,包头,昆都仑区,内蒙古,包头,昆都仑区,high,exact-city-alias,30,job_054236,https://jobs.51job.com/baotou-kdlq/169098357.html?s=sou_sou_soulb&t=0_0&req=6a378f3dac944047b0f41a90261b66fb
四川,南充,高坪区,四川,南充,高坪区,high,exact-city-alias,30,job_072409,https://jobs.51job.com/nanchong-gpq/171005848.html?s=sou_sou_soulb&t=0_0&req=d75d4797f880253cfc28e83d0a976255
福建,宁德,福安市,福建,宁德,福安市,high,exact-city-alias,30,job_080326,https://jobs.51job.com/ningde-fas/171236081.html?s=sou_sou_soulb&t=0_0&req=e98cdfed9b00195b1c53ffddbba61b57
湖南,岳阳,临湘市,湖南,岳阳,临湘市,high,exact-city-alias,30,job_133782,https://jobs.51job.com/yueyang-lxs/170031273.html?s=sou_sou_soulb&t=0_0&req=5e530186be8929e5ab2f01bbffc959d4
湖南,常德,鼎城区,湖南,常德,鼎城区,high,exact-city-alias,30,job_094549,https://jobs.51job.com/changde-dcq/170571319.html?s=sou_sou_soulb&t=0_0&req=cfab4562fd6c6b9766789e8ed77482d6
云南,昆明,东川区,云南,昆明,东川区,high,exact-city-alias,30,job_104420,https://jobs.51job.com/kunming-dcq/171280770.html?s=sou_sou_soulb&t=0_0&req=80aae612a1e69535d88f015e98aea4d4
河北,河北省,,河北,,,low,province-only-city-source,30,job_006994,https://jobs.51job.com/hebeisheng/138790647.html?s=sou_sou_soulb&t=0_0&req=90054f74abfc5b504146f32061ab66f5
山东,济南,钢城区,山东,济南,钢城区,high,exact-city-alias,30,job_045449,https://jobs.51job.com/jinan-gcq/162591828.html?s=sou_sou_soulb&t=0_0&req=73563c9736e30c436448db9496e1792b
浙江,温州,泰顺县,浙江,温州,泰顺县,high,exact-city-alias,30,job_101748,https://jobs.51job.com/wenzhou-tsx/170985280.html?s=sou_sou_soulb&t=0_0&req=bff979aaa93f51fef33433678c939c18
福建,漳州,芗城区,福建,漳州,芗城区,high,exact-city-alias,30,job_045097,https://jobs.51job.com/zhangzhou-xcq/171553435.html?s=sou_sou_soulb&t=0_0&req=b09b79ad848695f6a13084492e6fde66
贵州,黔南,龙里县,贵州,黔南,龙里县,high,51job-area-alias,30,job_082233,https://jobs.51job.com/qiannan-llx/171274343.html?s=sou_sou_soulb&t=0_0&req=be7cccfeb9b649c5662070db2992cc76
江西,九江,共青城市,江西,九江,共青城市,high,exact-city-alias,29,job_022685,https://jobs.51job.com/jiujiang-gqcs/170357527.html?s=sou_sou_soulb&t=0_0&req=1ff9799ecac12771b6067fc9492c44c3
江西,九江,湖口县,江西,九江,湖口县,high,exact-city-alias,29,job_088568,https://jobs.51job.com/jiujiang-hkx/169239175.html?s=sou_sou_soulb&t=0_0&req=dc1c012b95d7100cf36645f07f8de5c9
江西,九江,瑞昌市,江西,九江,瑞昌市,high,exact-city-alias,29,job_102831,https://jobs.51job.com/jiujiang-rcs/164334330.html?s=sou_sou_soulb&t=0_0&req=bfd1b472610df2e334874671745505d5
内蒙古,兴安盟,,内蒙古,兴安盟,,high,exact-city-alias,29,job_054355,https://jobs.51job.com/xingan/170401183.html?s=sou_sou_soulb&t=0_0&req=57bd966ded246c70e3747b46b3d51400
广西,南宁,宾阳县,广西,南宁,宾阳县,high,exact-city-alias,29,job_094295,https://jobs.51job.com/nanning-byx/171508870.html?s=sou_sou_soulb&t=0_0&req=fa6f80af1f5de7ef7985d3eef5f70da7
河南,周口,淮阳区,河南,周口,淮阳区,high,exact-city-alias,29,job_058645,https://jobs.51job.com/zhoukou-hyq/170806407.html?s=sou_sou_soulb&t=0_0&req=fc1480270ba065552ab91ef198e0413c
山西,太原,尖草坪区,山西,太原,尖草坪区,high,exact-city-alias,29,job_052190,https://jobs.51job.com/taiyuan-jcpq/166706779.html?s=sou_sou_soulb&t=0_0&req=a08e3c1e2456a986f70b34f265f5ec96
广西,崇左,大新县,广西,崇左,大新县,high,exact-city-alias,29,job_006752,https://jobs.51job.com/chongzuo-dxx/168813119.html?s=sou_sou_soulb&t=0_0&req=bc8e1b2747700688a25d4e87885bfb36
广东,揭阳,惠来县,广东,揭阳,惠来县,high,exact-city-alias,29,job_093366,https://jobs.51job.com/jieyang-hlx/169792973.html?s=sou_sou_soulb&t=0_0&req=6ee70a3fe635a436897cf33a91951b75
云南,文山,文山市,云南,文山,文山市,high,51job-area-alias,29,job_053376,https://jobs.51job.com/wenshan-wss/169777006.html?s=sou_sou_soulb&t=0_0&req=e536b9e315ca78df30cf69f03a0e3271
陕西,汉中,汉台区,陕西,汉中,汉台区,high,exact-city-alias,29,job_051523,https://jobs.51job.com/hanzhong-htq/164613980.html?s=sou_sou_soulb&t=0_0&req=550e13f404e3b0cec38644b648fa02fb
海南,海南省,,海南,,,low,province-only-city-source,29,job_006459,https://jobs.51job.com/hainansheng/138790645.html?s=sou_sou_soulb&t=0_0&req=e3a161ee55dc193b46c4008f2a82258a
,温州,,浙江,温州,,high,exact-city-alias,29,job_041286,https://jobs.51job.com/all/154421187.html?s=sou_sou_soulb&t=0_0&req=2a0c3cdc00cdfdb4fffe6a383c4ae4cf
广东,茂名,化州市,广东,茂名,化州市,high,exact-city-alias,29,job_061707,https://jobs.51job.com/maoming-hzs/170427845.html?s=sou_sou_soulb&t=0_0&req=09a05c776ba531e575f1a61b5ed5f9ee
福建,莆田,城厢区,福建,莆田,城厢区,high,exact-city-alias,29,job_015641,https://jobs.51job.com/putian-cxq/171210639.html?s=sou_sou_soulb&t=0_0&req=f79f9f32f81eb284964bcd56a6cbefe3
湖南,邵阳,双清区,湖南,邵阳,双清区,high,exact-city-alias,29,job_066040,https://jobs.51job.com/shaoyang-sqq/167325800.html?s=sou_sou_soulb&t=0_0&req=ac6cab24f0e83a5c9b7497dcba687b83
内蒙古,鄂尔多斯,康巴什区,内蒙古,鄂尔多斯,康巴什区,high,exact-city-alias,29,job_008171,https://jobs.51job.com/eerduosi-kbsq/171630432.html?s=sou_sou_soulb&t=0_0&req=2df14fc16087e045386648d8604792f2
内蒙古,锡林郭勒盟,,内蒙古,锡林郭勒盟,,high,exact-city-alias,29,job_217538,https://jobs.51job.com/xilinguole/171105741.html?s=sou_sou_soulb&t=0_0&req=abb4e3b0a615633ad44164ea6aff8f09
江西,鹰潭,贵溪市,江西,鹰潭,贵溪市,high,exact-city-alias,29,job_102783,https://jobs.51job.com/yingtan-gxs/171660747.html?s=sou_sou_soulb&t=0_0&req=69585f9617a39213f57ec65865825a90
安徽,黄山,歙县,安徽,黄山,歙县,high,exact-city-alias,29,job_047497,https://jobs.51job.com/huangshan-sx/170569263.html?s=sou_sou_soulb&t=0_0&req=c5964b3691f6f7520216e7d1032cb0c1
山东,东营,东营区,山东,东营,东营区,high,exact-city-alias,28,job_046123,https://jobs.51job.com/dongying-dyq/170964027.html?s=sou_sou_soulb&t=0_0&req=c248b7eb6c5715df8f3d501a827c43dc
浙江,丽水,青田县,浙江,丽水,青田县,high,exact-city-alias,28,job_042018,https://jobs.51job.com/lishui-qtx/171399441.html?s=sou_sou_soulb&t=0_0&req=0d47a70f8a6d91a2318db82a7f61f914
四川,乐山,犍为县,四川,乐山,犍为县,high,exact-city-alias,28,job_074714,https://jobs.51job.com/leshan-jwx/171142586.html?s=sou_sou_soulb&t=0_0&req=c5e61a16ebaa8983bfd138837ab75352
广东,云浮,新兴县,广东,云浮,新兴县,high,exact-city-alias,28,job_099000,https://jobs.51job.com/yunfu-xxx/163934895.html?s=sou_sou_soulb&t=0_0&req=f361588ab0dfa441cbf40a116642fa05
河北,保定,徐水区,河北,保定,徐水区,high,exact-city-alias,28,job_149032,https://jobs.51job.com/baoding-xsq/171020770.html?s=sou_sou_soulb&t=0_0&req=47123c3ba020aff9eae97ee8a7b358e3
,南通,,江苏,南通,,high,exact-city-alias,28,job_005543,https://jobs.51job.com/all/170423070.html?s=sou_sou_soulb&t=0_0&req=44f20d73565cf144da99db82a572c244
河南,南阳,宛城区,河南,南阳,宛城区,high,exact-city-alias,28,job_406841,https://jobs.51job.com/nanyang-wcq/169524913.html?s=sou_sou_soulb&t=0_0&req=c8472509de66c93d885f975fb32792c4
江西,吉安,遂川县,江西,吉安,遂川县,high,exact-city-alias,28,job_088561,https://jobs.51job.com/jian-scx/170996675.html?s=sou_sou_soulb&t=0_0&req=dc1c012b95d7100cf36645f07f8de5c9
云南,楚雄,禄丰市,云南,楚雄,禄丰市,high,51job-area-alias,28,job_166590,https://jobs.51job.com/chuxiong-lfs/170855504.html?s=sou_sou_soulb&t=0_0&req=70e9eba7905cd87404e774ec7fa395a7
青海,海东,,青海,海东,,high,exact-city-alias,28,job_150817,https://jobs.51job.com/haidong/167968118.html?s=sou_sou_soulb&t=0_0&req=5a1b48e855e1a9651811741469715faa
山东,潍坊,滨海经济开发区,山东,潍坊,滨海经济开发区,high,exact-city-alias,28,job_091734,https://jobs.51job.com/weifang-bhjj/171184894.html?s=sou_sou_soulb&t=0_0&req=b0a7dc31eddcc13a9e8f1f7d522329ea
福建,福建省,,福建,,,low,province-only-city-source,28,job_006478,https://jobs.51job.com/fujiansheng/138790638.html?s=sou_sou_soulb&t=0_0&req=3b5fc5d5199b102a0f5a0ad878bfb85d
云南,红河州,建水县,云南,红河州,建水县,high,51job-area-alias,28,job_015783,https://jobs.51job.com/honghezhou-jsx/168763643.html?s=sou_sou_soulb&t=0_0&req=4b3d8ddb080a15451bb9a98fa0a9d7b6
湖北,荆州,松滋市,湖北,荆州,松滋市,high,exact-city-alias,28,job_083138,https://jobs.51job.com/jingzhou-szs/170498753.html?s=sou_sou_soulb&t=0_0&req=7d85c666403d37e2a9032f716f53b2d5
山东,菏泽,牡丹区,山东,菏泽,牡丹区,high,exact-city-alias,28,job_091745,https://jobs.51job.com/heze-mdq/170699568.html?s=sou_sou_soulb&t=0_0&req=b0a7dc31eddcc13a9e8f1f7d522329ea
江西,萍乡,芦溪县,江西,萍乡,芦溪县,high,exact-city-alias,28,job_164212,https://jobs.51job.com/pingxiang-lxx/156120934.html?s=sou_sou_soulb&t=0_0&req=d99c06ed608e158e6c7ba1e81c302b5f
贵州,贵阳,乌当区,贵州,贵阳,乌当区,high,exact-city-alias,28,job_053826,https://jobs.51job.com/guiyang-wdq/171401765.html?s=sou_sou_soulb&t=0_0&req=336dad0564408e526c7ca871092f28c3
辽宁,辽宁省,,辽宁,,,low,province-only-city-source,28,job_007940,https://jobs.51job.com/liaoningsheng/138790660.html?s=sou_sou_soulb&t=0_0&req=e1b1b71554bb5199b3e777db2b72821f
重庆,重庆,忠县,重庆,重庆,忠县,high,exact-city-alias,28,job_093594,https://jobs.51job.com/chongqing-zx/171671665.html?s=sou_sou_soulb&t=0_0&req=132b86b0a76c7a54cbcab964ec5230ff
四川,阿坝,汶川县,四川,阿坝,汶川县,high,51job-area-alias,28,job_112280,https://jobs.51job.com/aba-wcx/167163436.html?s=sou_sou_soulb&t=0_0&req=b8e27e04a641f73d60135b79588ec32f
广东,韶关,南雄市,广东,韶关,南雄市,high,exact-city-alias,28,job_116702,https://jobs.51job.com/shaoguan-nxs/169438684.html?s=sou_sou_soulb&t=0_0&req=4ae17319f1822a06d28eab3c49a0bbb1
河南,鹤壁,淇滨区,河南,鹤壁,淇滨区,high,exact-city-alias,28,job_130481,https://jobs.51job.com/hebi-qbq/171023850.html?s=sou_sou_soulb&t=0_0&req=7b1c9c8a3754925425f9dcfec1a5caab
山东,东营,广饶县,山东,东营,广饶县,high,exact-city-alias,27,job_091724,https://jobs.51job.com/dongying-grx/171239915.html?s=sou_sou_soulb&t=0_0&req=b0a7dc31eddcc13a9e8f1f7d522329ea
浙江,丽水,缙云县,浙江,丽水,缙云县,high,exact-city-alias,27,job_118569,https://jobs.51job.com/lishui-jyx/171351446.html?s=sou_sou_soulb&t=0_0&req=c1a82d667baeb74991a2de8a9caaca89
内蒙古,呼和浩特,玉泉区,内蒙古,呼和浩特,玉泉区,high,exact-city-alias,27,job_066089,https://jobs.51job.com/huhhot-yqq/170448400.html?s=sou_sou_soulb&t=0_0&req=3f0499a6d8e425fa6adb66489e4a1df0
陕西,咸阳,泾阳县,陕西,咸阳,泾阳县,high,exact-city-alias,27,job_068949,https://jobs.51job.com/xianyang-jyx/167261397.html?s=sou_sou_soulb&t=0_0&req=4193f3efaef20e32eb71c2ce9e62ffe3
山西,太原,晋源区,山西,太原,晋源区,high,exact-city-alias,27,job_012929,https://jobs.51job.com/taiyuan-jyq/171021269.html?s=sou_sou_soulb&t=0_0&req=326af380c7f1216a6a24696a5c3517b5
福建,宁德,霞浦县,福建,宁德,霞浦县,high,exact-city-alias,27,job_088519,https://jobs.51job.com/ningde-xpx/168001951.html?s=sou_sou_soulb&t=0_0&req=68eed4b262d2e554f7fd2f1c37ebc8c0
陕西,安康,汉滨区,陕西,安康,汉滨区,high,exact-city-alias,27,job_023552,https://jobs.51job.com/ankang-hbq/170613631.html?s=sou_sou_soulb&t=0_0&req=61e4afcf2280e1d40cfda5cb07bb56d0
河北,廊坊,安次区,河北,廊坊,安次区,high,exact-city-alias,27,job_130440,https://jobs.51job.com/langfang-acq/171483725.html?s=sou_sou_soulb&t=0_0&req=668cbef847e3edaa93b652164d6ac8a6
吉林,延边,,吉林,延边,,high,51job-area-alias,27,job_052992,https://jobs.51job.com/yanbian/170790524.html?s=sou_sou_soulb&t=0_0&req=c91362131cdd0e784f719cb8e9ad7c16
四川,成都,经济技术开发区,四川,成都,经济技术开发区,high,exact-city-alias,27,job_043936,https://jobs.51job.com/chengdu-jjjs/148108140.html?s=sou_sou_soulb&t=0_0&req=74858fb71595f0390b121b2637fd9159
山东,日照,岚山区,山东,日照,岚山区,high,exact-city-alias,27,job_109136,https://jobs.51job.com/rizhao-lsq/170603164.html?s=sou_sou_soulb&t=0_0&req=5555e2c3fe8e2821669da6a872082436
山西,晋中,榆次区,山西,晋中,榆次区,high,exact-city-alias,27,job_052139,https://jobs.51job.com/jinzhong-ycq/171660398.html?s=sou_sou_soulb&t=0_0&req=d99d51810b8d3b47f22f10a8a7855ec4
云南,普洱,思茅区,云南,普洱,思茅区,high,exact-city-alias,27,job_023750,https://jobs.51job.com/puer-smq/170771109.html?s=sou_sou_soulb&t=0_0&req=530c5110ad3a11593c18284dca89d953
江西,景德镇,昌江区,江西,景德镇,昌江区,high,exact-city-alias,27,job_068659,https://jobs.51job.com/jingdezhen-cjq/169668393.html?s=sou_sou_soulb&t=0_0&req=fbf06511def20b05825a35041aa2586b
广西,柳州,鹿寨县,广西,柳州,鹿寨县,high,exact-city-alias,27,job_119182,https://jobs.51job.com/liuzhou-lzx/169481311.html?s=sou_sou_soulb&t=0_0&req=3486998155c20aae9e13c90254ed2e6f
安徽,池州,东至县,安徽,池州,东至县,high,exact-city-alias,27,job_022816,https://jobs.51job.com/chizhou-dzx/169958095.html?s=sou_sou_soulb&t=0_0&req=c3cabe45db7a25e702956f308a59828b
山东,泰安,泰山区,山东,泰安,泰山区,high,exact-city-alias,27,job_046138,https://jobs.51job.com/taian-tsq/167498291.html?s=sou_sou_soulb&t=0_0&req=c248b7eb6c5715df8f3d501a827c43dc
安徽,淮北,相山区,安徽,淮北,相山区,high,exact-city-alias,27,job_047952,https://jobs.51job.com/huaibei-xsq/170704133.html?s=sou_sou_soulb&t=0_0&req=f343cce65a9c1031a759a3507bf94f76
山东,滨州,博兴县,山东,滨州,博兴县,high,exact-city-alias,27,job_045862,https://jobs.51job.com/binzhou-bxx/170214973.html?s=sou_sou_soulb&t=0_0&req=92c3700331a2887ed8889cbe280cc501
四川,达州,宣汉县,四川,达州,宣汉县,high,exact-city-alias,27,job_118771,https://jobs.51job.com/dazhou-xhx/170171171.html?s=sou_sou_soulb&t=0_0&req=fcc06137c7629e66343c75e3ce05d59c
山西,运城,盐湖区,山西,运城,盐湖区,high,exact-city-alias,27,job_007924,https://jobs.51job.com/yuncheng-yhq/170545368.html?s=sou_sou_soulb&t=0_0&req=9261977793182cff61e4e464f603f9a9
内蒙古,鄂尔多斯,乌审旗,内蒙古,鄂尔多斯,乌审旗,high,exact-city-alias,27,job_104662,https://jobs.51job.com/eerduosi-wsq/169524477.html?s=sou_sou_soulb&t=0_0&req=3a7c5c3bdae14a15e256e5ce9282be5b
黑龙江,鹤岗,,黑龙江,鹤岗,,high,exact-city-alias,27,job_166257,https://jobs.51job.com/hegang/171288132.html?s=sou_sou_soulb&t=0_0&req=dd3c1d5e12ab1c8e67acd7de7b2e445d
江西,鹰潭,月湖区,江西,鹰潭,月湖区,high,exact-city-alias,27,job_074825,https://jobs.51job.com/yingtan-yhq/170622352.html?s=sou_sou_soulb&t=0_0&req=120997367e7c932227c35b7f648da1ff
贵州,黔南,都匀市,贵州,黔南,都匀市,high,51job-area-alias,27,job_053844,https://jobs.51job.com/qiannan-dys/170750071.html?s=sou_sou_soulb&t=0_0&req=336dad0564408e526c7ca871092f28c3
四川,乐山,沙湾区,四川,乐山,沙湾区,high,exact-city-alias,26,job_057803,https://jobs.51job.com/leshan-swq/171343861.html?s=sou_sou_soulb&t=0_0&req=dc7630965e7732274329446ff86e0a44
广东,云浮,郁南县,广东,云浮,郁南县,high,exact-city-alias,26,job_030791,https://jobs.51job.com/yunfu-ynx/170915027.html?s=sou_sou_soulb&t=0_0&req=a0d2e7a7c4ae01a086bd9f6e9745ffb1
河北,保定,涿州市,河北,保定,涿州市,high,exact-city-alias,26,job_164867,https://jobs.51job.com/baoding-zzs/170432375.html?s=sou_sou_soulb&t=0_0&req=46ce463d04e7bab92b543f9ab99aafe6
江西,宜春,奉新县,江西,宜春,奉新县,high,exact-city-alias,26,job_046691,https://jobs.51job.com/yichun-fxx/170928070.html?s=sou_sou_soulb&t=0_0&req=664ade9207c798dc42213f7443a52330
四川,广安,前锋区,四川,广安,前锋区,high,exact-city-alias,26,job_043380,https://jobs.51job.com/guangan-qfq/170448042.html?s=sou_sou_soulb&t=0_0&req=d69894ac33ebcd4e8b08d5241e748801
,广州-荔湾区,,广东,广州,荔湾区,high,city-hyphen-district,26,job_031814,https://jobs.51job.com/all/156968130.html?s=sou_sou_soulb&t=0_0&req=c62ae9d8ef2ffe751da387470bf1e51f
河北,承德,双桥区,河北,承德,双桥区,high,exact-city-alias,26,job_048182,https://jobs.51job.com/chengde-sqq/170318417.html?s=sou_sou_soulb&t=0_0&req=1007f0f8b8227bf92b1167d206f27c14
云南,曲靖,宣威市,云南,曲靖,宣威市,high,exact-city-alias,26,job_062940,https://jobs.51job.com/qujing-xws/164217487.html?s=sou_sou_soulb&t=0_0&req=8f6afdb1ece7a307aaa2abce14728fe4
辽宁,朝阳,凌源市,辽宁,朝阳,凌源市,high,exact-city-alias,26,job_008056,https://jobs.51job.com/chaoyang-lys/168729866.html?s=sou_sou_soulb&t=0_0&req=c441dfac70f7ab5df361a92a9782aa82
江西,江西省,,江西,,,low,province-only-city-source,26,job_006655,https://jobs.51job.com/jiangxisheng/138790659.html?s=sou_sou_soulb&t=0_0&req=c3f9bf16c92fd67fff6ba2a1ab89af25
山东,淄博,淄川区,山东,淄博,淄川区,high,exact-city-alias,26,job_046018,https://jobs.51job.com/zibo-zcq/168388954.html?s=sou_sou_soulb&t=0_0&req=b5e407a9fb9d1de56f27714490972605
河北,石家庄,东开发区,河北,石家庄,东开发区,high,exact-city-alias,26,job_080915,https://jobs.51job.com/shijiazhuang-dkfq/165925098.html?s=sou_sou_soulb&t=0_0&req=881b40c4d9c018868b3c695028ed6b6f
广东,肇庆,封开县,广东,肇庆,封开县,high,exact-city-alias,26,job_097076,https://jobs.51job.com/zhaoqing-fkx/140069641.html?s=sou_sou_soulb&t=0_1&req=3688d39818ae4938c9670661a5c74980
广西,贺州,平桂区,广西,贺州,平桂区,high,exact-city-alias,26,job_102941,https://jobs.51job.com/hezhou-pgq/171313135.html?s=sou_sou_soulb&t=0_0&req=f80dc2fe1cf57a2f4c7e9b3f77fd8d1b
贵州,遵义,红花岗区,贵州,遵义,红花岗区,high,exact-city-alias,26,job_053972,https://jobs.51job.com/zunyi-hhgq/171178980.html?s=sou_sou_soulb&t=0_0&req=937b7de9fbbf329eda357d51f73cba44
湖南,郴州,桂阳县,湖南,郴州,桂阳县,high,exact-city-alias,26,job_051245,https://jobs.51job.com/chenzhou-gyx/170994855.html?s=sou_sou_soulb&t=0_0&req=095d4ff6dab1918f33d0289ddf397ecb
重庆,重庆,丰都县,重庆,重庆,丰都县,high,exact-city-alias,26,job_036092,https://jobs.51job.com/chongqing-fdx/171449289.html?s=sou_sou_soulb&t=0_0&req=7c8b4edaa1893f37fed744d211c31f8b
浙江,金华,磐安县,浙江,金华,磐安县,high,exact-city-alias,26,job_068471,https://jobs.51job.com/jinhua-pax/169790074.html?s=sou_sou_soulb&t=0_0&req=3a8b6e42867ad6952262c716bdc9dd2d
山东,青岛,莱西市,山东,青岛,莱西市,high,exact-city-alias,26,job_022640,https://jobs.51job.com/qingdao-lxs/170629026.html?s=sou_sou_soulb&t=0_0&req=cc328cc0f0661deab1dc27d0ce207b80
海南,万宁,,海南,万宁,,high,51job-area-alias,25,job_237181,https://jobs.51job.com/wanning/170719689.html?s=sou_sou_soulb&t=0_0&req=8ab364d7940eceaded8ba6ee356fca86
海南,东方,,海南,东方,,high,51job-area-alias,25,job_094214,https://jobs.51job.com/dongfang/171618191.html?s=sou_sou_soulb&t=0_0&req=00b8861fc1a6a3dcbb0f88d70e1d99da
河南,信阳,平桥区,河南,信阳,平桥区,high,exact-city-alias,25,job_140731,https://jobs.51job.com/xinyang-pqq/171197814.html?s=sou_sou_soulb&t=0_0&req=ad4ff98a1e51fb2c8231896d3aedf339
黑龙江,哈尔滨,平房区,黑龙江,哈尔滨,平房区,high,exact-city-alias,25,job_023601,https://jobs.51job.com/hadongbin-pfq/150721072.html?s=sou_sou_soulb&t=0_0&req=be1a22f45565fcf992c3e9a4211e3e95
黑龙江,哈尔滨,道外区,黑龙江,哈尔滨,道外区,high,exact-city-alias,25,job_052499,https://jobs.51job.com/hadongbin-dwq/171140276.html?s=sou_sou_soulb&t=0_0&req=ce43f71341396e9e5e6b3624376b9e45
山西,太原,阳曲县,山西,太原,阳曲县,high,exact-city-alias,25,job_104209,https://jobs.51job.com/taiyuan-yqx/171063712.html?s=sou_sou_soulb&t=0_0&req=da3d720b6d5327d39d47374e1d67b2d3
海南,定安,,海南,定安,,high,51job-area-alias,25,job_139723,https://jobs.51job.com/dingan/167472684.html?s=sou_sou_soulb&t=0_0&req=2a20a5e66b6145120a114916b650b5da
陕西,宝鸡,金台区,陕西,宝鸡,金台区,high,exact-city-alias,25,job_059183,https://jobs.51job.com/baoji-jtq/171143107.html?s=sou_sou_soulb&t=0_0&req=628d2cb24bd03e4311f15e991f9de311
新疆,巴音郭楞,库尔勒市,新疆,巴音郭楞,库尔勒市,high,51job-area-alias,25,job_023873,https://jobs.51job.com/bayinguoleng-kels/169524109.html?s=sou_sou_soulb&t=0_0&req=eeb79134135ecd3387e01889ec189962
江西,抚州,东乡区,江西,抚州,东乡区,high,exact-city-alias,25,job_091769,https://jobs.51job.com/fuzhou-dxq/170788580.html?s=sou_sou_soulb&t=0_0&req=66938e18bf47fd7493a7688732887566
云南,曲靖,会泽县,云南,曲靖,会泽县,high,exact-city-alias,25,job_104457,https://jobs.51job.com/qujing-hzx/171103105.html?s=sou_sou_soulb&t=0_0&req=35f76f3530e8f202b5d7858c8ff66ecb
广西,桂林,灵川县,广西,桂林,灵川县,high,exact-city-alias,25,job_046903,https://jobs.51job.com/guilin-lcx/170549952.html?s=sou_sou_soulb&t=0_0&req=4ebf8b4ab5d376bdb75dc6ba96e96207
陕西,榆林,神木市,陕西,榆林,神木市,high,exact-city-alias,25,job_051746,https://jobs.51job.com/yulin-sms/171148587.html?s=sou_sou_soulb&t=0_0&req=2b8819f2cceb49b47e2a80449078a45f
河北,沧州,运河区,河北,沧州,运河区,high,exact-city-alias,25,job_286071,https://jobs.51job.com/cangzhou-yhq/167199688.html?s=sou_sou_soulb&t=0_0&req=77acb1c4d0dd288e989d297aba4556a6
河南,洛阳,老城区,河南,洛阳,老城区,high,exact-city-alias,25,job_048531,https://jobs.51job.com/luoyang-lcq/171221114.html?s=sou_sou_soulb&t=0_0&req=b2fa2674ef955b7cf8d98cc67e15979b
青海,海西,,青海,海西,,high,51job-area-alias,25,job_067077,https://jobs.51job.com/haixi/171232653.html?s=sou_sou_soulb&t=0_0&req=19f77ecade2f2196814ac163723ac511
浙江,温州,文成县,浙江,温州,文成县,high,exact-city-alias,25,job_101571,https://jobs.51job.com/wenzhou-wcx/161703304.html?s=sou_sou_soulb&t=0_0&req=d119011b25e612954a1d0f77e82e0605
云南,红河州,个旧市,云南,红河州,个旧市,high,51job-area-alias,25,job_023795,https://jobs.51job.com/honghezhou-gjs/170622575.html?s=sou_sou_soulb&t=0_0&req=18e32e1667b3edab71a07d014b647942
湖北,黄石,黄石港区,湖北,黄石,黄石港区,high,exact-city-alias,25,job_087090,https://jobs.51job.com/huangshi-hsgq/170468536.html?s=sou_sou_soulb&t=0_0&req=e3ad7fc91b86664489e9d15c1b336f6d
山东,临沂,罗庄区,山东,临沂,罗庄区,high,exact-city-alias,24,job_045490,https://jobs.51job.com/linyi-lzq/171594748.html?s=sou_sou_soulb&t=0_0&req=abba190ed5eb522c748e404eef988af2
广东,云浮,罗定市,广东,云浮,罗定市,high,exact-city-alias,24,job_056246,https://jobs.51job.com/yunfu-lds/171401763.html?s=sou_sou_soulb&t=0_0&req=1492bfa2e358ac43af2d8c69bf1069f9
湖北,十堰,丹江口市,湖北,十堰,丹江口市,high,exact-city-alias,24,job_092002,https://jobs.51job.com/shiyan-djks/169868538.html?s=sou_sou_soulb&t=0_0&req=eea4670667ea5d4cd03eb2dcc97d2d3b
黑龙江,双鸭山,,黑龙江,双鸭山,,high,exact-city-alias,24,job_052530,https://jobs.51job.com/shuangyashan/170433185.html?s=sou_sou_soulb&t=0_0&req=ce43f71341396e9e5e6b3624376b9e45
,宁夏,,,宁夏,,low,fallback-city-source,24,job_188052,https://jobs.51job.com/all/168259492.html?s=sou_sou_soulb&t=0_0&req=41e8fdba127f6bb1cdf0f1f015a798d4
江苏,宿迁,泗阳县,江苏,宿迁,泗阳县,high,exact-city-alias,24,job_039568,https://jobs.51job.com/suqian-syx/167914285.html?s=sou_sou_soulb&t=0_0&req=d98b484912136043c51a8fe36a0c3911
山东,山东省,,山东,,,low,province-only-city-source,24,job_006551,https://jobs.51job.com/shandongsheng/138790667.html?s=sou_sou_soulb&t=0_0&req=49fa21f4a13df9e7f28418008970f854
河南,开封,尉氏县,河南,开封,尉氏县,high,exact-city-alias,24,job_140738,https://jobs.51job.com/kaifeng-wsx/170996118.html?s=sou_sou_soulb&t=0_0&req=ad4ff98a1e51fb2c8231896d3aedf339
四川,德阳,绵竹市,四川,德阳,绵竹市,high,exact-city-alias,24,job_074663,https://jobs.51job.com/deyang-mzs/171501985.html?s=sou_sou_soulb&t=0_0&req=6fc00a45e3d942ad2e6b12273b93cc2f
福建,泉州,安溪县,福建,泉州,安溪县,high,exact-city-alias,24,job_058003,https://jobs.51job.com/quanzhou-axx/171314098.html?s=sou_sou_soulb&t=0_0&req=e105da89f1bf85a48369bef12a1576da
山东,济宁,汶上县,山东,济宁,汶上县,high,exact-city-alias,24,job_046237,https://jobs.51job.com/jining-wsx/170333086.html?s=sou_sou_soulb&t=0_0&req=95941a3d7073f91a74b2bf871fd03085
山东,淄博,高青县,山东,淄博,高青县,high,exact-city-alias,24,job_119049,https://jobs.51job.com/zibo-gqx/169826098.html?s=sou_sou_soulb&t=0_0&req=92b0e71f229e53450bb79527f8a63ce3
安徽,淮北,濉溪县,安徽,淮北,濉溪县,high,exact-city-alias,24,job_106841,https://jobs.51job.com/huaibei-sxx/170685432.html?s=sou_sou_soulb&t=0_0&req=a3b312044443cedcecee1896ff54999b
云南,玉溪,江川区,云南,玉溪,江川区,high,exact-city-alias,24,job_023794,https://jobs.51job.com/yuxi-jcq/170622510.html?s=sou_sou_soulb&t=0_0&req=18e32e1667b3edab71a07d014b647942
湖南,衡阳,耒阳市,湖南,衡阳,耒阳市,high,exact-city-alias,24,job_023459,https://jobs.51job.com/hengyang-lys/170438897.html?s=sou_sou_soulb&t=0_0&req=033b2ba7ac2eaaf6c1c2bf40a999fcff
青海,西宁,城东区,青海,西宁,城东区,high,exact-city-alias,24,job_054719,https://jobs.51job.com/xining-cdq/170960148.html?s=sou_sou_soulb&t=0_0&req=e53853fd3bc5f0442d125ba754cece22
青海,西宁,湟中区,青海,西宁,湟中区,high,exact-city-alias,24,job_104704,https://jobs.51job.com/xining-hzq/170033912.html?s=sou_sou_soulb&t=0_0&req=7baec7c3260a1a01d4f9f2d66cbe4d4f
山西,运城,闻喜县,山西,运城,闻喜县,high,exact-city-alias,24,job_023583,https://jobs.51job.com/yuncheng-wxx/170334666.html?s=sou_sou_soulb&t=0_0&req=a0105b023a82520081154402b69313b7
河北,雄安新区,容城县,河北,雄安新区,容城县,high,51job-area-alias,24,job_006995,https://jobs.51job.com/xionganxinqu-rcx/171668690.html?s=sou_sou_soulb&t=0_0&req=90054f74abfc5b504146f32061ab66f5
四川,雅安,雨城区,四川,雅安,雨城区,high,exact-city-alias,24,job_043420,https://jobs.51job.com/yaan-ycq/171291299.html?s=sou_sou_soulb&t=0_0&req=fb47cee8d4497216e52dc323a6e3f029
黑龙江,黑河,,黑龙江,黑河,,high,exact-city-alias,24,job_168361,https://jobs.51job.com/heihe/169373124.html?s=sou_sou_soulb&t=0_0&req=bdbe5800d722474e9173e152dbd140dc
河南,信阳,潢川县,河南,信阳,潢川县,high,exact-city-alias,23,job_103288,https://jobs.51job.com/xinyang-hcx/170220613.html?s=sou_sou_soulb&t=0_0&req=9cab892101686c09f138cc8ac9b0d641
广西,北海,银海区,广西,北海,银海区,high,exact-city-alias,23,job_006710,https://jobs.51job.com/beihai-yhq/171343567.html?s=sou_sou_soulb&t=0_0&req=bc8e1b2747700688a25d4e87885bfb36
,台州,,浙江,台州,,high,exact-city-alias,23,job_041851,https://jobs.51job.com/all/168832386.html?s=sou_sou_soulb&t=0_0&req=7115b3cdae868c9664943bef1091d308
河南,商丘,睢阳区,河南,商丘,睢阳区,high,exact-city-alias,23,job_048627,https://jobs.51job.com/shangqiu-hyq/171004724.html?s=sou_sou_soulb&t=0_0&req=d03891e120ddfa0599990375490f6a08
广西,崇左,凭祥市,广西,崇左,凭祥市,high,exact-city-alias,23,job_091795,https://jobs.51job.com/chongzuo-pxs/168192515.html?s=sou_sou_soulb&t=0_0&req=b27a8e5e0f9f07dd3c4d72361be121cf
河北,廊坊,香河县,河北,廊坊,香河县,high,exact-city-alias,23,job_149038,https://jobs.51job.com/langfang-xhx/170531300.html?s=sou_sou_soulb&t=0_0&req=47123c3ba020aff9eae97ee8a7b358e3
辽宁,抚顺,望花区,辽宁,抚顺,望花区,high,exact-city-alias,23,job_187802,https://jobs.51job.com/fushun-whq/171280952.html?s=sou_sou_soulb&t=0_0&req=3f4730395b48c8eecd5a23954e356f38
云南,昆明,石林彝族自治县,云南,昆明,石林彝族自治县,high,exact-city-alias,23,job_053490,https://jobs.51job.com/kunming-slyz/170646991.html?s=sou_sou_soulb&t=0_0&req=b22b4b57ec1d27d1e8bcfa3de9c37bcf
福建,漳州,诏安县,福建,漳州,诏安县,high,exact-city-alias,23,job_057999,https://jobs.51job.com/zhangzhou-zax/171314154.html?s=sou_sou_soulb&t=0_0&req=e105da89f1bf85a48369bef12a1576da
福建,漳州,云霄县,福建,漳州,云霄县,high,exact-city-alias,23,job_091685,https://jobs.51job.com/zhangzhou-yxx/171519457.html?s=sou_sou_soulb&t=0_0&req=62676061d0795065b19fd3f07d6dd805
山东,烟台,招远市,山东,烟台,招远市,high,exact-city-alias,23,job_131937,https://jobs.51job.com/yantai-zys/171299898.html?s=sou_sou_soulb&t=0_0&req=5a8bd17c424116d841e8185bcf35ba5f
甘肃,甘南,,甘肃,甘南,,high,51job-area-alias,23,job_120088,https://jobs.51job.com/gannan/170847490.html?s=sou_sou_soulb&t=0_0&req=49d46d7e8f04d5a0715b788d1a53ca2d
湖北,神农架,,湖北,神农架,,high,51job-area-alias,23,job_081471,https://jobs.51job.com/shennongjia/170496469.html?s=sou_sou_soulb&t=0_0&req=36578030ec88c34d1687583335798c3f
广东,肇庆,怀集县,广东,肇庆,怀集县,high,exact-city-alias,23,job_056180,https://jobs.51job.com/zhaoqing-hjx/169582479.html?s=sou_sou_soulb&t=0_0&req=a452958ca2dd53de83f672cd5dc998be
广东,茂名,信宜市,广东,茂名,信宜市,high,exact-city-alias,23,job_030729,https://jobs.51job.com/maoming-xys/171370247.html?s=sou_sou_soulb&t=0_0&req=c06f80ee3e10fa708f6ba0fdd19f093d
湖北,荆州,石首市,湖北,荆州,石首市,high,exact-city-alias,23,job_103803,https://jobs.51job.com/jingzhou-sss/171051279.html?s=sou_sou_soulb&t=0_0&req=b1946e9ab2e2ae28f8a04aa2daa4edb7
云南,西双版纳,勐腊县,云南,西双版纳,勐腊县,high,51job-area-alias,23,job_062922,https://jobs.51job.com/xishuangbanna-mlx/171480089.html?s=sou_sou_soulb&t=0_0&req=af650d35f2714a3a8614f78cc991ac18
重庆,重庆,梁平区,重庆,重庆,梁平区,high,exact-city-alias,23,job_036139,https://jobs.51job.com/chongqing-lpq/166788183.html?s=sou_sou_soulb&t=0_0&req=93d055840d58455ec59d99d72ec24ad8
贵州,铜仁,玉屏侗族自治县,贵州,铜仁,玉屏侗族自治县,high,exact-city-alias,23,job_133866,https://jobs.51job.com/tongren-ypdzzzx/170485514.html?s=sou_sou_soulb&t=0_0&req=15f741622d0a02e78469233e990f1dfc
安徽,六安,裕安区,安徽,六安,裕安区,high,exact-city-alias,22,job_203006,https://jobs.51job.com/liuan-yaq/167001485.html?s=sou_sou_soulb&t=0_0&req=676dd6aaff73aaeaf36da418c974df9e
贵州,六盘水,盘州市,贵州,六盘水,盘州市,high,exact-city-alias,22,job_061165,https://jobs.51job.com/liupanshui-pzs/170856442.html?s=sou_sou_soulb&t=0_0&req=fd3d72ddb08d3e857cec9014a3f67a1b
江西,吉安,万安县,江西,吉安,万安县,high,exact-city-alias,22,job_058175,https://jobs.51job.com/jian-wax/169367482.html?s=sou_sou_soulb&t=0_0&req=103f731e965798b0936608165f6eef14
新疆,吐鲁番,高昌区,新疆,吐鲁番,高昌区,high,exact-city-alias,22,job_141920,https://jobs.51job.com/tulufan-gcq/171414563.html?s=sou_sou_soulb&t=0_0&req=2d36964d2734cce4fa8e9172760b0117
内蒙古,呼和浩特,和林格尔县,内蒙古,呼和浩特,和林格尔县,high,exact-city-alias,22,job_188036,https://jobs.51job.com/huhhot-hlgex/166984572.html?s=sou_sou_soulb&t=0_0&req=923d4120d9ef496b268ac30445197365
宁夏,宁夏,,宁夏,宁夏,,low,fallback-city-source,22,job_008175,https://jobs.51job.com/ningxia/138790662.html?s=sou_sou_soulb&t=0_0&req=692c2530c6a097f49715d20865c10377
河南,安阳,林州市,河南,安阳,林州市,high,exact-city-alias,22,job_048853,https://jobs.51job.com/anyang-lzs/168452552.html?s=sou_sou_soulb&t=0_0&req=24e4e0a70cb92c067a1144af636b8ee1
广东,广东省,,广东,,,low,province-only-city-source,22,job_061853,https://jobs.51job.com/guangdongsheng/146290711.html?s=sou_sou_soulb&t=0_0&req=38c53ed52d7e0910168ca8b1fcd0bac9
云南,怒江,,云南,怒江,,high,51job-area-alias,22,job_104430,https://jobs.51job.com/nujiang/170558561.html?s=sou_sou_soulb&t=0_0&req=80aae612a1e69535d88f015e98aea4d4
广东,梅州,兴宁市,广东,梅州,兴宁市,high,exact-city-alias,22,job_030768,https://jobs.51job.com/meizhou-xns/168262343.html?s=sou_sou_soulb&t=0_0&req=4f63177b0d991f50404a4984acfbd74b
河南,洛阳,高新区,河南,洛阳,高新区,high,exact-city-alias,22,job_048774,https://jobs.51job.com/luoyang-gxq/171179738.html?s=sou_sou_soulb&t=0_0&req=84499c0279ed4884fc95f017ca0a54bd
山东,淄博,临淄区,山东,淄博,临淄区,high,exact-city-alias,22,job_006651,https://jobs.51job.com/zibo-lzq/168026828.html?s=sou_sou_soulb&t=0_0&req=bb94db7a2ae598ad849dbddf1d839b6a
湖南,湘潭,韶山市,湖南,湘潭,韶山市,high,exact-city-alias,22,job_103991,https://jobs.51job.com/xiangtan-sss/170465533.html?s=sou_sou_soulb&t=0_0&req=3fb180c57a69ca9b93a2f246c4c2d577
湖南,湘潭,湘乡市,湖南,湘潭,湘乡市,high,exact-city-alias,22,job_130876,https://jobs.51job.com/xiangtan-xxs/166240128.html?s=sou_sou_soulb&t=0_0&req=f07c83bdccd6e39557e4639c68ef57d9
山东,潍坊,安丘市,山东,潍坊,安丘市,high,exact-city-alias,22,job_191413,https://jobs.51job.com/weifang-aqs/159738946.html?s=sou_sou_soulb&t=0_0&req=eaf842be68f4af679cbc833579f36b21
福建,莆田,涵江区,福建,莆田,涵江区,high,exact-city-alias,22,job_058014,https://jobs.51job.com/putian-hjq/168085665.html?s=sou_sou_soulb&t=0_0&req=e105da89f1bf85a48369bef12a1576da
河北,衡水,桃城区,河北,衡水,桃城区,high,exact-city-alias,22,job_048184,https://jobs.51job.com/hengshui-tcq/171044766.html?s=sou_sou_soulb&t=0_0&req=1007f0f8b8227bf92b1167d206f27c14
青海,西宁,城北区,青海,西宁,城北区,high,exact-city-alias,22,job_013899,https://jobs.51job.com/xining-cbq/163939166.html?s=sou_sou_soulb&t=0_0&req=fead13b5c5d9d431486a18f111433707
江西,赣州,瑞金市,江西,赣州,瑞金市,high,exact-city-alias,22,job_022710,https://jobs.51job.com/ganzhou-rjs/170286948.html?s=sou_sou_soulb&t=0_0&req=20b2a50a487829755fc0b28fab0800ef
江西,赣州,定南县,江西,赣州,定南县,high,exact-city-alias,22,job_080650,https://jobs.51job.com/ganzhou-dnx/170622235.html?s=sou_sou_soulb&t=0_0&req=a396d3e19dfef909f9004abbe05596bc
河北,邢台,襄都区,河北,邢台,襄都区,high,exact-city-alias,22,job_164866,https://jobs.51job.com/xingtai-xdq/170447909.html?s=sou_sou_soulb&t=0_0&req=46ce463d04e7bab92b543f9ab99aafe6
重庆,重庆,秀山县,重庆,重庆,秀山县,high,exact-city-alias,22,job_136619,https://jobs.51job.com/chongqing-xsx/171591675.html?s=sou_sou_soulb&t=0_0&req=c0e29745c5416cc88f143698a7a117da
广东,韶关,乐昌市,广东,韶关,乐昌市,high,exact-city-alias,22,job_002600,https://jobs.51job.com/shaoguan-lcs/170257505.html?s=sou_sou_soulb&t=0_0&req=d9e97191c12185984ff763e34333f15c
福建,三明,三元区,福建,三明,三元区,high,exact-city-alias,21,job_045073,https://jobs.51job.com/sanming-syq/171553564.html?s=sou_sou_soulb&t=0_0&req=e3a165d7afa1f42b6d9f331a4ca0b727
山西,临汾,尧都区,山西,临汾,尧都区,high,exact-city-alias,21,job_062843,https://jobs.51job.com/linfen-ydq/171563073.html?s=sou_sou_soulb&t=0_0&req=8565e8a4a562e9acc5c1f608e02747b2
湖北,咸宁,通城县,湖北,咸宁,通城县,high,exact-city-alias,21,job_023261,https://jobs.51job.com/xianning-tcx/171413610.html?s=sou_sou_soulb&t=0_0&req=0d637f5f3a5456cb9cade1c404cd26fe
黑龙江,哈尔滨,呼兰区,黑龙江,哈尔滨,呼兰区,high,exact-city-alias,21,job_062854,https://jobs.51job.com/hadongbin-hlq/166896287.html?s=sou_sou_soulb&t=0_0&req=968fefaa3c5dab57963b7a35fbe3a87b
湖北,孝感,大悟县,湖北,孝感,大悟县,high,exact-city-alias,21,job_023139,https://jobs.51job.com/xiaogan-dwx/170973660.html?s=sou_sou_soulb&t=0_0&req=f3a6026d9caf0de24af00901bcf42b8d
河南,新乡,红旗区,河南,新乡,红旗区,high,exact-city-alias,21,job_010503,https://jobs.51job.com/xinxiang-hqq/171354530.html?s=sou_sou_soulb&t=0_0&req=581b5c5aac5f83cdf1c53a7a03239b66
云南,昭通,昭阳区,云南,昭通,昭阳区,high,exact-city-alias,21,job_053204,https://jobs.51job.com/zhaotong-zyq/169436503.html?s=sou_sou_soulb&t=0_0&req=4d0407a5de8cc7654bed4511bb7ef3da
云南,曲靖,富源县,云南,曲靖,富源县,high,exact-city-alias,21,job_120020,https://jobs.51job.com/qujing-fyx/167340936.html?s=sou_sou_soulb&t=0_0&req=10a201b5f5a93cc4fba75921f3c62b20
山东,潍坊,潍城区,山东,潍坊,潍城区,high,exact-city-alias,21,job_045866,https://jobs.51job.com/weifang-wcq/171360414.html?s=sou_sou_soulb&t=0_0&req=92c3700331a2887ed8889cbe280cc501
,绍兴,,浙江,绍兴,,high,exact-city-alias,21,job_041422,https://jobs.51job.com/all/171584599.html?s=sou_sou_soulb&t=0_0&req=fe62f71692414ab53750a88fff838dbd
河南,驻马店,驿城区,河南,驻马店,驿城区,high,exact-city-alias,21,job_058589,https://jobs.51job.com/zhumadian-ycq/162775480.html?s=sou_sou_soulb&t=0_0&req=746958319b18a765d7d91ae16260f459
江西,上饶,信州区,江西,上饶,信州区,high,exact-city-alias,20,job_046409,https://jobs.51job.com/shangrao-xzq/170865100.html?s=sou_sou_soulb&t=0_0&req=cd01e395680f80cc558ed5733be9786b
宁夏,中卫,沙坡头区,宁夏,中卫,沙坡头区,high,exact-city-alias,20,job_112890,https://jobs.51job.com/zhongwei-sptq/170904443.html?s=sou_sou_soulb&t=0_0&req=1a958c59e87aedd2aff6b41a561e8b85
广西,南宁,横州市,广西,南宁,横州市,high,exact-city-alias,20,job_102953,https://jobs.51job.com/nanning-hzs/171594286.html?s=sou_sou_soulb&t=0_0&req=f80dc2fe1cf57a2f4c7e9b3f77fd8d1b
吉林,四平,铁西区,吉林,四平,铁西区,high,exact-city-alias,20,job_053006,https://jobs.51job.com/siping-txq/170258015.html?s=sou_sou_soulb&t=0_0&req=20b7114ae6a07a62215643df20ba601a
天津,天津,蓟州区,天津,天津,蓟州区,high,exact-city-alias,20,job_035874,https://jobs.51job.com/tianjin-jzq/49468133.html?s=sou_sou_soulb&t=0_0&req=f94479586f0ee69bce0b713cdcbbfd2a
江西,景德镇,珠山区,江西,景德镇,珠山区,high,exact-city-alias,20,job_046702,https://jobs.51job.com/jingdezhen-zsq/170198093.html?s=sou_sou_soulb&t=0_0&req=664ade9207c798dc42213f7443a52330
云南,曲靖,沾益区,云南,曲靖,沾益区,high,exact-city-alias,20,job_092385,https://jobs.51job.com/qujing-zyq/170669792.html?s=sou_sou_soulb&t=0_0&req=6c5dc21c1d454be87cf7d2c05a8032a6
云南,曲靖,马龙区,云南,曲靖,马龙区,high,exact-city-alias,20,job_106111,https://jobs.51job.com/qujing-mlq/168718701.html?s=sou_sou_soulb&t=0_0&req=cd2a6e2192fe7da9a93404f6122aa04e
云南,曲靖,陆良县,云南,曲靖,陆良县,high,exact-city-alias,20,job_217275,https://jobs.51job.com/qujing-llx/170950387.html?s=sou_sou_soulb&t=0_0&req=deb151548e851778128acd90000b01a6
广西,柳州,柳江区,广西,柳州,柳江区,high,exact-city-alias,20,job_058252,https://jobs.51job.com/liuzhou-ljq/169880862.html?s=sou_sou_soulb&t=0_0&req=8fbcacddebc75016d06b562cb983d1ef
湖南,株洲,渌口区,湖南,株洲,渌口区,high,exact-city-alias,20,job_130891,https://jobs.51job.com/zhuzhou-lkq/170381508.html?s=sou_sou_soulb&t=0_0&req=26a3888b3a74ec7e619e7ec9ace05ee3
辽宁,沈阳,辽中区,辽宁,沈阳,辽中区,high,exact-city-alias,20,job_052859,https://jobs.51job.com/shenyang-lzq/126789955.html?s=sou_sou_soulb&t=0_0&req=1ef4a476bef9672bc061911eb710c4bf
河北,沧州,沧县,河北,沧州,沧县,high,exact-city-alias,20,job_140709,https://jobs.51job.com/cangzhou-cx/169968800.html?s=sou_sou_soulb&t=0_0&req=5709024acc8abcfaa5597837fb89e084
湖南,益阳,资阳区,湖南,益阳,资阳区,high,exact-city-alias,20,job_249826,https://jobs.51job.com/yiyang-zyq/171456562.html?s=sou_sou_soulb&t=0_0&req=a28c2ee23f88a617f11d25033e31a75d
河北,石家庄,辛集市,河北,石家庄,辛集市,high,exact-city-alias,20,job_015690,https://jobs.51job.com/shijiazhuang-xjs/171342697.html?s=sou_sou_soulb&t=0_0&req=26c4d7a18352a0742d3f762295bea4d3
湖南,衡阳,石鼓区,湖南,衡阳,石鼓区,high,exact-city-alias,20,job_104065,https://jobs.51job.com/hengyang-sgq/171468261.html?s=sou_sou_soulb&t=0_0&req=b37776ea7374b6fee41bac2dbdba4cce
广西,贺州,八步区,广西,贺州,八步区,high,exact-city-alias,20,job_047132,https://jobs.51job.com/hezhou-bbq/171299284.html?s=sou_sou_soulb&t=0_0&req=d0e66c429e9a0d0beeddd16135f60166
江西,赣州,会昌县,江西,赣州,会昌县,high,exact-city-alias,20,job_094273,https://jobs.51job.com/ganzhou-hcx/171546654.html?s=sou_sou_soulb&t=0_0&req=93a71659fb5986108c847f11b9aec397
,青海省,,青海,,,low,province-only-city-source,20,job_023883,https://jobs.51job.com/all/166085066.html?s=sou_sou_soulb&t=0_0&req=8018d21180524c087c634063e40992d8
湖北,黄冈,英山县,湖北,黄冈,英山县,high,exact-city-alias,20,job_049276,https://jobs.51job.com/huanggang-ysx/169604231.html?s=sou_sou_soulb&t=0_0&req=5e58c552b50a1f9126e00f194762b6af
安徽,黄山,黄山区,安徽,黄山,黄山区,high,exact-city-alias,20,job_094344,https://jobs.51job.com/huangshan-hsq/171324677.html?s=sou_sou_soulb&t=0_0&req=14a3994a2c8f72d9c20147fd38938bb5
福建,龙岩,永定区,福建,龙岩,永定区,high,exact-city-alias,20,job_022487,https://jobs.51job.com/longyan-ydq/171536158.html?s=sou_sou_soulb&t=0_0&req=406c3fe55d0245a5a84ae384808f753e
黑龙江,七台河,,黑龙江,七台河,,high,exact-city-alias,19,job_299077,https://jobs.51job.com/qitaihe/171381039.html?s=sou_sou_soulb&t=0_0&req=a66ca913636b66f39cde3c0ab73c88c1
山东,临沂,郯城县,山东,临沂,郯城县,high,exact-city-alias,19,job_139938,https://jobs.51job.com/linyi-tcx/167533884.html?s=sou_sou_soulb&t=0_0&req=f9ff1260750721a345ce443b040b38da
浙江,丽水,遂昌县,浙江,丽水,遂昌县,high,exact-city-alias,19,job_005636,https://jobs.51job.com/lishui-scx/171627267.html?s=sou_sou_soulb&t=0_0&req=0bcd7ecbb8c10cd966c70e7739685bd9
四川,乐山,马边彝族自治县,四川,乐山,马边彝族自治县,high,exact-city-alias,19,job_133409,https://jobs.51job.com/leshan-mbyzzzx/170496518.html?s=sou_sou_soulb&t=0_0&req=88df3ac5a487f494b917f777f44e8ee2
安徽,亳州,利辛县,安徽,亳州,利辛县,high,exact-city-alias,19,job_022823,https://jobs.51job.com/bozhou-lxx/171495446.html?s=sou_sou_soulb&t=0_0&req=c3cabe45db7a25e702956f308a59828b
新疆,伊犁,伊宁市,新疆,伊犁,伊宁市,high,51job-area-alias,19,job_217645,https://jobs.51job.com/yili-yns/171059278.html?s=sou_sou_soulb&t=0_0&req=70976d736077d522c1ca383ead4889f6
四川,内江,威远县,四川,内江,威远县,high,exact-city-alias,19,job_072347,https://jobs.51job.com/neijiang-wyx/171257149.html?s=sou_sou_soulb&t=0_0&req=1114c595df4b05159943ce5cb643ff17
陕西,咸阳,武功县,陕西,咸阳,武功县,high,exact-city-alias,19,job_065535,https://jobs.51job.com/xianyang-wgx/171462435.html?s=sou_sou_soulb&t=0_0&req=369c14e0d81f3e23a96c149cea121840
安徽,安庆,宜秀区,安徽,安庆,宜秀区,high,exact-city-alias,19,job_047456,https://jobs.51job.com/anqing-yxq/170197213.html?s=sou_sou_soulb&t=0_0&req=769d776ee73417918cfc1f925be13215
山西,山西省,,山西,,,low,province-only-city-source,19,job_007919,https://jobs.51job.com/shanxisheng/138790668.html?s=sou_sou_soulb&t=0_0&req=9261977793182cff61e4e464f603f9a9
河南,平顶山,湛河区,河南,平顶山,湛河区,high,exact-city-alias,19,job_048648,https://jobs.51job.com/pingdingshan-zhq/171621137.html?s=sou_sou_soulb&t=0_0&req=acc9c2a453a1d19b765c789db194c82a
江西,抚州,南城县,江西,抚州,南城县,high,exact-city-alias,19,job_094289,https://jobs.51job.com/fuzhou-ncx/167086147.html?s=sou_sou_soulb&t=0_0&req=93a71659fb5986108c847f11b9aec397
四川,攀枝花,米易县,四川,攀枝花,米易县,high,exact-city-alias,19,job_043325,https://jobs.51job.com/panzhihua-myx/170338267.html?s=sou_sou_soulb&t=0_0&req=7cef7118ffc09dca164030481a90f69c
云南,文山,马关县,云南,文山,马关县,high,51job-area-alias,19,job_104468,https://jobs.51job.com/wenshan-mgx/169773166.html?s=sou_sou_soulb&t=0_0&req=35f76f3530e8f202b5d7858c8ff66ecb
新疆,新疆,,新疆,新疆,,low,fallback-city-source,19,job_008178,https://jobs.51job.com/xinjiang/138790676.html?s=sou_sou_soulb&t=0_0&req=c9f55dde2be2b5e15199f501c8cbcb6c
广东,梅州,大埔县,广东,梅州,大埔县,high,exact-city-alias,19,job_015236,https://jobs.51job.com/meizhou-dpx/170583756.html?s=sou_sou_soulb&t=0_0&req=4cd09d1c5c621a433afd4471780432e0
,江门,,广东,江门,,high,exact-city-alias,19,job_030447,https://jobs.51job.com/all/169989078.html?s=sou_sou_soulb&t=0_0&req=ae4d434df3d50cf73c1d5600654bb844
海南,洋浦经济开发区,,海南,洋浦经济开发区,,high,51job-area-alias,19,job_010238,https://jobs.51job.com/yangpujingji/171623693.html?s=sou_sou_soulb&t=0_0&req=32b067dc0eac21a5ae1669e24aa67b3b
山东,淄博,博山区,山东,淄博,博山区,high,exact-city-alias,19,job_091730,https://jobs.51job.com/zibo-bsq/152035863.html?s=sou_sou_soulb&t=0_0&req=b0a7dc31eddcc13a9e8f1f7d522329ea
福建,漳州,漳浦县,福建,漳州,漳浦县,high,exact-city-alias,19,job_285872,https://jobs.51job.com/zhangzhou-zpx/170471443.html?s=sou_sou_soulb&t=0_0&req=dd9fad7a0cc4301d0de4220b752835fd
河北,石家庄,元氏县,河北,石家庄,元氏县,high,exact-city-alias,19,job_048214,https://jobs.51job.com/shijiazhuang-ysx/169421936.html?s=sou_sou_soulb&t=0_0&req=1007f0f8b8227bf92b1167d206f27c14
云南,西双版纳,勐海县,云南,西双版纳,勐海县,high,51job-area-alias,19,job_084273,https://jobs.51job.com/xishuangbanna-mhx/170144238.html?s=sou_sou_soulb&t=0_0&req=bd96d063d26ea1840cdaeeedf749205c
贵州,遵义,播州区,贵州,遵义,播州区,high,exact-city-alias,19,job_023814,https://jobs.51job.com/zunyi-bzq/169702569.html?s=sou_sou_soulb&t=0_0&req=64203f4429ac76705893481cbbbaef25
湖南,郴州,临武县,湖南,郴州,临武县,high,exact-city-alias,19,job_187170,https://jobs.51job.com/chenzhou-lwx/170905987.html?s=sou_sou_soulb&t=0_0&req=1fb02ef4375f8cde2b6cd3d2fbc56023
甘肃,酒泉,肃州区,甘肃,酒泉,肃州区,high,exact-city-alias,19,job_250401,https://jobs.51job.com/jiuquan-szq/168988374.html?s=sou_sou_soulb&t=0_0&req=409feda6d7de37bab8e20bb58351e7b7
重庆,重庆,酉阳县,重庆,重庆,酉阳县,high,exact-city-alias,19,job_036430,https://jobs.51job.com/chongqing-yyx/162434102.html?s=sou_sou_soulb&t=0_0&req=239deae3f65e56d2a57147fdc2e21a0a
吉林,长春,公主岭市,吉林,长春,公主岭市,high,exact-city-alias,19,job_053086,https://jobs.51job.com/changchun-gzls/167721346.html?s=sou_sou_soulb&t=0_0&req=b720d81b8a9313b87a031f257351dfc2
安徽,黄山,徽州区,安徽,黄山,徽州区,high,exact-city-alias,19,job_047449,https://jobs.51job.com/huangshan-hzq/169820798.html?s=sou_sou_soulb&t=0_0&req=769d776ee73417918cfc1f925be13215
贵州,黔东南,凯里市,贵州,黔东南,凯里市,high,51job-area-alias,19,job_053853,https://jobs.51job.com/qiandongnan-kls/170451439.html?s=sou_sou_soulb&t=0_0&req=993f0b1beb3bc6c9416252b6fce7b50f
贵州,黔西南,兴义市,贵州,黔西南,兴义市,high,51job-area-alias,19,job_053870,https://jobs.51job.com/qianxinan-xys/168521575.html?s=sou_sou_soulb&t=0_0&req=993f0b1beb3bc6c9416252b6fce7b50f
江西,上饶,婺源县,江西,上饶,婺源县,high,exact-city-alias,18,job_074821,https://jobs.51job.com/shangrao-wyx/170361913.html?s=sou_sou_soulb&t=0_0&req=120997367e7c932227c35b7f648da1ff
福建,南平,延平区,福建,南平,延平区,high,exact-city-alias,18,job_045077,https://jobs.51job.com/nanping-ypq/171553545.html?s=sou_sou_soulb&t=0_0&req=b09b79ad848695f6a13084492e6fde66
江西,吉安,安福县,江西,吉安,安福县,high,exact-city-alias,18,job_109153,https://jobs.51job.com/jian-afx/170258891.html?s=sou_sou_soulb&t=0_0&req=2e733f8fe547c1b9405c3507c12430f9
新疆,和田,,新疆,和田,,high,exact-city-alias,18,job_054535,https://jobs.51job.com/hetian/170635092.html?s=sou_sou_soulb&t=0_0&req=3029db153a81a3d4d2a439e13e3995fe
云南,大理,弥渡县,云南,大理,弥渡县,high,51job-area-alias,18,job_082088,https://jobs.51job.com/dali-mdx/167075372.html?s=sou_sou_soulb&t=0_0&req=86759aad498fc84ba4f33b4cc3bcb897
四川,巴中,平昌县,四川,巴中,平昌县,high,exact-city-alias,18,job_043428,https://jobs.51job.com/bazhong-pcx/170968425.html?s=sou_sou_soulb&t=0_0&req=d667894e7d8be3c9abd6e4d7fa137179
河南,平顶山,卫东区,河南,平顶山,卫东区,high,exact-city-alias,18,job_048928,https://jobs.51job.com/pingdingshan-wdq/168973957.html?s=sou_sou_soulb&t=0_0&req=f2ae46da9255234e509adb6d9b207707
河南,平顶山,叶县,河南,平顶山,叶县,high,exact-city-alias,18,job_065349,https://jobs.51job.com/pingdingshan-yx/170524372.html?s=sou_sou_soulb&t=0_0&req=1145fbb48101364debf4b25e88375c79
甘肃,庆阳,西峰区,甘肃,庆阳,西峰区,high,exact-city-alias,18,job_389975,https://jobs.51job.com/qingyang-xfq/167682806.html?s=sou_sou_soulb&t=0_1&req=2ff146bbcc9280842622651ca2922911
江苏,徐州,丰县,江苏,徐州,丰县,high,exact-city-alias,18,job_091182,https://jobs.51job.com/xuzhou-fx/170442096.html?s=sou_sou_soulb&t=0_0&req=50b9fe83638c8ab8b5ab44c4bc4c04ee
四川,德阳,什邡市,四川,德阳,什邡市,high,exact-city-alias,18,job_043258,https://jobs.51job.com/deyang-sfs/169741197.html?s=sou_sou_soulb&t=0_0&req=80acf52de185439f9eff653d9984a522
湖北,恩施,恩施市,湖北,恩施,恩施市,high,51job-area-alias,18,job_007161,https://jobs.51job.com/enshi-ess/169797281.html?s=sou_sou_soulb&t=0_0&req=6b0892166965cee51d9887a5cdd87b5a
,成都,,四川,成都,,high,exact-city-alias,18,job_517503,https://jobs.51job.com/all/169091324.html?s=sou_sou_soulb&t=0_0&req=a8f4f8c41175a95f7c8d7f96042656d2
山东,日照,莒县,山东,日照,莒县,high,exact-city-alias,18,job_164125,https://jobs.51job.com/rizhao-jx/170415118.html?s=sou_sou_soulb&t=0_0&req=8c83d9da5ff2b77dca7082344d8477ba
湖南,永州,道县,湖南,永州,道县,high,exact-city-alias,18,job_059106,https://jobs.51job.com/yongzhou-dx/171026033.html?s=sou_sou_soulb&t=0_0&req=e39bfe7fb2657f363f6b5e406bd7b4c3
福建,泉州,泉港区,福建,泉州,泉港区,high,exact-city-alias,18,job_102638,https://jobs.51job.com/quanzhou-qgq/170956557.html?s=sou_sou_soulb&t=0_0&req=51aa6f187e9a8328a35ecc5f42c87189
山东,济宁,兖州区,山东,济宁,兖州区,high,exact-city-alias,18,job_006616,https://jobs.51job.com/jining-yzq/169897008.html?s=sou_sou_soulb&t=0_0&req=ec3d23181e884f6e354727f6abc0ef9d
浙江,浙江省,,浙江,,,low,province-only-city-source,18,job_005628,https://jobs.51job.com/zhejiangsheng/138790680.html?s=sou_sou_soulb&t=0_0&req=0bcd7ecbb8c10cd966c70e7739685bd9
山东,烟台,莱阳市,山东,烟台,莱阳市,high,exact-city-alias,18,job_108144,https://jobs.51job.com/yantai-lys/170777537.html?s=sou_sou_soulb&t=0_0&req=f6bceda91d0c674f1fda0195a8e14dc8
湖南,益阳,沅江市,湖南,益阳,沅江市,high,exact-city-alias,18,job_187237,https://jobs.51job.com/yiyang-yjs/171333482.html?s=sou_sou_soulb&t=0_0&req=a0691e0d4a763a8c716813c7c30632b3
江苏,盐城,响水县,江苏,盐城,响水县,high,exact-city-alias,18,job_133098,https://jobs.51job.com/yancheng-xsx/169853051.html?s=sou_sou_soulb&t=0_0&req=4729eb2894d01bd02eefb4917388a2f6
黑龙江,绥化,明水县,黑龙江,绥化,明水县,high,exact-city-alias,18,job_073409,https://jobs.51job.com/suihua-msx/170088919.html?s=sou_sou_soulb&t=0_0&req=f88c836af1a86a62bc2427d81eccd3ba
四川,绵阳,三台县,四川,绵阳,三台县,high,exact-city-alias,18,job_062439,https://jobs.51job.com/mianyang-stx/171118345.html?s=sou_sou_soulb&t=0_0&req=2b24de2813732e549bc19b83af77ff6f
山东,聊城,茌平区,山东,聊城,茌平区,high,exact-city-alias,18,job_133487,https://jobs.51job.com/liaocheng-cpq/170694865.html?s=sou_sou_soulb&t=0_0&req=fac1667ede859c60437c4d24e82cc7e3
浙江,衢州,开化县,浙江,衢州,开化县,high,exact-city-alias,18,job_123382,https://jobs.51job.com/quzhou-khx/171375273.html?s=sou_sou_soulb&t=0_0&req=48574c1e9c72d7c57864078298675d27
江西,赣州,安远县,江西,赣州,安远县,high,exact-city-alias,18,job_065228,https://jobs.51job.com/ganzhou-ayx/170271601.html?s=sou_sou_soulb&t=0_0&req=8e02d53a535e905efb4db50054ff76f4
甘肃,酒泉,玉门市,甘肃,酒泉,玉门市,high,exact-city-alias,18,job_054119,https://jobs.51job.com/jiuquan-yms/170498042.html?s=sou_sou_soulb&t=0_0&req=f3ee2e5922f23ba1dc39509acf70362c
重庆,重庆,黔江区,重庆,重庆,黔江区,high,exact-city-alias,18,job_036471,https://jobs.51job.com/chongqing-qjq/156138966.html?s=sou_sou_soulb&t=0_0&req=b33e82f0e989535304e322c3120d3936
青海,青海省,,青海,,,low,province-only-city-source,18,job_008183,https://jobs.51job.com/qinghaisheng/138790664.html?s=sou_sou_soulb&t=0_0&req=4c01ac5b12da68eb0ddbb544cd2a44f0
湖北,黄石,铁山区,湖北,黄石,铁山区,high,exact-city-alias,18,job_007450,https://jobs.51job.com/huangshi-tsq/171066644.html?s=sou_sou_soulb&t=0_0&req=e12f8270ec4af4a54d6cbeec0de11d32
黑龙江,黑龙江省,,黑龙江,,,low,province-only-city-source,18,job_007930,https://jobs.51job.com/heilongjiangsheng/138790652.html?s=sou_sou_soulb&t=0_0&req=4f6c5cd0449bdc71eacb934c0f062029
福建,龙岩,上杭县,福建,龙岩,上杭县,high,exact-city-alias,18,job_084991,https://jobs.51job.com/longyan-shx/169744431.html?s=sou_sou_soulb&t=0_0&req=d11ad9604ff612ad952955b9ff4ab926
新疆,乌鲁木齐,米东区,新疆,乌鲁木齐,米东区,high,exact-city-alias,17,job_054451,https://jobs.51job.com/urumqi-mdq/171428220.html?s=sou_sou_soulb&t=0_0&req=1f437a66255ca8ba3e29cca419838667
江西,九江,庐山市,江西,九江,庐山市,high,exact-city-alias,17,job_046390,https://jobs.51job.com/jiujiang-lss/167521952.html?s=sou_sou_soulb&t=0_0&req=cd01e395680f80cc558ed5733be9786b
安徽,六安,霍山县,安徽,六安,霍山县,high,exact-city-alias,17,job_119284,https://jobs.51job.com/liuan-hsx/170376260.html?s=sou_sou_soulb&t=0_0&req=a347543c3ca668a54d44012ad8484b4d
吉林,吉林省,,吉林,,,low,province-only-city-source,17,job_008072,https://jobs.51job.com/jilinsheng/138790654.html?s=sou_sou_soulb&t=0_0&req=ca1041eb7ef2ad28ee6103576430ac36
新疆,塔城,乌苏市,新疆,塔城,乌苏市,high,exact-city-alias,17,job_008182,https://jobs.51job.com/tacheng-wss/167599475.html?s=sou_sou_soulb&t=0_0&req=c9f55dde2be2b5e15199f501c8cbcb6c
安徽,安庆,望江县,安徽,安庆,望江县,high,exact-city-alias,17,job_095432,https://jobs.51job.com/anqing-wjx/170830115.html?s=sou_sou_soulb&t=0_0&req=b42125229898f1d0e334a94b90d44079
河北,张家口,张北县,河北,张家口,张北县,high,exact-city-alias,17,job_058523,https://jobs.51job.com/zhangjiakou-zbx/169524566.html?s=sou_sou_soulb&t=0_0&req=efa1180f4c1dee61ee9248448f187c57
云南,昭通,镇雄县,云南,昭通,镇雄县,high,exact-city-alias,17,job_053305,https://jobs.51job.com/zhaotong-zxx/171490384.html?s=sou_sou_soulb&t=0_0&req=d0a46902aef1672d647825d3e97316ae
广东,汕尾,陆河县,广东,汕尾,陆河县,high,exact-city-alias,17,job_203762,https://jobs.51job.com/shanwei-lhx/171554134.html?s=sou_sou_soulb&t=0_0&req=7c927a2acfe404614a600e15cc356d30
山东,泰安,岱岳区,山东,泰安,岱岳区,high,exact-city-alias,17,job_102674,https://jobs.51job.com/taian-dyq/157280077.html?s=sou_sou_soulb&t=0_0&req=8b4d8be473af888f9d58172574cce53a
河北,石家庄,正定县,河北,石家庄,正定县,high,exact-city-alias,17,job_048146,https://jobs.51job.com/shijiazhuang-zdx/171574684.html?s=sou_sou_soulb&t=0_0&req=cbfa03c686a8609e4998a7f1e9b474d0
江苏,连云港,灌云县,江苏,连云港,灌云县,high,exact-city-alias,17,job_101260,https://jobs.51job.com/lianyungang-gyx/149036458.html?s=sou_sou_soulb&t=0_0&req=2f9bf59f41dbad2e3e9f51934b0dfe13
河南,郑州,上街区,河南,郑州,上街区,high,exact-city-alias,17,job_149214,https://jobs.51job.com/shangjiequ/171064226.html?s=sou_sou_soulb&t=0_0&req=6dd72165dce1f982c9e020facc39c13e
内蒙古,鄂尔多斯,鄂托克旗,内蒙古,鄂尔多斯,鄂托克旗,high,exact-city-alias,17,job_141892,https://jobs.51job.com/eerduosi-tkq/170797055.html?s=sou_sou_soulb&t=0_0&req=8f54652260cd2e2f50c26d52330f2e95
广西,钦州,灵山县,广西,钦州,灵山县,high,exact-city-alias,17,job_185008,https://jobs.51job.com/qinzhou-lsx/171532671.html?s=sou_sou_soulb&t=0_0&req=b4c13e826a56255a50baa874a00a84d6
广西,防城港,防城区,广西,防城港,防城区,high,exact-city-alias,17,job_140242,https://jobs.51job.com/fangchenggang-fcq/170394693.html?s=sou_sou_soulb&t=0_0&req=b540b9dead3806801a411f85ff3585e8
云南,临沧,临翔区,云南,临沧,临翔区,high,exact-city-alias,16,job_067051,https://jobs.51job.com/lincang-lxq/169862227.html?s=sou_sou_soulb&t=0_0&req=5cc0624564417c332f090f38932f6c49
安徽,亳州,涡阳县,安徽,亳州,涡阳县,high,exact-city-alias,16,job_185415,https://jobs.51job.com/bozhou-wyx/170865461.html?s=sou_sou_soulb&t=0_0&req=31768fec274c9fa0bee4a5265b84e539
甘肃,兰州,西固区,甘肃,兰州,西固区,high,exact-city-alias,16,job_054040,https://jobs.51job.com/lanzhou-xgq/145102859.html?s=sou_sou_soulb&t=0_0&req=3334686c44203ef1b47776580eeb8152
四川,内江,隆昌市,四川,内江,隆昌市,high,exact-city-alias,16,job_311463,https://jobs.51job.com/neijiang-lcs/171505096.html?s=sou_sou_soulb&t=0_0&req=29f9421f6db7a3c0b5969a32130d4f35
河南,周口,商水县,河南,周口,商水县,high,exact-city-alias,16,job_094386,https://jobs.51job.com/zhoukou-ssx/170919588.html?s=sou_sou_soulb&t=0_0&req=d0b56d63768f23c58f5439ebf44ec76a
内蒙古,呼和浩特,托克托县,内蒙古,呼和浩特,托克托县,high,exact-city-alias,16,job_188029,https://jobs.51job.com/huhhot-tktx/171620106.html?s=sou_sou_soulb&t=0_0&req=923d4120d9ef496b268ac30445197365
山东,威海,文登区,山东,威海,文登区,high,exact-city-alias,16,job_102658,https://jobs.51job.com/weihai-wdq/171664219.html?s=sou_sou_soulb&t=0_0&req=8b4d8be473af888f9d58172574cce53a
陕西,宝鸡,渭滨区,陕西,宝鸡,渭滨区,high,exact-city-alias,16,job_051934,https://jobs.51job.com/baoji-wbq/170994545.html?s=sou_sou_soulb&t=0_0&req=632dfdbfb0e63da65e66977a27830716
湖南,岳阳,汨罗市,湖南,岳阳,汨罗市,high,exact-city-alias,16,job_119687,https://jobs.51job.com/yueyang-mls/171554684.html?s=sou_sou_soulb&t=0_0&req=8d562f20c65b21efafa90fcfe3058431
河南,平顶山,新华区,河南,平顶山,新华区,high,exact-city-alias,16,job_072843,https://jobs.51job.com/pingdingshan-xhq/170946362.html?s=sou_sou_soulb&t=0_0&req=9e894c184fc331d0254111949ea660fa
河北,廊坊,霸州市,河北,廊坊,霸州市,high,exact-city-alias,16,job_236288,https://jobs.51job.com/langfang-bzs/169499828.html?s=sou_sou_soulb&t=0_0&req=f3bcfb2ab0d6e73c147b916387c416de
河南,新乡,卫滨区,河南,新乡,卫滨区,high,exact-city-alias,16,job_081030,https://jobs.51job.com/xinxiang-wbq/165175776.html?s=sou_sou_soulb&t=0_0&req=0eb1b0db56fd03ab05f98ec0ca18c12a
河南,新乡,原阳县,河南,新乡,原阳县,high,exact-city-alias,16,job_280854,https://jobs.51job.com/xinxiang-yyx/171676251.html?s=sou_sou_soulb&t=0_0&req=8407e08167353be8118e483943f4327f
广西,桂林,平乐县,广西,桂林,平乐县,high,exact-city-alias,16,job_148642,https://jobs.51job.com/guilin-plx/168510498.html?s=sou_sou_soulb&t=0_0&req=b27b62fed6b1d11ea076a04ff410907f
江苏,江苏省,,江苏,,,low,province-only-city-source,16,job_037318,https://jobs.51job.com/jiangsusheng/147591585.html?s=sou_sou_soulb&t=0_0&req=6e1908e39fc8ac232b8d566bfe76f025
河南,洛阳,瀍河回族区,河南,洛阳,瀍河回族区,high,exact-city-alias,16,job_048675,https://jobs.51job.com/luoyang-chhzq/171088912.html?s=sou_sou_soulb&t=0_0&req=acc9c2a453a1d19b765c789db194c82a
山东,滨州,邹平市,山东,滨州,邹平市,high,exact-city-alias,16,job_045448,https://jobs.51job.com/binzhou-zps/171645871.html?s=sou_sou_soulb&t=0_0&req=73563c9736e30c436448db9496e1792b
山东,潍坊,临朐县,山东,潍坊,临朐县,high,exact-city-alias,16,job_307782,https://jobs.51job.com/weifang-lqx/171468526.html?s=sou_sou_soulb&t=0_0&req=d8b0b9c56758460e01186c31941dde42
河南,濮阳,华龙区,河南,濮阳,华龙区,high,exact-city-alias,16,job_315956,https://jobs.51job.com/puyang-hlq/170650987.html?s=sou_sou_soulb&t=0_0&req=b6a072b937ab64831fecbe0ea8bea0b1
湖南,益阳,安化县,湖南,益阳,安化县,high,exact-city-alias,16,job_249838,https://jobs.51job.com/yiyang-ahx/164460459.html?s=sou_sou_soulb&t=0_0&req=a28c2ee23f88a617f11d25033e31a75d
四川,眉山,丹棱县,四川,眉山,丹棱县,high,exact-city-alias,16,job_139467,https://jobs.51job.com/meishan-dlx/171494007.html?s=sou_sou_soulb&t=0_0&req=4e34eda261fe96929d500f85ab8ba841
山东,菏泽,定陶区,山东,菏泽,定陶区,high,exact-city-alias,16,job_148226,https://jobs.51job.com/heze-dtq/171480896.html?s=sou_sou_soulb&t=0_0&req=616043c84d379a9b742d838abad1d887
贵州,贵州省,,贵州,,,low,province-only-city-source,16,job_008151,https://jobs.51job.com/guizhousheng/138790643.html?s=sou_sou_soulb&t=0_0&req=8fc364855997af9dfb24f4823506e3a2
四川,遂宁,射洪市,四川,遂宁,射洪市,high,exact-city-alias,16,job_083033,https://jobs.51job.com/suining-shs/171283769.html?s=sou_sou_soulb&t=0_0&req=701816b50838c7659fb10641124847da
河北,邯郸,邯山区,河北,邯郸,邯山区,high,exact-city-alias,16,job_015689,https://jobs.51job.com/handan-hsq/171597432.html?s=sou_sou_soulb&t=0_0&req=26c4d7a18352a0742d3f762295bea4d3
甘肃,酒泉,瓜州县,甘肃,酒泉,瓜州县,high,exact-city-alias,16,job_092419,https://jobs.51job.com/jiuquan-gzx/171491582.html?s=sou_sou_soulb&t=0_0&req=efbe381a672a9b881e6fb4f66ec02115
辽宁,鞍山,立山区,辽宁,鞍山,立山区,high,exact-city-alias,16,job_010852,https://jobs.51job.com/anshan-lsq/171630085.html?s=sou_sou_soulb&t=0_0&req=7d4d27b45af35588a0aef5a8606ad923
广东,韶关,新丰县,广东,韶关,新丰县,high,exact-city-alias,16,job_030415,https://jobs.51job.com/shaoguan-xfx/171537142.html?s=sou_sou_soulb&t=0_0&req=adbf9ded08de9d878c15938b2f454f92
河南,信阳,固始县,河南,信阳,固始县,high,exact-city-alias,15,job_058658,https://jobs.51job.com/xinyang-gsx/170394313.html?s=sou_sou_soulb&t=0_0&req=8bb79372b10f41f9f679120880029eb8
内蒙古,包头,九原区,内蒙古,包头,九原区,high,exact-city-alias,15,job_120091,https://jobs.51job.com/baotou-jyq/171659794.html?s=sou_sou_soulb&t=0_0&req=a59ed4e765ffbd014d818b67a390143c
新疆,图木舒克,,新疆,新疆生产建设兵团,图木舒克,medium,district-to-city,15,job_054578,https://jobs.51job.com/tumushuke/170095446.html?s=sou_sou_soulb&t=0_0&req=2b53131204aa661074418a3bdd032ed7
新疆,塔城,,新疆,塔城,,high,exact-city-alias,15,job_023863,https://jobs.51job.com/tacheng/160391197.html?s=sou_sou_soulb&t=0_0&req=eeb79134135ecd3387e01889ec189962
云南,大理,祥云县,云南,大理,祥云县,high,51job-area-alias,15,job_092341,https://jobs.51job.com/dali-xyx/170216888.html?s=sou_sou_soulb&t=0_0&req=1538a0e9482b10a61fba725f6bbb0e4f
甘肃,定西,安定区,甘肃,定西,安定区,high,exact-city-alias,15,job_150677,https://jobs.51job.com/dingxi-adq/170324445.html?s=sou_sou_soulb&t=0_0&req=8d59679d05328be0348e8028414a72bb
湖南,岳阳,华容县,湖南,岳阳,华容县,high,exact-city-alias,15,job_050938,https://jobs.51job.com/yueyang-hrx/171059238.html?s=sou_sou_soulb&t=0_0&req=7332ea6a5dfa968469c42c86d6e45ece
湖南,常德,津市市,湖南,常德,津市市,high,exact-city-alias,15,job_187160,https://jobs.51job.com/changde-jss/171656905.html?s=sou_sou_soulb&t=0_0&req=1fb02ef4375f8cde2b6cd3d2fbc56023
云南,德宏,陇川县,云南,德宏,陇川县,high,51job-area-alias,15,job_062921,https://jobs.51job.com/dehong-lcx/161260864.html?s=sou_sou_soulb&t=0_0&req=af650d35f2714a3a8614f78cc991ac18
四川,攀枝花,仁和区,四川,攀枝花,仁和区,high,exact-city-alias,15,job_057747,https://jobs.51job.com/panzhihua-rhq/171295764.html?s=sou_sou_soulb&t=0_0&req=9a336f2ac00276682d640a6dfaad5ad3
山东,枣庄,市中区,山东,枣庄,市中区,high,exact-city-alias,15,job_094247,https://jobs.51job.com/zaozhuang-szq/171162175.html?s=sou_sou_soulb&t=0_0&req=1ad3eb741cd15cf56b4ef3808ad0f5df
云南,楚雄,楚雄市,云南,楚雄,楚雄市,high,51job-area-alias,15,job_092354,https://jobs.51job.com/chuxiong-cxs/171175726.html?s=sou_sou_soulb&t=0_0&req=1538a0e9482b10a61fba725f6bbb0e4f
广东,湛江,徐闻县,广东,湛江,徐闻县,high,exact-city-alias,15,job_056170,https://jobs.51job.com/zhanjiang-xwx/153631121.html?s=sou_sou_soulb&t=0_0&req=7d56b82373e14022f9e798872a4883ef
河南,漯河,源汇区,河南,漯河,源汇区,high,exact-city-alias,15,job_058653,https://jobs.51job.com/luohe-yhq/170701766.html?s=sou_sou_soulb&t=0_0&req=8bb79372b10f41f9f679120880029eb8
黑龙江,牡丹江,爱民区,黑龙江,牡丹江,爱民区,high,exact-city-alias,15,job_023585,https://jobs.51job.com/mudanjiang-amq/171580794.html?s=sou_sou_soulb&t=0_0&req=be1a22f45565fcf992c3e9a4211e3e95
安徽,蚌埠,五河县,安徽,蚌埠,五河县,high,exact-city-alias,15,job_058451,https://jobs.51job.com/bangbu-whx/170757971.html?s=sou_sou_soulb&t=0_0&req=d7861e9f6b05b087db90a4b8e24367ca
河北,衡水,枣强县,河北,衡水,枣强县,high,exact-city-alias,15,job_249120,https://jobs.51job.com/hengshui-zqx/170414475.html?s=sou_sou_soulb&t=0_0&req=ffff9c5678d075d25774be52aa93e39b
河南,许昌,襄城县,河南,许昌,襄城县,high,exact-city-alias,15,job_112470,https://jobs.51job.com/xuchang-xcx/167714001.html?s=sou_sou_soulb&t=0_0&req=aea1f27c2c17e3098655de1f414c4a09
内蒙古,通辽,科尔沁区,内蒙古,通辽,科尔沁区,high,exact-city-alias,15,job_054329,https://jobs.51job.com/tongliao-keqq/171099649.html?s=sou_sou_soulb&t=0_0&req=0a71947ec710ffafe2a3ef602322d528
重庆,重庆,奉节县,重庆,重庆,奉节县,high,exact-city-alias,15,job_056664,http://pepsico.51job.com/jobdetail.html?jobid=169507417
重庆,重庆,云阳县,重庆,重庆,云阳县,high,exact-city-alias,15,job_056691,https://jobs.51job.com/chongqing-yy/165789262.html?s=sou_sou_soulb&t=0_0&req=39723d37f86d3886079ce4d9b699da0c
安徽,阜阳,颍泉区,安徽,阜阳,颍泉区,high,exact-city-alias,15,job_094347,https://jobs.51job.com/fuyang-yqq/169900060.html?s=sou_sou_soulb&t=0_0&req=14a3994a2c8f72d9c20147fd38938bb5
广东,阳江,阳春市,广东,阳江,阳春市,high,exact-city-alias,15,job_059997,https://jobs.51job.com/yangjiang-ycs/171654913.html?s=sou_sou_soulb&t=0_0&req=b29928392c1db1a82f23187631868e96
四川,阿坝,茂县,四川,阿坝,茂县,high,51job-area-alias,15,job_321321,https://jobs.51job.com/aba-mx/162436924.html?s=sou_sou_soulb&t=0_0&req=dca753c0a404a33c60867b4fd561821e
甘肃,陇南,文县,甘肃,陇南,文县,high,exact-city-alias,15,job_370046,https://jobs.51job.com/longnan-wx/171492850.html?s=sou_sou_soulb&t=0_0&req=7915bbbad2df355506ae353b5483fed8
福建,三明,沙县区,福建,三明,沙县区,high,exact-city-alias,14,job_068617,https://jobs.51job.com/sanming-sxq/171179551.html?s=sou_sou_soulb&t=0_0&req=a7625ed533cbd59911132177d6ab4e42
海南,乐东,,海南,乐东,,high,51job-area-alias,14,job_300053,https://jobs.51job.com/yuedong/171464556.html?s=sou_sou_soulb&t=0_0&req=7458acd23145def4daff79ba57f47832
四川,乐山,峨眉山市,四川,乐山,峨眉山市,high,exact-city-alias,14,job_043235,https://jobs.51job.com/leshan-mss/160835201.html?s=sou_sou_soulb&t=0_0&req=8047cc55bc205359737a7f2f821e2d30
河北,保定,清苑区,河北,保定,清苑区,high,exact-city-alias,14,job_383859,https://jobs.51job.com/baoding-qyq/170674264.html?s=sou_sou_soulb&t=0_0&req=a3ee2a2b66f3f2e53f564ae831e2076e
贵州,六盘水,六枝特区,贵州,六盘水,六枝特区,high,exact-city-alias,14,job_023812,https://jobs.51job.com/liupanshui-lztq/170622442.html?s=sou_sou_soulb&t=0_0&req=64203f4429ac76705893481cbbbaef25
湖北,十堰,郧阳区,湖北,十堰,郧阳区,high,exact-city-alias,14,job_091936,https://jobs.51job.com/shiyan-yyq/171534037.html?s=sou_sou_soulb&t=0_0&req=dcd7811a538249df2f698835d8e45c73
河南,南阳,新野县,河南,南阳,新野县,high,exact-city-alias,14,job_149192,https://jobs.51job.com/nanyang-xyx/168289305.html?s=sou_sou_soulb&t=0_0&req=6dd72165dce1f982c9e020facc39c13e
江西,吉安,永新县,江西,吉安,永新县,high,exact-city-alias,14,job_068673,https://jobs.51job.com/jian-yxx/169400417.html?s=sou_sou_soulb&t=0_0&req=fbf06511def20b05825a35041aa2586b
江西,吉安,井冈山市,江西,吉安,井冈山市,high,exact-city-alias,14,job_102873,https://jobs.51job.com/jian-jgss/170173929.html?s=sou_sou_soulb&t=0_0&req=bfd1b472610df2e334874671745505d5
黑龙江,大庆,萨尔图区,黑龙江,大庆,萨尔图区,high,exact-city-alias,14,job_092252,https://jobs.51job.com/daqing-setq/171097288.html?s=sou_sou_soulb&t=0_0&req=71a2d6daae5dae334aded5ead8978e56
云南,大理,宾川县,云南,大理,宾川县,high,51job-area-alias,14,job_217267,https://jobs.51job.com/dali-bcx/170418051.html?s=sou_sou_soulb&t=0_0&req=deb151548e851778128acd90000b01a6
贵州,安顺,西秀区,贵州,安顺,西秀区,high,exact-city-alias,14,job_062948,https://jobs.51job.com/anshun-xxq/171420792.html?s=sou_sou_soulb&t=0_0&req=f19ed1e0b1a2364b7d40421f0420cc2e
四川,宜宾,屏山县,四川,宜宾,屏山县,high,exact-city-alias,14,job_022425,https://jobs.51job.com/yibin-psx/170321419.html?s=sou_sou_soulb&t=0_0&req=c96c5f97cbeb32f4f061a95126a4d16b
广西,崇左,江州区,广西,崇左,江州区,high,exact-city-alias,14,job_046956,https://jobs.51job.com/chongzuo-jzq/161747864.html?s=sou_sou_soulb&t=0_0&req=b70a1a156d382c4fa3d3b57d6ca71860
内蒙古,巴彦淖尔,乌拉特后旗,内蒙古,巴彦淖尔,乌拉特后旗,high,exact-city-alias,14,job_221240,https://jobs.51job.com/bayannaoer-wlthq/170923838.html?s=sou_sou_soulb&t=0_0&req=9aa6142fc180f4e9cbc3aca2c9e8c48e
陕西,渭南,蒲城县,陕西,渭南,蒲城县,high,exact-city-alias,14,job_133798,https://jobs.51job.com/weinan-pcx/170840224.html?s=sou_sou_soulb&t=0_0&req=038e53b2cc2f5ff6faba6e81a5759228
山东,烟台,龙口市,山东,烟台,龙口市,high,exact-city-alias,14,job_045596,https://jobs.51job.com/yantai-lks/171504851.html?s=sou_sou_soulb&t=0_0&req=7024f2561767fa382555635b96d90c51
广西,玉林,博白县,广西,玉林,博白县,high,exact-city-alias,14,job_047113,https://jobs.51job.com/yulin-bbx/169554079.html?s=sou_sou_soulb&t=0_0&req=d0e66c429e9a0d0beeddd16135f60166
广西,玉林,北流市,广西,玉林,北流市,high,exact-city-alias,14,job_233958,https://jobs.51job.com/yulin-bls/170489210.html?s=sou_sou_soulb&t=0_0&req=25aa332e2dcfb1f2900efdb15a22517c
广西,百色,德保县,广西,百色,德保县,high,exact-city-alias,14,job_185139,https://jobs.51job.com/baise-dbx/171391739.html?s=sou_sou_soulb&t=0_0&req=13b593d822408c09ce98aeba8d7d426a
江西,萍乡,湘东区,江西,萍乡,湘东区,high,exact-city-alias,14,job_046807,https://jobs.51job.com/pingxiang-xdq/169686356.html?s=sou_sou_soulb&t=0_0&req=6b99e517f5c1d8ed88589a0935644558
四川,达州,达川区,四川,达州,达川区,high,exact-city-alias,14,job_022445,https://jobs.51job.com/dazhou-dcq/167910890.html?s=sou_sou_soulb&t=0_0&req=c96c5f97cbeb32f4f061a95126a4d16b
云南,迪庆,香格里拉市,云南,迪庆,香格里拉市,high,51job-area-alias,14,job_053139,https://jobs.51job.com/diqing-xglls/171604170.html?s=sou_sou_soulb&t=0_0&req=89aa790a4bebed7ba4a3573976c7cc9a
内蒙古,通辽,扎鲁特旗,内蒙古,通辽,扎鲁特旗,high,exact-city-alias,14,job_082276,https://jobs.51job.com/tongliao-zltq/171347071.html?s=sou_sou_soulb&t=0_0&req=59c8f3389db650cc7b3232ba9c70b7c5
四川,遂宁,安居区,四川,遂宁,安居区,high,exact-city-alias,14,job_064458,https://jobs.51job.com/suining-ajq/168196041.html?s=sou_sou_soulb&t=0_1&req=b5206a14de5379b536dbffe5f58df667
河北,邢台,隆尧县,河北,邢台,隆尧县,high,exact-city-alias,14,job_048427,https://jobs.51job.com/xingtai-lyx/170607940.html?s=sou_sou_soulb&t=0_0&req=e2bd1df51e0cfba2054b714187b9690e
湖南,郴州,永兴县,湖南,郴州,永兴县,high,exact-city-alias,14,job_165958,https://jobs.51job.com/chenzhou-yxx/164763255.html?s=sou_sou_soulb&t=0_0&req=5cefef8bce39994a278552e333637155
重庆,重庆,彭水县,重庆,重庆,彭水县,high,exact-city-alias,14,job_099983,https://jobs.51job.com/chongqing-psx/170498036.html?s=sou_sou_soulb&t=0_0&req=0909eb5e6e6718f7c175aa5896cfb7f9
贵州,铜仁,万山区,贵州,铜仁,万山区,high,exact-city-alias,14,job_059528,https://jobs.51job.com/tongren-wsq/169558667.html?s=sou_sou_soulb&t=0_0&req=cf9003f89b883002809cb21439a131e8
宁夏,银川,贺兰县,宁夏,银川,贺兰县,high,exact-city-alias,14,job_023852,https://jobs.51job.com/yinchuan-hlx/171452147.html?s=sou_sou_soulb&t=0_0&req=ea3378fbaadeb94a428cec925c0014b6
新疆,阿勒泰,,新疆,阿勒泰,,high,exact-city-alias,14,job_092435,https://jobs.51job.com/aletai/154603324.html?s=sou_sou_soulb&t=0_0&req=c357390f3019098b1a8bb0f68d8a2f3a
河南,鹤壁,山城区,河南,鹤壁,山城区,high,exact-city-alias,14,job_186105,https://jobs.51job.com/hebi-scq/170293852.html?s=sou_sou_soulb&t=0_0&req=72d4099c15c0b1197230255dbdf41884
湖北,黄冈,罗田县,湖北,黄冈,罗田县,high,exact-city-alias,14,job_058903,https://jobs.51job.com/huanggang-ltx/171324962.html?s=sou_sou_soulb&t=0_0&req=dba4a7a28f86074821b58b5411bbce6a
江西,九江,彭泽县,江西,九江,彭泽县,high,exact-city-alias,13,job_091786,https://jobs.51job.com/jiujiang-pzx/169764624.html?s=sou_sou_soulb&t=0_0&req=66938e18bf47fd7493a7688732887566
河南,信阳,浉河区,河南,信阳,浉河区,high,exact-city-alias,13,job_058632,https://jobs.51job.com/xinyang-shq/167170159.html?s=sou_sou_soulb&t=0_0&req=fc1480270ba065552ab91ef198e0413c
新疆,克孜勒苏柯尔克孜,,新疆,克孜勒苏柯尔克孜,,high,51job-area-alias,13,job_168447,https://jobs.51job.com/kezilesukeerkezi/152893319.html?s=sou_sou_soulb&t=0_0&req=3a7fd5318e002e7353c45f3a4b8b8565
四川,南充,西充县,四川,南充,西充县,high,exact-city-alias,13,job_074750,https://jobs.51job.com/nanchong-xcx/170742635.html?s=sou_sou_soulb&t=0_0&req=c5e61a16ebaa8983bfd138837ab75352
广西,南宁,隆安县,广西,南宁,隆安县,high,exact-city-alias,13,job_168076,https://jobs.51job.com/nanning-lax/163508440.html?s=sou_sou_soulb&t=0_0&req=036ee274b633d3b085c8b88a92067805
福建,南平,邵武市,福建,南平,邵武市,high,exact-city-alias,13,job_066149,https://jobs.51job.com/nanping-sws/170642815.html?s=sou_sou_soulb&t=0_0&req=bba1f475e29c45f581d0bb13d7012172
河南,南阳,南召县,河南,南阳,南召县,high,exact-city-alias,13,job_058652,https://jobs.51job.com/nanyang-nzx/170849032.html?s=sou_sou_soulb&t=0_0&req=fc1480270ba065552ab91ef198e0413c
陕西,咸阳,三原县,陕西,咸阳,三原县,high,exact-city-alias,13,job_051897,https://jobs.51job.com/xianyang-syx/170423697.html?s=sou_sou_soulb&t=0_0&req=fe14a59203bdc1e94407a5d322cd1d4f
河南,商丘,柘城县,河南,商丘,柘城县,high,exact-city-alias,13,job_058648,https://jobs.51job.com/shangqiu-zcx/170849136.html?s=sou_sou_soulb&t=0_0&req=fc1480270ba065552ab91ef198e0413c
辽宁,大连,庄河市,辽宁,大连,庄河市,high,exact-city-alias,13,job_104267,https://jobs.51job.com/dalian-zhs/162301418.html?s=sou_sou_soulb&t=0_0&req=267c74c6debbf396a70b49fc41c8040b
湖北,孝感,孝昌县,湖北,孝感,孝昌县,high,exact-city-alias,13,job_049239,https://jobs.51job.com/xiaogan-xcx/138291990.html?s=sou_sou_soulb&t=0_0&req=9301a99d00b6cc060aea804be9d7c7dc
安徽,安庆,潜山市,安徽,安庆,潜山市,high,exact-city-alias,13,job_006811,https://jobs.51job.com/anqing-qss/170612231.html?s=sou_sou_soulb&t=0_0&req=438aa1e02e3d1521ebaf4547b54fb9ec
安徽,安庆,太湖县,安徽,安庆,太湖县,high,exact-city-alias,13,job_013754,https://jobs.51job.com/anqing-thx/162699204.html?s=sou_sou_soulb&t=0_0&req=f35e7eff63ba7df47864108f51778968
河南,安阳,汤阴县,河南,安阳,汤阴县,high,exact-city-alias,13,job_048816,https://jobs.51job.com/anyang-tyx/169136239.html?s=sou_sou_soulb&t=0_0&req=ab6bd875cc582b8b7b5b5736e746809e
江西,宜春,万载县,江西,宜春,万载县,high,exact-city-alias,13,job_112372,https://jobs.51job.com/yichun-wzx/171410318.html?s=sou_sou_soulb&t=0_0&req=3ce129e93c1e518fa246d12189fceaba
湖南,常德,桃源县,湖南,常德,桃源县,high,exact-city-alias,13,job_081677,https://jobs.51job.com/changde-tyx/170370588.html?s=sou_sou_soulb&t=0_0&req=4dec329213ba98a11a0e997823b7fbed
云南,文山,丘北县,云南,文山,丘北县,high,51job-area-alias,13,job_250320,https://jobs.51job.com/wenshan-qbx/171055560.html?s=sou_sou_soulb&t=0_0&req=e3b616208c590f8f0f54cde8e068a776
云南,昆明,禄劝彝族苗族自治县,云南,昆明,禄劝彝族苗族自治县,high,exact-city-alias,13,job_053590,https://jobs.51job.com/kunming-lqyzmzzzx/170982157.html?s=sou_sou_soulb&t=0_0&req=a12d6e0d0a4db21ae27778548c95472b
广西,来宾,合山市,广西,来宾,合山市,high,exact-city-alias,13,job_185064,https://jobs.51job.com/laibin-hss/171496788.html?s=sou_sou_soulb&t=0_0&req=175a252b3aa4686b5d0101a94cd8794b
广东,梅州,平远县,广东,梅州,平远县,high,exact-city-alias,13,job_090288,https://jobs.51job.com/meizhou-pyx/169126552.html?s=sou_sou_soulb&t=0_0&req=e7d36343ffce750ca99e8af05fd78dfe
广东,河源,连平县,广东,河源,连平县,high,exact-city-alias,13,job_106334,https://jobs.51job.com/heyuan-lpx/168388893.html?s=sou_sou_soulb&t=0_0&req=a74dff60ea51463dbe201df00a5aeb39
河南,洛阳,新安县,河南,洛阳,新安县,high,exact-city-alias,13,job_103274,https://jobs.51job.com/luoyang-xax/170824317.html?s=sou_sou_soulb&t=0_0&req=9cab892101686c09f138cc8ac9b0d641
安徽,淮南,凤台县,安徽,淮南,凤台县,high,exact-city-alias,13,job_103067,https://jobs.51job.com/huainan-ftx/170992850.html?s=sou_sou_soulb&t=0_0&req=73eaf60eac3a600a29f574f1289fe751
山东,潍坊,诸城市,山东,潍坊,诸城市,high,exact-city-alias,13,job_140005,https://jobs.51job.com/weifang-zcs/167703413.html?s=sou_sou_soulb&t=0_0&req=d8486031daadfbd62609f7ea97ebf82a
广西,玉林,福绵区,广西,玉林,福绵区,high,exact-city-alias,13,job_047027,https://jobs.51job.com/yulin-fmq/171030658.html?s=sou_sou_soulb&t=0_0&req=c353661c1325fb10bad8a544ab83342f
云南,红河州,石屏县,云南,红河州,石屏县,high,51job-area-alias,13,job_168421,https://jobs.51job.com/honghezhou-spx/167821131.html?s=sou_sou_soulb&t=0_0&req=83f411811ecf60797eca976714a27644
广西,贵港,桂平市,广西,贵港,桂平市,high,exact-city-alias,13,job_047175,https://jobs.51job.com/guigang-gps/170075015.html?s=sou_sou_soulb&t=0_0&req=bbeb012b53b83d9b9b97d0eb386fa33f
江西,赣州,大余县,江西,赣州,大余县,high,exact-city-alias,13,job_102890,https://jobs.51job.com/ganzhou-dyx/170784687.html?s=sou_sou_soulb&t=0_0&req=e87860a7e4dc5f941b034f52b3590b05
云南,迪庆,,云南,迪庆,,high,51job-area-alias,13,job_357524,https://jobs.51job.com/diqing/169234467.html?s=sou_sou_soulb&t=0_0&req=29b93ab5ec2893bbfad0208aa3eb07bb
河北,邢台,信都区,河北,邢台,信都区,high,exact-city-alias,13,job_337413,https://jobs.51job.com/xingtai-xdq/168577589.html?s=sou_sou_soulb&t=0_0&req=6652877862a34ec90dde807b9a7037c9
湖南,郴州,安仁县,湖南,郴州,安仁县,high,exact-city-alias,13,job_132087,https://jobs.51job.com/chenzhou-arx/170675214.html?s=sou_sou_soulb&t=0_0&req=1e17a7108f0851faaeac7f78229ab432
内蒙古,鄂尔多斯,伊金霍洛旗,内蒙古,鄂尔多斯,伊金霍洛旗,high,exact-city-alias,13,job_141876,https://jobs.51job.com/eerduosi-yjhlq/171088773.html?s=sou_sou_soulb&t=0_0&req=8f54652260cd2e2f50c26d52330f2e95
湖北,鄂州,梁子湖区,湖北,鄂州,梁子湖区,high,exact-city-alias,13,job_049268,https://jobs.51job.com/ezhou-lzhq/169282214.html?s=sou_sou_soulb&t=0_0&req=1f66b2e1412a261845b15ad9da6861e0
陕西,铜川,耀州区,陕西,铜川,耀州区,high,exact-city-alias,13,job_051609,https://jobs.51job.com/tongchuan-yzq/170703831.html?s=sou_sou_soulb&t=0_0&req=2bc0b69a9dab9a08ba3351edf3098a13
四川,雅安,石棉县,四川,雅安,石棉县,high,exact-city-alias,13,job_163695,https://jobs.51job.com/yaan-smx/171154062.html?s=sou_sou_soulb&t=0_0&req=0adeda0754ca2d1ec19f28efe99a8078
河南,鹤壁,淇县,河南,鹤壁,淇县,high,exact-city-alias,13,job_130520,https://jobs.51job.com/hebi-qx/171334503.html?s=sou_sou_soulb&t=0_0&req=7bc278d171b28e5f3123a8be6ac7092a
福建,三明,永安市,福建,三明,永安市,high,exact-city-alias,12,job_285880,https://jobs.51job.com/sanming-yas/170351133.html?s=sou_sou_soulb&t=0_0&req=dd9fad7a0cc4301d0de4220b752835fd
江西,上饶,德兴市,江西,上饶,德兴市,high,exact-city-alias,12,job_102854,https://jobs.51job.com/shangrao-dxs/170751672.html?s=sou_sou_soulb&t=0_0&req=bfd1b472610df2e334874671745505d5
山东,东营,垦利区,山东,东营,垦利区,high,exact-city-alias,12,job_119082,https://jobs.51job.com/dongying-klq/167609973.html?s=sou_sou_soulb&t=0_0&req=92b0e71f229e53450bb79527f8a63ce3
江西,吉安,永丰县,江西,吉安,永丰县,high,exact-city-alias,12,job_119123,https://jobs.51job.com/jian-yfx/171278410.html?s=sou_sou_soulb&t=0_0&req=8b9e6813dcd373adf2fcd518293a2699
吉林,吉林,船营区,吉林,吉林,船营区,high,exact-city-alias,12,job_250177,https://jobs.51job.com/jilin-cyq/171547036.html?s=sou_sou_soulb&t=0_0&req=5b6c1730c571209cb0d1afc3ed4a7d11
内蒙古,呼伦贝尔,海拉尔区,内蒙古,呼伦贝尔,海拉尔区,high,exact-city-alias,12,job_054333,https://jobs.51job.com/hulunbeier-hleq/170982221.html?s=sou_sou_soulb&t=0_0&req=0a71947ec710ffafe2a3ef602322d528
内蒙古,呼和浩特,回民区,内蒙古,呼和浩特,回民区,high,exact-city-alias,12,job_054287,https://jobs.51job.com/huhhot-hmq/171147303.html?s=sou_sou_soulb&t=0_0&req=8e917d41c04e283595568a7f9a4e3a53
新疆,哈密,伊州区,新疆,哈密,伊州区,high,exact-city-alias,12,job_054707,https://jobs.51job.com/hami-yzq/171304711.html?s=sou_sou_soulb&t=0_0&req=69caf71d7edafdaaa4e2d3a24e090513
新疆,哈密,伊吾县,新疆,哈密,伊吾县,high,exact-city-alias,12,job_214752,https://jobs.51job.com/hami-ywx/168204313.html?s=sou_sou_soulb&t=0_0&req=2946ed7b93c8326bc9de3291e6e91e5e
黑龙江,哈尔滨,双城区,黑龙江,哈尔滨,双城区,high,exact-city-alias,12,job_052490,https://jobs.51job.com/hadongbin-scq/171251228.html?s=sou_sou_soulb&t=0_0&req=ce43f71341396e9e5e6b3624376b9e45
河北,唐山,曹妃甸区,河北,唐山,曹妃甸区,high,exact-city-alias,12,job_103233,https://jobs.51job.com/tangshan-cfdq/171542500.html?s=sou_sou_soulb&t=0_0&req=5b65e513c8bb00d5425d6f15e1e01a16
河北,唐山,迁安市,河北,唐山,迁安市,high,exact-city-alias,12,job_140658,https://jobs.51job.com/tangshan-qas/171640169.html?s=sou_sou_soulb&t=0_0&req=04004523c714b17b7633a672a3da31ca
山西,大同,云州区,山西,大同,云州区,high,exact-city-alias,12,job_251891,https://jobs.51job.com/datong-yzq/171027232.html?s=sou_sou_soulb&t=0_0&req=8917a9b3bdaede5d24f465b0a725e00a
湖南,娄底,涟源市,湖南,娄底,涟源市,high,exact-city-alias,12,job_409410,https://jobs.51job.com/loudi-lys/166908776.html?s=sou_sou_soulb&t=0_0&req=eb2233cc7537af69aa489695cc6bcc31
福建,宁德,屏南县,福建,宁德,屏南县,high,exact-city-alias,12,job_083061,https://jobs.51job.com/ningde-pnx/171033158.html?s=sou_sou_soulb&t=0_0&req=d8e73540bc7979eb83ca9ed1adbc0b0a
河南,安阳,文峰区,河南,安阳,文峰区,high,exact-city-alias,12,job_065333,https://jobs.51job.com/anyang-wfq/164373011.html?s=sou_sou_soulb&t=0_0&req=1145fbb48101364debf4b25e88375c79
湖北,宜昌,当阳市,湖北,宜昌,当阳市,high,exact-city-alias,12,job_049083,https://jobs.51job.com/yichang-dys/171480054.html?s=sou_sou_soulb&t=0_0&req=53cb5ed18c6408a6d6d986a2a5a2899a
安徽,宿州,砀山县,安徽,宿州,砀山县,high,exact-city-alias,12,job_133564,https://jobs.51job.com/suzhou-dsx/171640447.html?s=sou_sou_soulb&t=0_0&req=bb8fcd5fbb80300648779c88d7b85732
四川,巴中,通江县,四川,巴中,通江县,high,exact-city-alias,12,job_068541,https://jobs.51job.com/bazhong-tjx/169690175.html?s=sou_sou_soulb&t=0_0&req=67cad444a58cde1cfbf7ad5df886e5a7
河北,廊坊,文安县,河北,廊坊,文安县,high,exact-city-alias,12,job_123846,https://jobs.51job.com/langfang-wax/171519410.html?s=sou_sou_soulb&t=0_0&req=051eae11b9cdc8315ae8323c06741632
河北,张家口,宣化区,河北,张家口,宣化区,high,exact-city-alias,12,job_186033,https://jobs.51job.com/zhangjiakou-xhq/171418656.html?s=sou_sou_soulb&t=0_0&req=05bb3c9ae8b2d9527c0dcddccb31d194
云南,德宏,瑞丽市,云南,德宏,瑞丽市,high,51job-area-alias,12,job_053338,https://jobs.51job.com/dehong-rls/171157561.html?s=sou_sou_soulb&t=0_0&req=d0a46902aef1672d647825d3e97316ae
山东,德州,临邑县,山东,德州,临邑县,high,exact-city-alias,12,job_045869,https://jobs.51job.com/dezhou-lyx/171345533.html?s=sou_sou_soulb&t=0_0&req=92c3700331a2887ed8889cbe280cc501
湖南,怀化,中方县,湖南,怀化,中方县,high,exact-city-alias,12,job_103971,https://jobs.51job.com/huaihua-zfx/171586941.html?s=sou_sou_soulb&t=0_0&req=3fb180c57a69ca9b93a2f246c4c2d577
,昆山,,江苏,昆山,,high,51job-area-alias,12,job_038460,https://jobs.51job.com/all/165378448.html?s=sou_sou_soulb&t=0_0&req=a72e6bfc77a837bef29e0703ff621360
新疆,昌吉,吉木萨尔县,新疆,昌吉,吉木萨尔县,high,51job-area-alias,12,job_150805,https://jobs.51job.com/changji-jmsex/167962008.html?s=sou_sou_soulb&t=0_0&req=1ab7902495eb621a980c355a26c13b35
江西,景德镇,浮梁县,江西,景德镇,浮梁县,high,exact-city-alias,12,job_191475,https://jobs.51job.com/jingdezhen-flx/170214115.html?s=sou_sou_soulb&t=0_0&req=87807e2270b81a5946612bdc4b28dee6
广西,梧州,长洲区,广西,梧州,长洲区,high,exact-city-alias,12,job_091793,https://jobs.51job.com/wuzhou-czq/166988560.html?s=sou_sou_soulb&t=0_0&req=b27a8e5e0f9f07dd3c4d72361be121cf
云南,楚雄,元谋县,云南,楚雄,元谋县,high,51job-area-alias,12,job_256283,https://jobs.51job.com/chuxiong-ymx/171532669.html?s=sou_sou_soulb&t=0_0&req=34d6735576ade89d1ebf3a630184c7cb
贵州,毕节,七星关区,贵州,毕节,七星关区,high,exact-city-alias,12,job_053980,https://jobs.51job.com/bijie-qxgq/170423644.html?s=sou_sou_soulb&t=0_0&req=937b7de9fbbf329eda357d51f73cba44
湖南,永州,零陵区,湖南,永州,零陵区,high,exact-city-alias,12,job_007715,https://jobs.51job.com/yongzhou-llq/170824888.html?s=sou_sou_soulb&t=0_0&req=8800fe59132741c82c6ebb041f623abe
河北,沧州,黄骅市,河北,沧州,黄骅市,high,exact-city-alias,12,job_103214,https://jobs.51job.com/cangzhou-hhs/171524201.html?s=sou_sou_soulb&t=0_0&req=5b65e513c8bb00d5425d6f15e1e01a16
福建,泉州,德化县,福建,泉州,德化县,high,exact-city-alias,12,job_080397,https://jobs.51job.com/quanzhou-dhx/170860924.html?s=sou_sou_soulb&t=0_0&req=82469655ebf833a82b9fee896cc846b6
河南,洛阳,孟津区,河南,洛阳,孟津区,high,exact-city-alias,12,job_088609,https://jobs.51job.com/luoyang-mjq/154794942.html?s=sou_sou_soulb&t=0_0&req=6685051082928ead28d21d4ce21b5fad
安徽,淮北,烈山区,安徽,淮北,烈山区,high,exact-city-alias,12,job_006912,https://jobs.51job.com/huaibei-lsq/170714241.html?s=sou_sou_soulb&t=0_0&req=abf6b693e7a904c2f7e4e24033549fe9
陕西,渭南,富平县,陕西,渭南,富平县,high,exact-city-alias,12,job_104110,https://jobs.51job.com/weinan-fpx/170819720.html?s=sou_sou_soulb&t=0_0&req=c0613cabf305b4d63ee575fc8776b377
山东,潍坊,潍坊综合保税区,山东,潍坊,潍坊综合保税区,high,exact-city-alias,12,job_006571,https://jobs.51job.com/weifang-wfzh/171458348.html?s=sou_sou_soulb&t=0_0&req=49fa21f4a13df9e7f28418008970f854
山东,潍坊,昌邑市,山东,潍坊,昌邑市,high,exact-city-alias,12,job_139878,https://jobs.51job.com/weifang-cys/171512609.html?s=sou_sou_soulb&t=0_0&req=c4215e97cbfa92e0cea4f718f7cc0a0c
河南,焦作,孟州市,河南,焦作,孟州市,high,exact-city-alias,12,job_249137,https://jobs.51job.com/jiaozuo-mzs/171411701.html?s=sou_sou_soulb&t=0_0&req=9467a8b7e988d70d60558b4c77f6f24d
四川,甘孜,丹巴县,四川,甘孜,丹巴县,high,51job-area-alias,12,job_080064,https://jobs.51job.com/ganzi-dbx/170960813.html?s=sou_sou_soulb&t=0_0&req=ffc8a4d9483920ef49b65a827b66add5
吉林,白山,浑江区,吉林,白山,浑江区,high,exact-city-alias,12,job_053090,https://jobs.51job.com/baishan-hjq/168820597.html?s=sou_sou_soulb&t=0_0&req=b720d81b8a9313b87a031f257351dfc2
辽宁,盘锦,兴隆台区,辽宁,盘锦,兴隆台区,high,exact-city-alias,12,job_331361,https://jobs.51job.com/panjin-xltq/170624608.html?s=sou_sou_soulb&t=0_0&req=a059814af287d6aa10a4b721807a8b94
云南,红河州,开远市,云南,红河州,开远市,high,51job-area-alias,12,job_053283,https://jobs.51job.com/honghezhou-kys/161247882.html?s=sou_sou_soulb&t=0_0&req=48448e17e419c54da27b27c6c9bf361d
湖南,衡阳,南岳区,湖南,衡阳,南岳区,high,exact-city-alias,12,job_081624,https://jobs.51job.com/hengyang-nyq/171394330.html?s=sou_sou_soulb&t=0_0&req=88507a6bd3a0fd404afa4cffc8420bc7
青海,西宁,城中区,青海,西宁,城中区,high,exact-city-alias,12,job_010972,https://jobs.51job.com/xining-czq/171001313.html?s=sou_sou_soulb&t=0_0&req=5549c5de854dab048e8dee6592567f3e
河南,许昌,长葛市,河南,许昌,长葛市,high,exact-city-alias,12,job_048963,https://jobs.51job.com/xuchang-cgs/169778208.html?s=sou_sou_soulb&t=0_0&req=9f09c7eec16fbf70e565979777a14d81
内蒙古,赤峰,元宝山区,内蒙古,赤峰,元宝山区,high,exact-city-alias,12,job_054248,https://jobs.51job.com/chifeng-ybsq/169273013.html?s=sou_sou_soulb&t=0_0&req=6a378f3dac944047b0f41a90261b66fb
吉林,通化,东昌区,吉林,通化,东昌区,high,exact-city-alias,12,job_281977,https://jobs.51job.com/tonghua-dcq/170612081.html?s=sou_sou_soulb&t=0_0&req=0b9d39415d6ddde90b6dfb15e57e71ce
安徽,阜阳,太和县,安徽,阜阳,太和县,high,exact-city-alias,12,job_058459,https://jobs.51job.com/fuyang-thx/170452424.html?s=sou_sou_soulb&t=0_0&req=d7861e9f6b05b087db90a4b8e24367ca
广东,韶关,仁化县,广东,韶关,仁化县,high,exact-city-alias,12,job_245192,https://jobs.51job.com/shaoguan-rhx/170617004.html?s=sou_sou_soulb&t=0_0&req=57144469ea870d1f15960c02e8ee2bd4
安徽,黄山,祁门县,安徽,黄山,祁门县,high,exact-city-alias,12,job_140267,https://jobs.51job.com/huangshan-qmx/171663259.html?s=sou_sou_soulb&t=0_0&req=dcdcbb8ea83d03334689cf74bcf639c6
江西,上饶,万年县,江西,上饶,万年县,high,exact-city-alias,11,job_046450,https://jobs.51job.com/shangrao-wnx/171351663.html?s=sou_sou_soulb&t=0_0&req=bd6ad86ee7b3bd9c2bd1c32b0c3fccf7
江西,上饶,铅山县,江西,上饶,铅山县,high,exact-city-alias,11,job_094272,https://jobs.51job.com/shangrao-qsx/171499091.html?s=sou_sou_soulb&t=0_0&req=93a71659fb5986108c847f11b9aec397
云南,丽江,永胜县,云南,丽江,永胜县,high,exact-city-alias,11,job_059438,https://jobs.51job.com/lijiang-ysx/170328203.html?s=sou_sou_soulb&t=0_0&req=237fd1b060d064b255d01e6a9d946c9e
江西,九江,德安县,江西,九江,德安县,high,exact-city-alias,11,job_046434,https://jobs.51job.com/jiujiang-dax/171554088.html?s=sou_sou_soulb&t=0_0&req=bd6ad86ee7b3bd9c2bd1c32b0c3fccf7
新疆,伊犁,霍尔果斯市,新疆,伊犁,霍尔果斯市,high,51job-area-alias,11,job_054477,https://jobs.51job.com/yili-hegss/169952290.html?s=sou_sou_soulb&t=0_0&req=1f437a66255ca8ba3e29cca419838667
内蒙古,包头,东河区,内蒙古,包头,东河区,high,exact-city-alias,11,job_073614,https://jobs.51job.com/baotou-dhq/170750408.html?s=sou_sou_soulb&t=0_0&req=4333e620dc368f5e43e45c8aa46c19eb
河南,商丘,梁园区,河南,商丘,梁园区,high,exact-city-alias,11,job_249199,https://jobs.51job.com/shangqiu-lyq/170595748.html?s=sou_sou_soulb&t=0_0&req=9467a8b7e988d70d60558b4c77f6f24d
陕西,商洛,商州区,陕西,商洛,商州区,high,exact-city-alias,11,job_088733,https://jobs.51job.com/shangluo-szq/170820184.html?s=sou_sou_soulb&t=0_0&req=3cc0063477c334c5dc62b7405a0bc0a9
四川,宜宾,长宁县,四川,宜宾,长宁县,high,exact-city-alias,11,job_112266,https://jobs.51job.com/yibin-cnx/166009598.html?s=sou_sou_soulb&t=0_0&req=8ed4fc722e521d051a74431d1c208bf7
内蒙古,巴彦淖尔,临河区,内蒙古,巴彦淖尔,临河区,high,exact-city-alias,11,job_054258,https://jobs.51job.com/bayannaoer-lhq/170996165.html?s=sou_sou_soulb&t=0_0&req=8e917d41c04e283595568a7f9a4e3a53
四川,广安,华蓥市,四川,广安,华蓥市,high,exact-city-alias,11,job_118809,https://jobs.51job.com/guangan-hys/171050170.html?s=sou_sou_soulb&t=0_0&req=b69666053951902cd990d05f9a505f22
陕西,延安,宝塔区,陕西,延安,宝塔区,high,exact-city-alias,11,job_249929,https://jobs.51job.com/yanan-btq/169601076.html?s=sou_sou_soulb&t=0_0&req=b81b9d9b1430cf800e5c210b3a84d442
,徐州,,江苏,徐州,,high,exact-city-alias,11,job_039177,https://jobs.51job.com/all/166065702.html?s=sou_sou_soulb&t=0_0&req=887819c48b4d1a58320439e338856005
云南,怒江,泸水市,云南,怒江,泸水市,high,51job-area-alias,11,job_059494,https://jobs.51job.com/nujiang-lss/160795896.html?s=sou_sou_soulb&t=0_0&req=4868cbf3cb34ae7883aecdabc063804c
湖北,恩施,利川市,湖北,恩施,利川市,high,51job-area-alias,11,job_417986,https://jobs.51job.com/enshi-lcs/171525392.html?s=sou_sou_soulb&t=0_0&req=78ff40ce5a1c5e5569a281ad94d6aabe
河南,新乡,延津县,河南,新乡,延津县,high,exact-city-alias,11,job_022990,https://jobs.51job.com/xinxiang-yjx/168925788.html?s=sou_sou_soulb&t=0_0&req=ae85514a512a9549abcdee55d083ed02
西藏,日喀则,,西藏,日喀则,,high,exact-city-alias,11,job_059586,https://jobs.51job.com/rikaze/171609613.html?s=sou_sou_soulb&t=0_0&req=6dc98371e030ecaffafb6cb1d0fe1daf
新疆,昌吉,木垒哈萨克自治县,新疆,昌吉,木垒哈萨克自治县,high,51job-area-alias,11,job_120106,https://jobs.51job.com/changji-mlhskzzx/168334987.html?s=sou_sou_soulb&t=0_0&req=533dc6242f5c74d34cc5c0a80b38fb44
辽宁,朝阳,北票市,辽宁,朝阳,北票市,high,exact-city-alias,11,job_168378,https://jobs.51job.com/chaoyang-bps/171374370.html?s=sou_sou_soulb&t=0_0&req=9d6aa500be22c59246b31cfb4c3ba347
辽宁,本溪,溪湖区,辽宁,本溪,溪湖区,high,exact-city-alias,11,job_281914,https://jobs.51job.com/benxi-xhq/169464764.html?s=sou_sou_soulb&t=0_0&req=ebfd87105da7db10c89f79e6c14ff14d
福建,泉州,永春县,福建,泉州,永春县,high,exact-city-alias,11,job_519041,https://jobs.51job.com/quanzhou-ycx/142462834.html?s=sou_sou_soulb&t=0_0&req=320f746886cb8bdc5d7953803c5d8915
河南,洛阳,宜阳县,河南,洛阳,宜阳县,high,exact-city-alias,11,job_058634,https://jobs.51job.com/luoyang-yyx/171147896.html?s=sou_sou_soulb&t=0_0&req=fc1480270ba065552ab91ef198e0413c
山东,淄博,沂源县,山东,淄博,沂源县,high,exact-city-alias,11,job_109132,https://jobs.51job.com/zibo-yyx/171425028.html?s=sou_sou_soulb&t=0_0&req=5555e2c3fe8e2821669da6a872082436
,湛江,,广东,湛江,,high,exact-city-alias,11,job_019928,https://jobs.51job.com/all/169305234.html?s=sou_sou_soulb&t=0_0&req=222a34700b53a4274329019acc7edbbf
福建,漳州,平和县,福建,漳州,平和县,high,exact-city-alias,11,job_285879,https://jobs.51job.com/zhangzhou-phx/170369429.html?s=sou_sou_soulb&t=0_0&req=dd9fad7a0cc4301d0de4220b752835fd
山东,潍坊,高密市,山东,潍坊,高密市,high,exact-city-alias,11,job_045957,https://jobs.51job.com/weifang-gms/167574490.html?s=sou_sou_soulb&t=0_0&req=22b51a1dc346aa710b1bddf43255645a
山东,烟台,牟平区,山东,烟台,牟平区,high,exact-city-alias,11,job_119065,https://jobs.51job.com/yantai-mpq/170759422.html?s=sou_sou_soulb&t=0_0&req=92b0e71f229e53450bb79527f8a63ce3
河南,焦作,温县,河南,焦作,温县,high,exact-city-alias,11,job_119344,https://jobs.51job.com/jiaozuo-wx/167841224.html?s=sou_sou_soulb&t=0_0&req=f06e18886b95c2df8f662e077d3c88b9
云南,玉溪,元江哈尼族彝族傣族自治县,云南,玉溪,元江哈尼族彝族傣族自治县,high,exact-city-alias,11,job_120024,https://jobs.51job.com/yuxi-yjhnzyzdzzzx/168399762.html?s=sou_sou_soulb&t=0_0&req=10a201b5f5a93cc4fba75921f3c62b20
四川,眉山,青神县,四川,眉山,青神县,high,exact-city-alias,11,job_102132,https://jobs.51job.com/meishan-qsx/171105950.html?s=sou_sou_soulb&t=0_0&req=677a06fab2b4606bd8100fd5a8a640b5
四川,自贡,富顺县,四川,自贡,富顺县,high,exact-city-alias,11,job_288705,https://jobs.51job.com/zigong-fsx/171174635.html?s=sou_sou_soulb&t=0_0&req=22da8cc145e73d54ad53624430694a4e
安徽,蚌埠,固镇县,安徽,蚌埠,固镇县,high,exact-city-alias,11,job_123825,https://jobs.51job.com/bangbu-gzx/169682185.html?s=sou_sou_soulb&t=0_0&req=e0fb247e46417d2926cad3e9e3e34d36
湖南,衡阳,衡南县,湖南,衡阳,衡南县,high,exact-city-alias,11,job_051195,https://jobs.51job.com/hengyang-hnx/171521355.html?s=sou_sou_soulb&t=0_0&req=7e941796f184706ebea04d80049affad
江西,赣州,宁都县,江西,赣州,宁都县,high,exact-city-alias,11,job_046782,https://jobs.51job.com/ganzhou-ndx/166300390.html?s=sou_sou_soulb&t=0_0&req=6b99e517f5c1d8ed88589a0935644558
湖南,邵阳,邵东市,湖南,邵阳,邵东市,high,exact-city-alias,11,job_216872,https://jobs.51job.com/shaoyang-sds/169648878.html?s=sou_sou_soulb&t=0_0&req=3f2a22520bceb84bd38e8ec0cd052b47
河南,鹤壁,浚县,河南,鹤壁,浚县,high,exact-city-alias,11,job_103268,https://jobs.51job.com/hebi-jx/171194780.html?s=sou_sou_soulb&t=0_0&req=9cab892101686c09f138cc8ac9b0d641
浙江,丽水,云和县,浙江,丽水,云和县,high,exact-city-alias,10,job_212236,https://jobs.51job.com/lishui-yhx/171271758.html?s=sou_sou_soulb&t=0_0&req=8de6be453e7da515a26fc2dec3340f11
内蒙古,乌兰察布,兴和县,内蒙古,乌兰察布,兴和县,high,exact-city-alias,10,job_104664,https://jobs.51job.com/wulanchabu-xhx/170071251.html?s=sou_sou_soulb&t=0_0&req=3a7c5c3bdae14a15e256e5ce9282be5b
海南,五指山,,海南,五指山,,high,51job-area-alias,10,job_044780,https://jobs.51job.com/wuzhishan/157053462.html?s=sou_sou_soulb&t=0_0&req=df3adc39fc2ff0b29e4764008c254597
新疆,克拉玛依,克拉玛依区,新疆,克拉玛依,克拉玛依区,high,exact-city-alias,10,job_120113,https://jobs.51job.com/kelamayi-klmyq/170693549.html?s=sou_sou_soulb&t=0_0&req=533dc6242f5c74d34cc5c0a80b38fb44
甘肃,兰州,皋兰县,甘肃,兰州,皋兰县,high,exact-city-alias,10,job_269398,https://jobs.51job.com/lanzhou-glx/171001501.html?s=sou_sou_soulb&t=0_0&req=89575be724dae0ed7cd3faea87aa229d
四川,内江,资中县,四川,内江,资中县,high,exact-city-alias,10,job_091603,https://jobs.51job.com/neijiang-zzx/171267627.html?s=sou_sou_soulb&t=0_0&req=047dac3b65121794ef2042c08b3ff13c
四川,凉山,会东县,四川,凉山,会东县,high,51job-area-alias,10,job_102275,https://jobs.51job.com/liangshan-hdx/167243803.html?s=sou_sou_soulb&t=0_0&req=3763071c9f7621b5634d9830a2ed6a12
山西,吕梁,临县,山西,吕梁,临县,high,exact-city-alias,10,job_073387,https://jobs.51job.com/lvliang-lx/164868617.html?s=sou_sou_soulb&t=0_0&req=424e1c4c334699289f8fc0a66eebf41b
河南,周口,鹿邑县,河南,周口,鹿邑县,high,exact-city-alias,10,job_270091,https://jobs.51job.com/zhoukou-lyx/171367715.html?s=sou_sou_soulb&t=0_0&req=0f3cebc327276104ed7d5271b389292e
湖北,咸宁,崇阳县,湖北,咸宁,崇阳县,high,exact-city-alias,10,job_092128,https://jobs.51job.com/xianning-cyx/169878117.html?s=sou_sou_soulb&t=0_0&req=ae410d8c2fd661b537bdb1ad41f5428f
新疆,哈密,巴里坤哈萨克自治县,新疆,哈密,巴里坤哈萨克自治县,high,exact-city-alias,10,job_282293,https://jobs.51job.com/hami-blkhskzzx/170156149.html?s=sou_sou_soulb&t=0_0&req=9a7ceb3eb3c4f38927a8ca81b9e325e6
河北,唐山,路南区,河北,唐山,路南区,high,exact-city-alias,10,job_346016,https://jobs.51job.com/tangshan-lnq/170856248.html?s=sou_sou_soulb&t=0_0&req=866a78080af4e665ad3940ff98e586ba
黑龙江,大庆,让胡路区,黑龙江,大庆,让胡路区,high,exact-city-alias,10,job_007931,https://jobs.51job.com/daqing-rhlq/170842962.html?s=sou_sou_soulb&t=0_0&req=4f6c5cd0449bdc71eacb934c0f062029
山东,威海,乳山市,山东,威海,乳山市,high,exact-city-alias,10,job_236209,https://jobs.51job.com/weihai-rss/171361211.html?s=sou_sou_soulb&t=0_0&req=cb68d63514c8cc059238fa6b66a29db3
安徽,安庆,岳西县,安徽,安庆,岳西县,high,exact-city-alias,10,job_110185,https://jobs.51job.com/anqing-yxx/170682042.html?s=sou_sou_soulb&t=0_0&req=dd163f2c9e107b036566801a59cf1102
湖北,宜昌,秭归县,湖北,宜昌,秭归县,high,exact-city-alias,10,job_065373,https://jobs.51job.com/yichang-zgx/121949094.html?s=sou_sou_soulb&t=0_0&req=9df35deedde92585e6afa9fcd2ec1774
湖北,宜昌,远安县,湖北,宜昌,远安县,high,exact-city-alias,10,job_103719,https://jobs.51job.com/yichang-yax/167512975.html?s=sou_sou_soulb&t=0_0&req=c55280d5fa75a7b142f4ec34426c0d6a
湖南,常德,澧县,湖南,常德,澧县,high,exact-city-alias,10,job_051468,https://jobs.51job.com/changde-lx/170517504.html?s=sou_sou_soulb&t=0_0&req=693b4d2bfe2c327cd054bbec9423d744
河北,张家口,怀来县,河北,张家口,怀来县,high,exact-city-alias,10,job_164834,https://jobs.51job.com/zhangjiakou-hlx/171223514.html?s=sou_sou_soulb&t=0_0&req=46ce463d04e7bab92b543f9ab99aafe6
云南,怒江,兰坪白族普米族自治县,云南,怒江,兰坪白族普米族自治县,high,51job-area-alias,10,job_075153,https://jobs.51job.com/nujiang-lpbzpmzzzx/170622625.html?s=sou_sou_soulb&t=0_0&req=e81cb2d68c1749aace19b531859a40da
,扬州,,江苏,扬州,,high,exact-city-alias,10,job_038852,https://jobs.51job.com/all/170907518.html?s=sou_sou_soulb&t=0_0&req=f169b78d601a4a52f879dd11b472402d
河南,新乡,辉县市,河南,新乡,辉县市,high,exact-city-alias,10,job_017493,https://jobs.51job.com/xinxiang-hxs/170624992.html?s=sou_sou_soulb&t=0_0&req=2d4136f540ee9892a36a9b039947b82a
河南,新乡,卫辉市,河南,新乡,卫辉市,high,exact-city-alias,10,job_390552,https://jobs.51job.com/xinxiang-whs/167711940.html?s=sou_sou_soulb&t=0_0&req=b4d737e3c0ddddabb9b0ab2b3d79a819
辽宁,本溪,南芬区,辽宁,本溪,南芬区,high,exact-city-alias,10,job_133819,https://jobs.51job.com/benxi-nfq/171602929.html?s=sou_sou_soulb&t=0_0&req=79d36e388f5359a65100e393d3a54345
广西,梧州,藤县,广西,梧州,藤县,high,exact-city-alias,10,job_010400,https://jobs.51job.com/wuzhou-tx/171410599.html?s=sou_sou_soulb&t=0_0&req=d9de7547aef2d94a5e48e4c5a38edf34
云南,楚雄,牟定县,云南,楚雄,牟定县,high,51job-area-alias,10,job_095630,https://jobs.51job.com/chuxiong-mdx/169881691.html?s=sou_sou_soulb&t=0_0&req=d3c498575bac4ce728c993a5c4e40321
陕西,榆林,靖边县,陕西,榆林,靖边县,high,exact-city-alias,10,job_062822,https://jobs.51job.com/yulin-jbx/153939911.html?s=sou_sou_soulb&t=0_0&req=f434eec78c862a2f9e35a1f66124a6cd
湖南,永州,江华瑶族自治县,湖南,永州,江华瑶族自治县,high,exact-city-alias,10,job_103967,https://jobs.51job.com/yongzhou-jhyzzzx/157437585.html?s=sou_sou_soulb&t=0_0&req=3fb180c57a69ca9b93a2f246c4c2d577
湖南,永州,宁远县,湖南,永州,宁远县,high,exact-city-alias,10,job_143599,https://jobs.51job.com/yongzhou-nyx/171592022.html?s=sou_sou_soulb&t=0_0&req=1b7265bf41a03f8145cd424da344adb0
湖南,永州,祁阳市,湖南,永州,祁阳市,high,exact-city-alias,10,job_266691,https://jobs.51job.com/yongzhou-qys/171676359.html?s=sou_sou_soulb&t=0_0&req=5adf9c908a70978525c70d95ae6e8d8c
辽宁,沈阳,法库县,辽宁,沈阳,法库县,high,exact-city-alias,10,job_141660,https://jobs.51job.com/shenyang-fkx/169988127.html?s=sou_sou_soulb&t=0_0&req=cb38246e4b95c82df1d21bdcd6970af6
河北,沧州,南皮县,河北,沧州,南皮县,high,exact-city-alias,10,job_007002,https://jobs.51job.com/cangzhou-npx/170921911.html?s=sou_sou_soulb&t=0_0&req=90054f74abfc5b504146f32061ab66f5
广西,河池,金城江区,广西,河池,金城江区,high,exact-city-alias,10,job_148650,https://jobs.51job.com/hechi-jcjq/170992380.html?s=sou_sou_soulb&t=0_0&req=b27b62fed6b1d11ea076a04ff410907f
山东,泰安,新泰市,山东,泰安,新泰市,high,exact-city-alias,10,job_045704,https://jobs.51job.com/taian-xts/171299930.html?s=sou_sou_soulb&t=0_0&req=70a048a1dc1d1f8f5455cb7a09b93e4b
山东,济宁,鱼台县,山东,济宁,鱼台县,high,exact-city-alias,10,job_022557,https://jobs.51job.com/jining-ytx/171079233.html?s=sou_sou_soulb&t=0_0&req=4917ba83027b3c8d9138817ba00fd9aa
安徽,淮南,大通区,安徽,淮南,大通区,high,exact-city-alias,10,job_168087,https://jobs.51job.com/huainan-dtq/170979961.html?s=sou_sou_soulb&t=0_0&req=7d328180a2abc8b1524b8695f2b2b852
,深圳-盐田区,,广东,深圳,盐田区,high,city-hyphen-district,10,job_034693,https://jobs.51job.com/all/171377780.html?s=sou_sou_soulb&t=0_0&req=9e6809424faa5470b67fe66bfbbe9d67
陕西,渭南,华阴市,陕西,渭南,华阴市,high,exact-city-alias,10,job_081746,https://jobs.51job.com/weinan-hys/170453264.html?s=sou_sou_soulb&t=0_0&req=53e4061c0a7a6e6ff6ba4e17f319d091
广西,玉林,兴业县,广西,玉林,兴业县,high,exact-city-alias,10,job_094307,https://jobs.51job.com/yulin-xyx/170325965.html?s=sou_sou_soulb&t=0_0&req=fa6f80af1f5de7ef7985d3eef5f70da7
广西,百色,右江区,广西,百色,右江区,high,exact-city-alias,10,job_047031,https://jobs.51job.com/baise-yjq/156118810.html?s=sou_sou_soulb&t=0_0&req=c353661c1325fb10bad8a544ab83342f
山东,聊城,临清市,山东,聊城,临清市,high,exact-city-alias,10,job_045841,https://jobs.51job.com/liaocheng-lqs/164908036.html?s=sou_sou_soulb&t=0_0&req=92c3700331a2887ed8889cbe280cc501
福建,莆田,仙游县,福建,莆田,仙游县,high,exact-city-alias,10,job_184210,https://jobs.51job.com/putian-xyx/171225710.html?s=sou_sou_soulb&t=0_0&req=02a802db0ff29989a4c64f9234ee5e4e
内蒙古,赤峰,红山区,内蒙古,赤峰,红山区,high,exact-city-alias,10,job_082280,https://jobs.51job.com/chifeng-hsq/171173772.html?s=sou_sou_soulb&t=0_0&req=59c8f3389db650cc7b3232ba9c70b7c5
河北,邯郸,肥乡区,河北,邯郸,肥乡区,high,exact-city-alias,10,job_291945,https://jobs.51job.com/handan-fxq/170431444.html?s=sou_sou_soulb&t=0_0&req=e65df3860bbee54f76b6c9f459683df6
河南,郑州,新密市,河南,郑州,新密市,high,exact-city-alias,10,job_048712,https://jobs.51job.com/xinmishi/169902191.html?s=sou_sou_soulb&t=0_0&req=299dda7abff19406d692655deb0ed5fa
重庆,重庆,武隆区,重庆,重庆,武隆区,high,exact-city-alias,10,job_056613,https://jobs.51job.com/chongqing-wlq/171366900.html?s=sou_sou_soulb&t=0_0&req=07b5e943041d6b92cc793c1958b1a34e
重庆,重庆,巫山县,重庆,重庆,巫山县,high,exact-city-alias,10,job_071364,https://jobs.51job.com/chongqing-wsx/170513997.html?s=sou_sou_soulb&t=0_0&req=6e6a0e0b3e58bd91ba0af5950eb83640
广西,钦州,钦北区,广西,钦州,钦北区,high,exact-city-alias,10,job_046824,https://jobs.51job.com/qinzhou-qbq/171645299.html?s=sou_sou_soulb&t=0_0&req=7e800bfde2b871b823cb796cfb3f1764
山西,长治,长子县,山西,长治,长子县,high,exact-city-alias,10,job_104215,https://jobs.51job.com/changzhi-czx/169413686.html?s=sou_sou_soulb&t=0_0&req=da3d720b6d5327d39d47374e1d67b2d3
四川,阿坝,,四川,阿坝,,high,51job-area-alias,10,job_057832,https://jobs.51job.com/aba/171002288.html?s=sou_sou_soulb&t=0_0&req=dc7630965e7732274329446ff86e0a44
山东,临沂,平邑县,山东,临沂,平邑县,high,exact-city-alias,9,job_148386,https://jobs.51job.com/linyi-pyx/171628281.html?s=sou_sou_soulb&t=0_0&req=b744afe7c875cc4da81f4f067cf18155
辽宁,丹东,振兴区,辽宁,丹东,振兴区,high,exact-city-alias,9,job_212955,https://jobs.51job.com/dandong-zxq/166983299.html?s=sou_sou_soulb&t=0_0&req=8ff5620ef33b73e9f778967842672a27
四川,凉山,雷波县,四川,凉山,雷波县,high,51job-area-alias,9,job_043440,https://jobs.51job.com/liangshan-lbx/170453573.html?s=sou_sou_soulb&t=0_0&req=2b993951c97a9651bf1a30c5c63516db
福建,南平,政和县,福建,南平,政和县,high,exact-city-alias,9,job_072532,https://jobs.51job.com/nanping-zhx/170665613.html?s=sou_sou_soulb&t=0_0&req=fa89a20e3a8641b8b777df9522c58ddc
福建,南平,武夷山市,福建,南平,武夷山市,high,exact-city-alias,9,job_080330,https://jobs.51job.com/nanping-wyss/170758291.html?s=sou_sou_soulb&t=0_0&req=e98cdfed9b00195b1c53ffddbba61b57
吉林,吉林,磐石市,吉林,吉林,磐石市,high,exact-city-alias,9,job_150440,https://jobs.51job.com/jilin-pss/171142667.html?s=sou_sou_soulb&t=0_0&req=a31d1385b48a60c5475923b8976ac78f
陕西,咸阳,彬州市,陕西,咸阳,彬州市,high,exact-city-alias,9,job_059212,https://jobs.51job.com/xianyang-bzs/168911699.html?s=sou_sou_soulb&t=0_0&req=686e00f4d807263f6e75f0916bfa6f42
黑龙江,哈尔滨,尚志市,黑龙江,哈尔滨,尚志市,high,exact-city-alias,9,job_023600,https://jobs.51job.com/hadongbin-szs/171021121.html?s=sou_sou_soulb&t=0_0&req=be1a22f45565fcf992c3e9a4211e3e95
黑龙江,哈尔滨,宾县,黑龙江,哈尔滨,宾县,high,exact-city-alias,9,job_237353,https://jobs.51job.com/hadongbin-bx/171468370.html?s=sou_sou_soulb&t=0_0&req=353d0c13b18edef94c80d1095613edba
河南,商丘,睢县,河南,商丘,睢县,high,exact-city-alias,9,job_130471,https://jobs.51job.com/shangqiu-hx/171335949.html?s=sou_sou_soulb&t=0_0&req=7b1c9c8a3754925425f9dcfec1a5caab
甘肃,天水,麦积区,甘肃,天水,麦积区,high,exact-city-alias,9,job_166630,https://jobs.51job.com/tianshui-mjq/170865583.html?s=sou_sou_soulb&t=0_0&req=f1578f2d93b1a370359c73b2ce5440cb
湖南,娄底,双峰县,湖南,娄底,双峰县,high,exact-city-alias,9,job_149925,https://jobs.51job.com/loudi-sfx/168456476.html?s=sou_sou_soulb&t=0_0&req=5075a99c957d4a9f4bceeaaa1fb19f8b
湖北,宜昌,兴山县,湖北,宜昌,兴山县,high,exact-city-alias,9,job_095799,https://jobs.51job.com/yichang-xsx/168007257.html?s=sou_sou_soulb&t=0_1&req=671bc17ef49480fb0e40939232af582a
四川,广安,武胜县,四川,广安,武胜县,high,exact-city-alias,9,job_043376,https://jobs.51job.com/guangan-wsx/170724270.html?s=sou_sou_soulb&t=0_0&req=d69894ac33ebcd4e8b08d5241e748801
湖南,张家界,永定区,湖南,张家界,永定区,high,exact-city-alias,9,job_081691,https://jobs.51job.com/zhangjiajie-ydq/171276347.html?s=sou_sou_soulb&t=0_0&req=4dec329213ba98a11a0e997823b7fbed
山东,德州,齐河县,山东,德州,齐河县,high,exact-city-alias,9,job_065973,https://jobs.51job.com/dezhou-qhx/170448269.html?s=sou_sou_soulb&t=0_0&req=3dbc9f78d50f3f260d768af05cd7d0bf
江西,抚州,金溪县,江西,抚州,金溪县,high,exact-city-alias,9,job_271987,https://jobs.51job.com/fuzhou-jxx/168568013.html?s=sou_sou_soulb&t=0_0&req=61ffee175ce00c2beee07f44fe5da981
辽宁,抚顺,新抚区,辽宁,抚顺,新抚区,high,exact-city-alias,9,job_363819,https://jobs.51job.com/fushun-xfq/170477766.html?s=sou_sou_soulb&t=0_0&req=06f7fab1dd90493b225c6b641ac58e54
河南,新乡,凤泉区,河南,新乡,凤泉区,high,exact-city-alias,9,job_123856,https://jobs.51job.com/xinxiang-fqq/170424829.html?s=sou_sou_soulb&t=0_0&req=cc3b339d4388ff362da644ef5e4bcb4c
云南,普洱,江城哈尼族彝族自治县,云南,普洱,江城哈尼族彝族自治县,high,exact-city-alias,9,job_053296,https://jobs.51job.com/puer-jchnzyzzzx/170932284.html?s=sou_sou_soulb&t=0_0&req=48448e17e419c54da27b27c6c9bf361d
云南,楚雄,武定县,云南,楚雄,武定县,high,51job-area-alias,9,job_075154,https://jobs.51job.com/chuxiong-wdx/170622608.html?s=sou_sou_soulb&t=0_0&req=e81cb2d68c1749aace19b531859a40da
,汕头,,广东,汕头,,high,exact-city-alias,9,job_030207,https://jobs.51job.com/all/165363191.html?s=sou_sou_soulb&t=0_0&req=7fe55f5c3c7b8bd72344005bf30b08a6
山东,泰安,肥城市,山东,泰安,肥城市,high,exact-city-alias,9,job_133491,https://jobs.51job.com/taian-fcs/169109389.html?s=sou_sou_soulb&t=0_0&req=fac1667ede859c60437c4d24e82cc7e3
四川,泸州,古蔺县,四川,泸州,古蔺县,high,exact-city-alias,9,job_375901,https://jobs.51job.com/luzhou-glx/170849430.html?s=sou_sou_soulb&t=0_0&req=36360aa123d9dd929b7c2e0d6a578dc6
河南,洛阳,伊川县,河南,洛阳,伊川县,high,exact-city-alias,9,job_272133,https://jobs.51job.com/luoyang-ycx/165253612.html?s=sou_sou_soulb&t=0_0&req=a1c6cc6090c5a9a2542256013c66f10c
安徽,淮北,杜集区,安徽,淮北,杜集区,high,exact-city-alias,9,job_072763,https://jobs.51job.com/huaibei-djq/169282530.html?s=sou_sou_soulb&t=0_0&req=f50d018fad1cb2a576edb72d74c3dc4b
,湖州,,浙江,湖州,,high,exact-city-alias,9,job_041948,https://jobs.51job.com/all/159814571.html?s=sou_sou_soulb&t=0_0&req=aaa439df057fdd0efc95a48e91ab8af5
河南,焦作,山阳区,河南,焦作,山阳区,high,exact-city-alias,9,job_048677,https://jobs.51job.com/jiaozuo-syq/171130419.html?s=sou_sou_soulb&t=0_0&req=acc9c2a453a1d19b765c789db194c82a
云南,玉溪,易门县,云南,玉溪,易门县,high,exact-city-alias,9,job_104529,https://jobs.51job.com/yuxi-ymx/170692820.html?s=sou_sou_soulb&t=0_0&req=dcbe0185174b184ab323d684b95a37bb
四川,眉山,洪雅县,四川,眉山,洪雅县,high,exact-city-alias,9,job_102177,https://jobs.51job.com/meishan-hyx/171310962.html?s=sou_sou_soulb&t=0_0&req=677a06fab2b4606bd8100fd5a8a640b5
山东,聊城,东阿县,山东,聊城,东阿县,high,exact-city-alias,9,job_022626,https://jobs.51job.com/liaocheng-dx/171094913.html?s=sou_sou_soulb&t=0_0&req=cc328cc0f0661deab1dc27d0ce207b80
山东,菏泽,曹县,山东,菏泽,曹县,high,exact-city-alias,9,job_383655,https://jobs.51job.com/heze-cx/170484375.html?s=sou_sou_soulb&t=0_0&req=898c860a26daa94299402e702797bd36
山东,菏泽,郓城县,山东,菏泽,郓城县,high,exact-city-alias,9,job_408998,https://jobs.51job.com/heze-ycx/171310744.html?s=sou_sou_soulb&t=0_0&req=a88275eba526cfa8ba70194c5d79ff2e
辽宁,营口,鲅鱼圈区,辽宁,营口,鲅鱼圈区,high,exact-city-alias,9,job_269371,https://jobs.51job.com/yingkou-byqq/170059752.html?s=sou_sou_soulb&t=0_0&req=68eb1357f7ea34192c2c1781eb3d104d
湖北,襄阳,南漳县,湖北,襄阳,南漳县,high,exact-city-alias,9,job_392405,https://jobs.51job.com/xiangyang-nzx/168884884.html?s=sou_sou_soulb&t=0_0&req=3577fe0c537c1f2751fe72711ad8a3fc
广西,贵港,平南县,广西,贵港,平南县,high,exact-city-alias,9,job_047061,https://jobs.51job.com/guigang-pnx/170020062.html?s=sou_sou_soulb&t=0_0&req=bc73058ce149689d861d73065ea939af
内蒙古,赤峰,松山区,内蒙古,赤峰,松山区,high,exact-city-alias,9,job_054209,https://jobs.51job.com/chifeng-ssq/171447734.html?s=sou_sou_soulb&t=0_0&req=6a378f3dac944047b0f41a90261b66fb
湖南,邵阳,武冈市,湖南,邵阳,武冈市,high,exact-city-alias,9,job_216903,https://jobs.51job.com/shaoyang-wgs/169104136.html?s=sou_sou_soulb&t=0_0&req=0e74aaf7fbcb257b5968ee92659e0eeb
湖南,邵阳,洞口县,湖南,邵阳,洞口县,high,exact-city-alias,9,job_306677,https://jobs.51job.com/shaoyang-dkx/169524375.html?s=sou_sou_soulb&t=0_0&req=bbed12a30c831ff80c304066cec68a09
安徽,阜阳,界首市,安徽,阜阳,界首市,high,exact-city-alias,9,job_058477,https://jobs.51job.com/fuyang-jss/168724913.html?s=sou_sou_soulb&t=0_0&req=56bcdd81347c77a70e15d6becf8d54f0
安徽,阜阳,临泉县,安徽,阜阳,临泉县,high,exact-city-alias,9,job_072790,https://jobs.51job.com/fuyang-lqx/169848252.html?s=sou_sou_soulb&t=0_0&req=9629560b32eab000efc181df8fbdba33
四川,阿坝,马尔康市,四川,阿坝,马尔康市,high,51job-area-alias,9,job_043438,https://jobs.51job.com/aba-meks/169091562.html?s=sou_sou_soulb&t=0_0&req=fa078bccff625cf14940d81e9022c9e5
湖北,随州,随县,湖北,随州,随县,high,exact-city-alias,9,job_088671,https://jobs.51job.com/suizhou-sx/171023209.html?s=sou_sou_soulb&t=0_0&req=e1c504a6fc2b63d4c7aebd2ec9cf3b62
河北,雄安新区,雄县,河北,雄安新区,雄县,high,51job-area-alias,9,job_349668,https://jobs.51job.com/xionganxinqu-xx/171675088.html?s=sou_sou_soulb&t=0_0&req=f3b6c8ca6228ce3ce3365032826511ab
广东,韶关,始兴县,广东,韶关,始兴县,high,exact-city-alias,9,job_135842,https://jobs.51job.com/shaoguan-sxx/168691735.html?s=sou_sou_soulb&t=0_0&req=158ffd6e3a3e887e200ec067e92521ab
河南,驻马店,泌阳县,河南,驻马店,泌阳县,high,exact-city-alias,9,job_133664,https://jobs.51job.com/zhumadian-myx/167729591.html?s=sou_sou_soulb&t=0_0&req=47c30755876ca47d38a25887abbd0f60
河南,三门峡,陕州区,河南,三门峡,陕州区,high,exact-city-alias,8,job_119353,https://jobs.51job.com/sanmenxia-szq/170809728.html?s=sou_sou_soulb&t=0_0&req=f06e18886b95c2df8f662e077d3c88b9
山东,临沂,沂南县,山东,临沂,沂南县,high,exact-city-alias,8,job_045685,https://jobs.51job.com/linyi-ynx/168389045.html?s=sou_sou_soulb&t=0_0&req=70a048a1dc1d1f8f5455cb7a09b93e4b
山东,临沂,兰陵县,山东,临沂,兰陵县,high,exact-city-alias,8,job_102764,https://jobs.51job.com/linyi-llx/169597224.html?s=sou_sou_soulb&t=0_0&req=04b185257a68230b5a88d65c0e45d4dd
辽宁,丹东,东港市,辽宁,丹东,东港市,high,exact-city-alias,8,job_059305,https://jobs.51job.com/dandong-dgs/171394246.html?s=sou_sou_soulb&t=0_0&req=986dc6f1012cdb6b1b1ab6cb45e13fc1
云南,丽江,玉龙纳西族自治县,云南,丽江,玉龙纳西族自治县,high,exact-city-alias,8,job_237388,https://jobs.51job.com/lijiang-ylnxzzzx/170174911.html?s=sou_sou_soulb&t=0_0&req=c398eb9028510d36eaca47eaecba423d
新疆,乌鲁木齐,达坂城区,新疆,乌鲁木齐,达坂城区,high,exact-city-alias,8,job_095644,https://jobs.51job.com/urumqi-dbcq/168000306.html?s=sou_sou_soulb&t=0_0&req=5a0756455593cd58f17ff0c6bfca0c7e
新疆,五家渠,,新疆,新疆生产建设兵团,五家渠,medium,district-to-city,8,job_168448,http://yingde.51job.com/work_detail.html?jobid=170538694
内蒙古,内蒙古,,内蒙古,内蒙古,,low,fallback-city-source,8,job_008170,https://jobs.51job.com/neimenggu/138790661.html?s=sou_sou_soulb&t=0_0&req=2df14fc16087e045386648d8604792f2
湖北,十堰,房县,湖北,十堰,房县,high,exact-city-alias,8,job_357105,https://jobs.51job.com/shiyan-fx/169392615.html?s=sou_sou_soulb&t=0_0&req=f926b416cc0630b8e370a45cf0d74e9a
广西,南宁,上林县,广西,南宁,上林县,high,exact-city-alias,8,job_085650,https://jobs.51job.com/nanning-slx/171398656.html?s=sou_sou_soulb&t=0_0&req=aadeee44466c54952137082b78a7e1e6
内蒙古,呼伦贝尔,扎兰屯市,内蒙古,呼伦贝尔,扎兰屯市,high,exact-city-alias,8,job_222397,https://jobs.51job.com/hulunbeier-zlts/171660989.html?s=sou_sou_soulb&t=0_0&req=94e341c987e694403af2f2ae62e6376b
河北,唐山,滦州市,河北,唐山,滦州市,high,exact-city-alias,8,job_048309,https://jobs.51job.com/tangshan-lzs/170693908.html?s=sou_sou_soulb&t=0_0&req=c4e33b34086a3d2554e76bd09ada25ef
黑龙江,大庆,龙凤区,黑龙江,大庆,龙凤区,high,exact-city-alias,8,job_095565,https://jobs.51job.com/daqing-lfq/171536423.html?s=sou_sou_soulb&t=0_0&req=c1b3693d3239f4d4594f8fe2e68a20d3
贵州,安顺,普定县,贵州,安顺,普定县,high,exact-city-alias,8,job_150596,https://jobs.51job.com/anshun-pdx/170874328.html?s=sou_sou_soulb&t=0_0&req=7ab7a643dd76ac9033826c5fedde5b97
江西,宜春,上高县,江西,宜春,上高县,high,exact-city-alias,8,job_022704,https://jobs.51job.com/yichun-sgx/170290963.html?s=sou_sou_soulb&t=0_0&req=20b2a50a487829755fc0b28fab0800ef
陕西,宝鸡,眉县,陕西,宝鸡,眉县,high,exact-city-alias,8,job_081739,https://jobs.51job.com/baoji-mx/171276933.html?s=sou_sou_soulb&t=0_0&req=53e4061c0a7a6e6ff6ba4e17f319d091
安徽,宿州,泗县,安徽,宿州,泗县,high,exact-city-alias,8,job_185730,https://jobs.51job.com/suzhou-sx/171321860.html?s=sou_sou_soulb&t=0_0&req=912cfc62a6e2c3ff21ec9c8ea8944d70
河南,平顶山,汝州市,河南,平顶山,汝州市,high,exact-city-alias,8,job_321976,https://jobs.51job.com/pingdingshan-rzs/170008924.html?s=sou_sou_soulb&t=0_0&req=5976afcce21cd9b1d1604a99a7f92060
四川,广元,青川县,四川,广元,青川县,high,exact-city-alias,8,job_147799,https://jobs.51job.com/guangyuan-qcx/171510439.html?s=sou_sou_soulb&t=0_0&req=0beae36c663174161e02fcf18ea2106e
甘肃,庆阳,环县,甘肃,庆阳,环县,high,exact-city-alias,8,job_217515,https://jobs.51job.com/qingyang-hx/167955524.html?s=sou_sou_soulb&t=0_0&req=e01528f7bf2091c4ecf010ba7b09e157
河南,开封,兰考县,河南,开封,兰考县,high,exact-city-alias,8,job_164968,https://jobs.51job.com/kaifeng-lkx/170021629.html?s=sou_sou_soulb&t=0_0&req=c0474ad0faaf69015ba6325b944e4987
河北,张家口,桥东区,河北,张家口,桥东区,high,exact-city-alias,8,job_216506,https://jobs.51job.com/zhangjiakou-qdq/164313697.html?s=sou_sou_soulb&t=0_0&req=6ad410b7964fe0743e5bc73a5637037e
山东,德州,陵城区,山东,德州,陵城区,high,exact-city-alias,8,job_080453,https://jobs.51job.com/dezhou-lcq/171341030.html?s=sou_sou_soulb&t=0_0&req=7f21be4152028f6e7f728f82f82ab030
江西,抚州,乐安县,江西,抚州,乐安县,high,exact-city-alias,8,job_148540,https://jobs.51job.com/fuzhou-lax/170330962.html?s=sou_sou_soulb&t=0_0&req=ecdd14d1d48e95c7949746b1e37c0dd7
,揭阳,,广东,揭阳,,high,exact-city-alias,8,job_030706,https://jobs.51job.com/all/171276337.html?s=sou_sou_soulb&t=0_0&req=225285c3f8e11071bc2de8a470be0291
河南,新乡,牧野区,河南,新乡,牧野区,high,exact-city-alias,8,job_103284,https://jobs.51job.com/xinxiang-myq/170915927.html?s=sou_sou_soulb&t=0_0&req=9cab892101686c09f138cc8ac9b0d641
新疆,昌吉,阜康市,新疆,昌吉,阜康市,high,51job-area-alias,8,job_104677,https://jobs.51job.com/changji-fks/171542637.html?s=sou_sou_soulb&t=0_0&req=65576005f327fc5e406237e9f0485058
西藏,昌都,,西藏,昌都,,high,exact-city-alias,8,job_059590,https://jobs.51job.com/changdu/170507916.html?s=sou_sou_soulb&t=0_0&req=6dc98371e030ecaffafb6cb1d0fe1daf
云南,昭通,鲁甸县,云南,昭通,鲁甸县,high,exact-city-alias,8,job_095634,https://jobs.51job.com/zhaotong-ldx/163002140.html?s=sou_sou_soulb&t=0_0&req=d3c498575bac4ce728c993a5c4e40321
云南,普洱,墨江哈尼族自治县,云南,普洱,墨江哈尼族自治县,high,exact-city-alias,8,job_059476,https://jobs.51job.com/puer-mjhnzzzx/170324348.html?s=sou_sou_soulb&t=0_0&req=4868cbf3cb34ae7883aecdabc063804c
广西,柳州,融水苗族自治县,广西,柳州,融水苗族自治县,high,exact-city-alias,8,job_261994,https://jobs.51job.com/liuzhou-rsmz/170226869.html?s=sou_sou_soulb&t=0_0&req=82af16509be25fa9b69dd49eb3c4f271
广西,桂林,叠彩区,广西,桂林,叠彩区,high,exact-city-alias,8,job_058235,https://jobs.51job.com/guilin-dcq/171454561.html?s=sou_sou_soulb&t=0_0&req=8fbcacddebc75016d06b562cb983d1ef
广西,桂林,秀峰区,广西,桂林,秀峰区,high,exact-city-alias,8,job_902158,https://jobs.51job.com/guilin-xfq/171057306.html?s=sou_sou_soulb&t=0_0&req=f9df62bfbc6c63ccc548506adc653e42
广东,梅州,五华县,广东,梅州,五华县,high,exact-city-alias,8,job_074071,https://jobs.51job.com/meizhou-whx/171500081.html?s=sou_sou_soulb&t=0_0&req=4d0f1706888fbc76492f07a08bfbbe0f
广东,梅州,丰顺县,广东,梅州,丰顺县,high,exact-city-alias,8,job_145311,https://jobs.51job.com/meizhou-fsx/170443181.html?s=sou_sou_soulb&t=0_0&req=c3f835badf93c6a904c8d3078e880e76
贵州,毕节,黔西市,贵州,毕节,黔西市,high,exact-city-alias,8,job_053933,https://jobs.51job.com/bijie-qxs/170088352.html?s=sou_sou_soulb&t=0_0&req=fbdacdf47b561d19e5fa14591e9b1ce9
四川,泸州,合江县,四川,泸州,合江县,high,exact-city-alias,8,job_221566,https://jobs.51job.com/luzhou-hjx/170094256.html?s=sou_sou_soulb&t=0_0&req=866ef8560ea287dfbb856f288763a302
山东,济宁,梁山县,山东,济宁,梁山县,high,exact-city-alias,8,job_045527,https://jobs.51job.com/jining-lsx/171358726.html?s=sou_sou_soulb&t=0_0&req=abba190ed5eb522c748e404eef988af2
山东,济宁,金乡县,山东,济宁,金乡县,high,exact-city-alias,8,job_045640,https://jobs.51job.com/jining-jxx/171374967.html?s=sou_sou_soulb&t=0_0&req=837b0dfdbdd89c0a5bf06dc78e447172
山东,济宁,嘉祥县,山东,济宁,嘉祥县,high,exact-city-alias,8,job_519532,https://jobs.51job.com/jining-jxx/171424846.html?s=sou_sou_soulb&t=0_0&req=11825f15095631b202f6b7395716c4c8
山东,淄博,桓台县,山东,淄博,桓台县,high,exact-city-alias,8,job_267632,https://jobs.51job.com/zibo-htx/170654876.html?s=sou_sou_soulb&t=0_0&req=e632d0243ee39957576d403815cff25c
,清远,,广东,清远,,high,exact-city-alias,8,job_030619,https://jobs.51job.com/all/170955426.html?s=sou_sou_soulb&t=0_0&req=1b4c28aae6022268526a9c4d0ed2ede4
山东,烟台,莱州市,山东,烟台,莱州市,high,exact-city-alias,8,job_222069,https://jobs.51job.com/yantai-lzs/171368834.html?s=sou_sou_soulb&t=0_0&req=b420ca51c4465acf6fa4e1ac67f0daf5
云南,玉溪,华宁县,云南,玉溪,华宁县,high,exact-city-alias,8,job_217289,https://jobs.51job.com/yuxi-hnx/171438006.html?s=sou_sou_soulb&t=0_0&req=deb151548e851778128acd90000b01a6
甘肃,甘南,合作市,甘肃,甘南,合作市,high,51job-area-alias,8,job_217446,https://jobs.51job.com/gannan-hzs/168307314.html?s=sou_sou_soulb&t=0_0&req=c63927404b4247690b01f2d335816549
福建,福州,平潭县,福建,福州,平潭县,high,exact-city-alias,8,job_065147,https://jobs.51job.com/fuzhou-ptx/170508471.html?s=sou_sou_soulb&t=0_0&req=a4c7014a237bb7adc1d98d61960c4d21
福建,福州,永泰县,福建,福州,永泰县,high,exact-city-alias,8,job_086230,https://jobs.51job.com/fuzhou-ytx/170694255.html?s=sou_sou_soulb&t=0_0&req=98c8e14e5aa509645549688802681b3f
辽宁,营口,大石桥市,辽宁,营口,大石桥市,high,exact-city-alias,8,job_104361,https://jobs.51job.com/yingkou-dsqs/160343295.html?s=sou_sou_soulb&t=0_0&req=ca6018592a42777803a4147390d77495
湖南,衡阳,珠晖区,湖南,衡阳,珠晖区,high,exact-city-alias,8,job_059034,https://jobs.51job.com/hengyang-zhq/169448514.html?s=sou_sou_soulb&t=0_0&req=64cc4aa61481c7e1ed78e8feccd47ea5
江西,赣州,寻乌县,江西,赣州,寻乌县,high,exact-city-alias,8,job_102875,https://jobs.51job.com/ganzhou-xwx/170830556.html?s=sou_sou_soulb&t=0_0&req=bfd1b472610df2e334874671745505d5
四川,达州,渠县,四川,达州,渠县,high,exact-city-alias,8,job_386314,https://jobs.51job.com/dazhou-qx/168258734.html?s=sou_sou_soulb&t=0_0&req=c2b924f941ccc1b2c276522703e6d9d8
,连云港,,江苏,连云港,,high,exact-city-alias,8,job_039264,https://jobs.51job.com/all/171067122.html?s=sou_sou_soulb&t=0_0&req=e7ac7a77f978593222de738756b9b7c5
贵州,遵义,仁怀市,贵州,遵义,仁怀市,high,exact-city-alias,8,job_092406,https://jobs.51job.com/zunyi-rhs/171663548.html?s=sou_sou_soulb&t=0_0&req=d0d105f44397bcfa7a1d3b0e09ad79af
河北,邢台,临城县,河北,邢台,临城县,high,exact-city-alias,8,job_349809,https://jobs.51job.com/xingtai-lcx/171509536.html?s=sou_sou_soulb&t=0_0&req=33ea9f02b37f974ab3e5a22f5ed4197b
河北,邯郸,曲周县,河北,邯郸,曲周县,high,exact-city-alias,8,job_074873,https://jobs.51job.com/handan-qzx/170377414.html?s=sou_sou_soulb&t=0_0&req=fdd27347085fa7d2f853e8a0752f86c8
河北,邯郸,永年区,河北,邯郸,永年区,high,exact-city-alias,8,job_140689,https://jobs.51job.com/handan-ynq/170388952.html?s=sou_sou_soulb&t=0_0&req=04004523c714b17b7633a672a3da31ca
辽宁,铁岭,铁岭县,辽宁,铁岭,铁岭县,high,exact-city-alias,8,job_240028,https://jobs.51job.com/tieling-tlx/170253535.html?s=sou_sou_soulb&t=0_0&req=b4d9a1e2758723674242cc1deb57e0e5
辽宁,锦州,太和区,辽宁,锦州,太和区,high,exact-city-alias,8,job_119884,https://jobs.51job.com/jinzhou-thq/169684625.html?s=sou_sou_soulb&t=0_0&req=4d1e619d6e9520756658a4cc8926fd5f
吉林,长春,榆树市,吉林,长春,榆树市,high,exact-city-alias,8,job_347625,https://jobs.51job.com/changchun-yss/171472733.html?s=sou_sou_soulb&t=0_0&req=cfb60e68686831c33b2d377a0d415f58
安徽,阜阳,阜南县,安徽,阜阳,阜南县,high,exact-city-alias,8,job_058378,https://jobs.51job.com/fuyang-fnx/170451715.html?s=sou_sou_soulb&t=0_0&req=6ba3e8135381df12a28e282f56c6d7e8
广西,防城港,东兴市,广西,防城港,东兴市,high,exact-city-alias,8,job_094304,https://jobs.51job.com/fangchenggang-dxs/170657083.html?s=sou_sou_soulb&t=0_0&req=fa6f80af1f5de7ef7985d3eef5f70da7
新疆,阿克苏,阿克苏市,新疆,阿克苏,阿克苏市,high,exact-city-alias,8,job_150800,https://jobs.51job.com/akesu-kss/168353051.html?s=sou_sou_soulb&t=0_0&req=1ab7902495eb621a980c355a26c13b35
四川,阿坝,松潘县,四川,阿坝,松潘县,high,51job-area-alias,8,job_364485,https://jobs.51job.com/aba-spx/169803832.html?s=sou_sou_soulb&t=0_0&req=b13a9b61ac2b127ec9abeb8040b5ac7a
湖北,黄冈,团风县,湖北,黄冈,团风县,high,exact-city-alias,8,job_363409,https://jobs.51job.com/huanggang-tfx/168235691.html?s=sou_sou_soulb&t=0_0&req=28c47c6f439de3c6f8b03e09fd1aef42
贵州,黔南,福泉市,贵州,黔南,福泉市,high,51job-area-alias,8,job_075164,https://jobs.51job.com/qiannan-fqs/170622458.html?s=sou_sou_soulb&t=0_0&req=5da766712cd16861a32f3d73c97e1e26
贵州,黔西南,贞丰县,贵州,黔西南,贞丰县,high,51job-area-alias,8,job_168425,https://jobs.51job.com/qianxinan-zfx/169414492.html?s=sou_sou_soulb&t=0_0&req=4004a8a177afb600d3e261c627713f3a
四川,乐山,井研县,四川,乐山,井研县,high,exact-city-alias,7,job_204272,https://jobs.51job.com/leshan-jyx/171661635.html?s=sou_sou_soulb&t=0_0&req=18317b61f16264b9bce71e5914ad0c9e
四川,乐山,夹江县,四川,乐山,夹江县,high,exact-city-alias,7,job_389813,https://jobs.51job.com/leshan-jjx/171633475.html?s=sou_sou_soulb&t=0_0&req=6fb40521c7591709bcfb805efb609742
黑龙江,佳木斯,富锦市,黑龙江,佳木斯,富锦市,high,exact-city-alias,7,job_150237,https://jobs.51job.com/jiamusi-fjs/171608070.html?s=sou_sou_soulb&t=0_0&req=619f4f5b3f8b055649e79e2b005c99f2
湖北,十堰,郧西县,湖北,十堰,郧西县,high,exact-city-alias,7,job_058995,https://jobs.51job.com/shiyan-yxx/170517070.html?s=sou_sou_soulb&t=0_0&req=4cce6195357bba6ad6db386bee76da5b
福建,南平,建瓯市,福建,南平,建瓯市,high,exact-city-alias,7,job_080371,https://jobs.51job.com/nanping-jos/170896691.html?s=sou_sou_soulb&t=0_0&req=82469655ebf833a82b9fee896cc846b6
新疆,博尔塔拉,,新疆,博尔塔拉,,high,51job-area-alias,7,job_222432,https://jobs.51job.com/boertala/171123359.html?s=sou_sou_soulb&t=0_0&req=ce4ec9fe389e94625492ca1b31b9a9ef
新疆,可克达拉,,新疆,可克达拉,,low,fallback-city-source,7,job_073641,https://jobs.51job.com/kekedala/170492903.html?s=sou_sou_soulb&t=0_0&req=d7d415f6fcf2124e17b8f9419ef417c8
山西,吕梁,离石区,山西,吕梁,离石区,high,exact-city-alias,7,job_333658,https://jobs.51job.com/lvliang-lsq/171515831.html?s=sou_sou_soulb&t=0_0&req=c8bcacda6b3d765c5d94d77fd84bbe92
河北,唐山,玉田县,河北,唐山,玉田县,high,exact-city-alias,7,job_291947,https://jobs.51job.com/tangshan-ytx/171123178.html?s=sou_sou_soulb&t=0_0&req=e65df3860bbee54f76b6c9f459683df6
河北,唐山,乐亭县,河北,唐山,乐亭县,high,exact-city-alias,7,job_521325,https://jobs.51job.com/tangshan-ltx/171342521.html?s=sou_sou_soulb&t=0_0&req=aaed95aa6b407e19eb8a453ce87a356e
山西,大同,广灵县,山西,大同,广灵县,high,exact-city-alias,7,job_217103,https://jobs.51job.com/datong-glx/167967727.html?s=sou_sou_soulb&t=0_0&req=b0f2b8e425ba61319e496ed38464f11a
云南,大理,鹤庆县,云南,大理,鹤庆县,high,51job-area-alias,7,job_073562,https://jobs.51job.com/dali-hqx/170497233.html?s=sou_sou_soulb&t=0_0&req=f583da3b005e77b0da522d9bab164fa9
云南,大理,云龙县,云南,大理,云龙县,high,51job-area-alias,7,job_095601,https://jobs.51job.com/dali-ylx/170810165.html?s=sou_sou_soulb&t=0_0&req=d3c498575bac4ce728c993a5c4e40321
福建,宁德,寿宁县,福建,宁德,寿宁县,high,exact-city-alias,7,job_044976,https://jobs.51job.com/ningde-snx/171134763.html?s=sou_sou_soulb&t=0_0&req=80cdefdc2a603db3966afb12c7fe2b86
安徽,安庆,宿松县,安徽,安庆,宿松县,high,exact-city-alias,7,job_047670,https://jobs.51job.com/anqing-ssx/171513985.html?s=sou_sou_soulb&t=0_0&req=cdbff652fc6df47faf4de6f014966e90
四川,宜宾,兴文县,四川,宜宾,兴文县,high,exact-city-alias,7,job_222022,https://jobs.51job.com/yibin-xwx/170612274.html?s=sou_sou_soulb&t=0_0&req=2cb6a65eed3751f618921aaa8e9aac69
安徽,宿州,萧县,安徽,宿州,萧县,high,exact-city-alias,7,job_058491,https://jobs.51job.com/suzhou-xx/169629254.html?s=sou_sou_soulb&t=0_0&req=56bcdd81347c77a70e15d6becf8d54f0
西藏,山南,,西藏,山南,,high,exact-city-alias,7,job_059588,https://jobs.51job.com/shannan/171336578.html?s=sou_sou_soulb&t=0_0&req=6dc98371e030ecaffafb6cb1d0fe1daf
湖南,岳阳,岳阳县,湖南,岳阳,岳阳县,high,exact-city-alias,7,job_094548,https://jobs.51job.com/yueyang-yyx/170991570.html?s=sou_sou_soulb&t=0_0&req=cfab4562fd6c6b9766789e8ed77482d6
,常熟,,江苏,常熟,,high,51job-area-alias,7,job_038746,https://jobs.51job.com/all/167620628.html?s=sou_sou_soulb&t=0_0&req=0d5c22afbf064e1c987eec338a72a364
四川,广元,旺苍县,四川,广元,旺苍县,high,exact-city-alias,7,job_222016,https://jobs.51job.com/guangyuan-wcx/171042768.html?s=sou_sou_soulb&t=0_0&req=2cb6a65eed3751f618921aaa8e9aac69
河南,开封,鼓楼区,河南,开封,鼓楼区,high,exact-city-alias,7,job_356909,https://jobs.51job.com/kaifeng-glq/170557264.html?s=sou_sou_soulb&t=0_0&req=326da0f7163790b2815160d8dbee5343
山东,德州,禹城市,山东,德州,禹城市,high,exact-city-alias,7,job_045452,https://jobs.51job.com/dezhou-ycs/171660333.html?s=sou_sou_soulb&t=0_0&req=73563c9736e30c436448db9496e1792b
四川,攀枝花,西区,四川,攀枝花,西区,high,exact-city-alias,7,job_094177,https://jobs.51job.com/panzhihua-xq/170162176.html?s=sou_sou_soulb&t=0_0&req=a2cd57383e4ac5d0de6d54eddded3e40
云南,文山,广南县,云南,文山,广南县,high,51job-area-alias,7,job_386645,https://jobs.51job.com/wenshan-gnx/168571671.html?s=sou_sou_soulb&t=0_0&req=39ed20e2bed3bc7f3c727da98c9bed51
山西,朔州,朔城区,山西,朔州,朔城区,high,exact-city-alias,7,job_296121,https://jobs.51job.com/shuozhou-scq/169909682.html?s=sou_sou_soulb&t=0_0&req=38cd3a169067c1525796b09e12dac82d
西藏,林芝,米林市,西藏,林芝,米林市,high,exact-city-alias,7,job_095641,https://jobs.51job.com/linzhi-mls/171452379.html?s=sou_sou_soulb&t=0_0&req=d0a0bc2152f1e35ad187193aabddfd2b
广西,桂林,永福县,广西,桂林,永福县,high,exact-city-alias,7,job_119167,https://jobs.51job.com/guilin-yfx/167341959.html?s=sou_sou_soulb&t=0_0&req=3486998155c20aae9e13c90254ed2e6f
广西,梧州,龙圩区,广西,梧州,龙圩区,high,exact-city-alias,7,job_334671,https://jobs.51job.com/wuzhou-lxq/171166147.html?s=sou_sou_soulb&t=0_0&req=dd20eaaafc5583cc94b5d7ca2f2ed6cd
山东,济南,平阴县,山东,济南,平阴县,high,exact-city-alias,7,job_045709,https://jobs.51job.com/jinan-pyx/168553796.html?s=sou_sou_soulb&t=0_0&req=70a048a1dc1d1f8f5455cb7a09b93e4b
山东,济宁,泗水县,山东,济宁,泗水县,high,exact-city-alias,7,job_094241,https://jobs.51job.com/jining-ssx/167692327.html?s=sou_sou_soulb&t=0_0&req=1ad3eb741cd15cf56b4ef3808ad0f5df
山东,淄博,周村区,山东,淄博,周村区,high,exact-city-alias,7,job_148182,https://jobs.51job.com/zibo-zcq/171647597.html?s=sou_sou_soulb&t=0_0&req=616043c84d379a9b742d838abad1d887
,深圳-罗湖区,,广东,深圳,罗湖区,high,city-hyphen-district,7,job_034199,https://jobs.51job.com/all/171383450.html?s=sou_sou_soulb&t=0_0&req=219cac76d8438f429a322a999dea68b2
广东,清远,阳山县,广东,清远,阳山县,high,exact-city-alias,7,job_098919,https://jobs.51job.com/qingyuan-ysx/170978456.html?s=sou_sou_soulb&t=0_0&req=c1da1273824351abe4938b0a278f40b0
陕西,渭南,大荔县,陕西,渭南,大荔县,high,exact-city-alias,7,job_059166,https://jobs.51job.com/weinan-dlx/163134077.html?s=sou_sou_soulb&t=0_0&req=628d2cb24bd03e4311f15e991f9de311
湖南,湘西,泸溪县,湖南,湘西,泸溪县,high,51job-area-alias,7,job_133779,https://jobs.51job.com/xiangxi-lxx/168000892.html?s=sou_sou_soulb&t=0_0&req=5e530186be8929e5ab2f01bbffc959d4
湖南,湘西,凤凰县,湖南,湘西,凤凰县,high,51job-area-alias,7,job_328489,https://jobs.51job.com/xiangxi-fhx/170560966.html?s=sou_sou_soulb&t=0_0&req=c3b4cb6e12a6220d57e82494f019a052
河南,漯河,临颍县,河南,漯河,临颍县,high,exact-city-alias,7,job_048955,https://jobs.51job.com/luohe-lyx/157651459.html?s=sou_sou_soulb&t=0_0&req=9f09c7eec16fbf70e565979777a14d81
河南,焦作,博爱县,河南,焦作,博爱县,high,exact-city-alias,7,job_088604,https://jobs.51job.com/jiaozuo-bax/171652458.html?s=sou_sou_soulb&t=0_0&req=6685051082928ead28d21d4ce21b5fad
河南,焦作,修武县,河南,焦作,修武县,high,exact-city-alias,7,job_130488,https://jobs.51job.com/jiaozuo-xwx/171288600.html?s=sou_sou_soulb&t=0_0&req=7b1c9c8a3754925425f9dcfec1a5caab
河南,焦作,沁阳市,河南,焦作,沁阳市,high,exact-city-alias,7,job_140730,https://jobs.51job.com/jiaozuo-qys/171557376.html?s=sou_sou_soulb&t=0_0&req=ad4ff98a1e51fb2c8231896d3aedf339
青海,玉树,,青海,玉树,,high,51job-area-alias,7,job_267811,https://jobs.51job.com/yushu/170429748.html?s=sou_sou_soulb&t=0_0&req=778f603f4d23c82b55f1c087b8306974
广西,百色,田阳区,广西,百色,田阳区,high,exact-city-alias,7,job_185084,https://jobs.51job.com/baise-tyq/170252864.html?s=sou_sou_soulb&t=0_0&req=46fad26634753b09180195019dbefc08
黑龙江,绥化,北林区,黑龙江,绥化,北林区,high,exact-city-alias,7,job_095563,https://jobs.51job.com/suihua-blq/171646510.html?s=sou_sou_soulb&t=0_0&req=c1b3693d3239f4d4594f8fe2e68a20d3
山东,聊城,高唐县,山东,聊城,高唐县,high,exact-city-alias,7,job_006649,https://jobs.51job.com/liaocheng-gtx/164845505.html?s=sou_sou_soulb&t=0_0&req=ec3d23181e884f6e354727f6abc0ef9d
辽宁,营口,站前区,辽宁,营口,站前区,high,exact-city-alias,7,job_108341,https://jobs.51job.com/yingkou-zqq/171438130.html?s=sou_sou_soulb&t=0_0&req=b73619a8149cef08aa3427596c7a4d05
湖南,衡阳,常宁市,湖南,衡阳,常宁市,high,exact-city-alias,7,job_212837,https://jobs.51job.com/hengyang-cns/170941439.html?s=sou_sou_soulb&t=0_0&req=f3437d9f68be92526e6294e5ff912527
河南,许昌,鄢陵县,河南,许昌,鄢陵县,high,exact-city-alias,7,job_741449,https://jobs.51job.com/xuchang-ylx/170719772.html?s=sou_sou_soulb&t=0_0&req=7fbe5ba099d117d773835e7bc6c20699
河北,邢台,广宗县,河北,邢台,广宗县,high,exact-city-alias,7,job_363374,https://jobs.51job.com/xingtai-gzx/171349812.html?s=sou_sou_soulb&t=0_0&req=6e35f35eddeee6a9bcb5baa1a21c2d52
河北,邯郸,复兴区,河北,邯郸,复兴区,high,exact-city-alias,7,job_363372,https://jobs.51job.com/handan-fxq/171349941.html?s=sou_sou_soulb&t=0_0&req=6e35f35eddeee6a9bcb5baa1a21c2d52
湖南,邵阳,新邵县,湖南,邵阳,新邵县,high,exact-city-alias,7,job_165925,https://jobs.51job.com/shaoyang-xsx/170328725.html?s=sou_sou_soulb&t=0_0&req=5cefef8bce39994a278552e333637155
湖南,邵阳,北塔区,湖南,邵阳,北塔区,high,exact-city-alias,7,job_346844,https://jobs.51job.com/shaoyang-btq/162497826.html?s=sou_sou_soulb&t=0_0&req=4dc20630f3a03bb177d432cb3ac18c7e
湖南,邵阳,隆回县,湖南,邵阳,隆回县,high,exact-city-alias,7,job_523632,https://jobs.51job.com/shaoyang-lhx/170550587.html?s=sou_sou_soulb&t=0_0&req=c7233558ffc78bcf92686b0b4af6de3e
甘肃,酒泉,敦煌市,甘肃,酒泉,敦煌市,high,exact-city-alias,7,job_112882,https://jobs.51job.com/jiuquan-dhs/170620936.html?s=sou_sou_soulb&t=0_0&req=94ef2c8cbc0ad652006d1cd00b3e2569
甘肃,酒泉,金塔县,甘肃,酒泉,金塔县,high,exact-city-alias,7,job_217462,https://jobs.51job.com/jiuquan-jtx/168143714.html?s=sou_sou_soulb&t=0_0&req=c63927404b4247690b01f2d335816549
甘肃,金昌,金川区,甘肃,金昌,金川区,high,exact-city-alias,7,job_054196,https://jobs.51job.com/jinchang-jcq/168795485.html?s=sou_sou_soulb&t=0_0&req=556e93092ca4d630bd8bf4a782437127
吉林,长春,农安县,吉林,长春,农安县,high,exact-city-alias,7,job_267766,https://jobs.51job.com/changchun-nax/170297798.html?s=sou_sou_soulb&t=0_0&req=2eafdd73f1d54e130d0cbc0ebfaff566
辽宁,阜新,彰武县,辽宁,阜新,彰武县,high,exact-city-alias,7,job_454435,https://jobs.51job.com/fuxin-zwx/159772066.html?s=sou_sou_soulb&t=0_0&req=0656298cab2ad73b71a6253c7291f998
安徽,阜阳,颍上县,安徽,阜阳,颍上县,high,exact-city-alias,7,job_058368,https://jobs.51job.com/fuyang-ysx/171193082.html?s=sou_sou_soulb&t=0_0&req=c2a6c8fc87332d8845cc17e8f3c254d6
山西,阳泉,郊区,山西,阳泉,郊区,high,exact-city-alias,7,job_168355,https://jobs.51job.com/yangquan-jq/169821046.html?s=sou_sou_soulb&t=0_0&req=aaf162cc7ae0f22c299eda7f71bdc8a1
内蒙古,阿拉善盟,,内蒙古,阿拉善盟,,high,exact-city-alias,7,job_353201,https://jobs.51job.com/alashan/171660180.html?s=sou_sou_soulb&t=0_0&req=d1eceed1552b3bbe49efd43ad39bdbd1
河南,驻马店,西平县,河南,驻马店,西平县,high,exact-city-alias,7,job_143516,https://jobs.51job.com/zhumadian-xpx/171400215.html?s=sou_sou_soulb&t=0_0&req=17b50730372bf52424b4ad0a2ec54cc4
贵州,黔南,惠水县,贵州,黔南,惠水县,high,51job-area-alias,7,job_023809,https://jobs.51job.com/qiannan-hsx/169499560.html?s=sou_sou_soulb&t=0_0&req=64203f4429ac76705893481cbbbaef25
福建,三明,宁化县,福建,三明,宁化县,high,exact-city-alias,6,job_386386,https://jobs.51job.com/sanming-nhx/168518005.html?s=sou_sou_soulb&t=0_0&req=d396c1f423d5d287aaf1e666489bbef2
河南,三门峡,灵宝市,河南,三门峡,灵宝市,high,exact-city-alias,6,job_048888,https://jobs.51job.com/sanmenxia-lbs/169572556.html?s=sou_sou_soulb&t=0_0&req=f2ae46da9255234e509adb6d9b207707
山西,临汾,古县,山西,临汾,古县,high,exact-city-alias,6,job_088738,https://jobs.51job.com/linfen-gx/170498811.html?s=sou_sou_soulb&t=0_0&req=249981f304cf1086190d92116a936d69
山东,临沂,费县,山东,临沂,费县,high,exact-city-alias,6,job_363234,https://jobs.51job.com/linyi-fx/171532874.html?s=sou_sou_soulb&t=0_0&req=660977ce4f023e72005b642f16414a23
云南,临沧,凤庆县,云南,临沧,凤庆县,high,exact-city-alias,6,job_059408,https://jobs.51job.com/lincang-fqx/170414345.html?s=sou_sou_soulb&t=0_0&req=237fd1b060d064b255d01e6a9d946c9e
内蒙古,乌海,海勃湾区,内蒙古,乌海,海勃湾区,high,exact-city-alias,6,job_112887,https://jobs.51job.com/wuhai-hbwq/171099265.html?s=sou_sou_soulb&t=0_0&req=b3bbae4ed1bb9471b824635fef955f3d
新疆,伊犁,奎屯市,新疆,伊犁,奎屯市,high,51job-area-alias,6,job_150793,https://jobs.51job.com/yili-kts/171586749.html?s=sou_sou_soulb&t=0_0&req=1ab7902495eb621a980c355a26c13b35
黑龙江,佳木斯,前进区,黑龙江,佳木斯,前进区,high,exact-city-alias,6,job_352003,https://jobs.51job.com/jiamusi-qjq/170580626.html?s=sou_sou_soulb&t=0_0&req=dc5e7d3c38c91f7d13218c4b348c56da
河北,保定,高碑店市,河北,保定,高碑店市,high,exact-city-alias,6,job_094378,https://jobs.51job.com/baoding-gbds/169779007.html?s=sou_sou_soulb&t=0_0&req=077d0d8a4a5eee2fdb3de12d3327687d
河北,保定,涞水县,河北,保定,涞水县,high,exact-city-alias,6,job_298307,https://jobs.51job.com/baoding-lsx/171122961.html?s=sou_sou_soulb&t=0_0&req=640d815dbf136acfc7237f9bf8967c6b
四川,南充,南部县,四川,南充,南部县,high,exact-city-alias,6,job_072456,https://jobs.51job.com/nanchong-nbx/169454615.html?s=sou_sou_soulb&t=0_0&req=0483b440d9a003590f33ae59c4f7499e
四川,南充,阆中市,四川,南充,阆中市,high,exact-city-alias,6,job_102310,https://jobs.51job.com/nanchong-lzs/171500576.html?s=sou_sou_soulb&t=0_0&req=0f65f9677f873706e13c416a7fac6c6d
河南,南阳,桐柏县,河南,南阳,桐柏县,high,exact-city-alias,6,job_627010,https://jobs.51job.com/nanyang-tbx/169944270.html?s=sou_sou_soulb&t=0_0&req=179d14d93cb47d62825db2a620b69ac1
宁夏,吴忠,青铜峡市,宁夏,吴忠,青铜峡市,high,exact-city-alias,6,job_188057,https://jobs.51job.com/wuzhong-qtxs/171084143.html?s=sou_sou_soulb&t=0_0&req=41e8fdba127f6bb1cdf0f1f015a798d4
宁夏,吴忠,盐池县,宁夏,吴忠,盐池县,high,exact-city-alias,6,job_282268,https://jobs.51job.com/wuzhong-ycx/168573007.html?s=sou_sou_soulb&t=0_0&req=bad0f438c37c04fe16d3847b5f253d2e
河南,周口,太康县,河南,周口,太康县,high,exact-city-alias,6,job_058641,https://jobs.51job.com/zhoukou-tkx/167778650.html?s=sou_sou_soulb&t=0_0&req=fc1480270ba065552ab91ef198e0413c
河南,周口,扶沟县,河南,周口,扶沟县,high,exact-city-alias,6,job_058649,https://jobs.51job.com/zhoukou-fgx/169014990.html?s=sou_sou_soulb&t=0_0&req=fc1480270ba065552ab91ef198e0413c
河北,唐山,遵化市,河北,唐山,遵化市,high,exact-city-alias,6,job_164887,https://jobs.51job.com/tangshan-zhs/171342737.html?s=sou_sou_soulb&t=0_0&req=20316a0672eb3a0224d1166adae4ea6e
河南,商丘,永城市,河南,商丘,永城市,high,exact-city-alias,6,job_103246,https://jobs.51job.com/shangqiu-ycs/168490636.html?s=sou_sou_soulb&t=0_0&req=9cab892101686c09f138cc8ac9b0d641
黑龙江,大兴安岭,,黑龙江,大兴安岭,,high,exact-city-alias,6,job_299095,https://jobs.51job.com/daxinganling/170339803.html?s=sou_sou_soulb&t=0_0&req=a66ca913636b66f39cde3c0ab73c88c1
甘肃,天水,甘谷县,甘肃,天水,甘谷县,high,exact-city-alias,6,job_082267,https://jobs.51job.com/tianshui-ggx/170480170.html?s=sou_sou_soulb&t=0_0&req=770a85ab659eaa0b5a8e98261ea5ee13
四川,宜宾,高县,四川,宜宾,高县,high,exact-city-alias,6,job_043301,https://jobs.51job.com/yibin-gx/170872210.html?s=sou_sou_soulb&t=0_0&req=5b494617c958144a702ed9f6df94f83e
陕西,宝鸡,凤翔区,陕西,宝鸡,凤翔区,high,exact-city-alias,6,job_052028,https://jobs.51job.com/baoji-fxq/170673913.html?s=sou_sou_soulb&t=0_0&req=015f41a47ebbaf5a442ff1f0c78a935d
安徽,宣城,泾县,安徽,宣城,泾县,high,exact-city-alias,6,job_095428,https://jobs.51job.com/xuancheng-jx/164120626.html?s=sou_sou_soulb&t=0_0&req=b42125229898f1d0e334a94b90d44079
,宿迁,,江苏,宿迁,,high,exact-city-alias,6,job_039542,https://jobs.51job.com/all/171407188.html?s=sou_sou_soulb&t=0_0&req=d98b484912136043c51a8fe36a0c3911
甘肃,平凉,泾川县,甘肃,平凉,泾川县,high,exact-city-alias,6,job_104647,https://jobs.51job.com/pingliang-jcx/170533009.html?s=sou_sou_soulb&t=0_0&req=4f1a70f08d9afefd586e9bc2f8aa2997
甘肃,平凉,静宁县,甘肃,平凉,静宁县,high,exact-city-alias,6,job_108354,https://jobs.51job.com/pingliang-jnx/169774771.html?s=sou_sou_soulb&t=0_0&req=d018b24d3c970966724d5947a33a8367
吉林,延边,敦化市,吉林,延边,敦化市,high,51job-area-alias,6,job_141728,https://jobs.51job.com/yanbian-dhs/166064459.html?s=sou_sou_soulb&t=0_0&req=8910032eea361949419bd1e6cd6d8add
河南,开封,通许县,河南,开封,通许县,high,exact-city-alias,6,job_216604,https://jobs.51job.com/kaifeng-txx/167961341.html?s=sou_sou_soulb&t=0_0&req=3006d97948d95a441e62f58f481702cd
,张家港,,江苏,张家港,,high,51job-area-alias,6,job_039357,https://jobs.51job.com/all/154840436.html?s=sou_sou_soulb&t=0_0&req=c7929b77ffca1a030fabd7f508cba003
甘肃,张掖,民乐县,甘肃,张掖,民乐县,high,exact-city-alias,6,job_112884,https://jobs.51job.com/zhangye-mlx/171515639.html?s=sou_sou_soulb&t=0_0&req=94ef2c8cbc0ad652006d1cd00b3e2569
山东,德州,乐陵市,山东,德州,乐陵市,high,exact-city-alias,6,job_094256,https://jobs.51job.com/dezhou-lls/165964177.html?s=sou_sou_soulb&t=0_0&req=1ad3eb741cd15cf56b4ef3808ad0f5df
湖南,怀化,洪江市,湖南,怀化,洪江市,high,exact-city-alias,6,job_059048,https://jobs.51job.com/huaihua-hjs/171523125.html?s=sou_sou_soulb&t=0_0&req=64cc4aa61481c7e1ed78e8feccd47ea5
湖南,怀化,辰溪县,湖南,怀化,辰溪县,high,exact-city-alias,6,job_195600,https://jobs.51job.com/huaihua-cxx/171266965.html?s=sou_sou_soulb&t=0_0&req=bbe526652eee16607baaed41a51f339c
湖南,怀化,沅陵县,湖南,怀化,沅陵县,high,exact-city-alias,6,job_401610,https://jobs.51job.com/huaihua-ylx/170294735.html?s=sou_sou_soulb&t=0_0&req=609b9c0abb8bbaced9aee5897f974a7e
新疆,昌吉,奇台县,新疆,昌吉,奇台县,high,51job-area-alias,6,job_381104,https://jobs.51job.com/changji-qtx/171641227.html?s=sou_sou_soulb&t=0_0&req=75cb4c2f3b95a5c29e684a755bf85d54
山西,晋中,和顺县,山西,晋中,和顺县,high,exact-city-alias,6,job_150205,https://jobs.51job.com/jinzhong-hsx/170454495.html?s=sou_sou_soulb&t=0_0&req=1495a1b45d6ff1ab1ceb4ca4fd6079dd
云南,普洱,澜沧拉祜族自治县,云南,普洱,澜沧拉祜族自治县,high,exact-city-alias,6,job_065647,https://jobs.51job.com/puer-lclhzzzx/163990590.html?s=sou_sou_soulb&t=0_0&req=4897f75ef9a7cc16af7d0cd2ee0a70c2
辽宁,朝阳,双塔区,辽宁,朝阳,双塔区,high,exact-city-alias,6,job_141674,https://jobs.51job.com/chaoyang-stq/171236095.html?s=sou_sou_soulb&t=0_0&req=cb38246e4b95c82df1d21bdcd6970af6
辽宁,朝阳,龙城区,辽宁,朝阳,龙城区,high,exact-city-alias,6,job_250138,https://jobs.51job.com/chaoyang-lcq/170296629.html?s=sou_sou_soulb&t=0_0&req=a07aad9807842b3842312eeae95fc3a6
西藏,林芝,墨脱县,西藏,林芝,墨脱县,high,exact-city-alias,6,job_380067,https://jobs.51job.com/linzhi-mtx/170555913.html?s=sou_sou_soulb&t=0_0&req=82490c0f9a36c2e588086db94824c518
山东,枣庄,峄城区,山东,枣庄,峄城区,high,exact-city-alias,6,job_550995,https://jobs.51job.com/zaozhuang-ycq/171187566.html?s=sou_sou_soulb&t=0_0&req=4cfe5ae33dce2f154f3ea6b42ab5bf3a
广西,桂林,全州县,广西,桂林,全州县,high,exact-city-alias,6,job_436236,https://jobs.51job.com/guilin-qzx/171089792.html?s=sou_sou_soulb&t=0_0&req=08266211a1a67e87c916c21e6b554cd9
广东,梅州,蕉岭县,广东,梅州,蕉岭县,high,exact-city-alias,6,job_410425,https://jobs.51job.com/meizhou-jlx/168359734.html?s=sou_sou_soulb&t=0_0&req=b78a73f4d997dcbdf13e14ab207a5ce6
云南,楚雄,大姚县,云南,楚雄,大姚县,high,51job-area-alias,6,job_376929,https://jobs.51job.com/chuxiong-dyx/165176365.html?s=sou_sou_soulb&t=0_0&req=c1d3f4b1af1fcdeef410f03ead3286cd
甘肃,武威,民勤县,甘肃,武威,民勤县,high,exact-city-alias,6,job_363941,https://jobs.51job.com/wuwei-mqx/171234688.html?s=sou_sou_soulb&t=0_0&req=f94992705be1e8ae0a9401f8014b55a8
贵州,毕节,金沙县,贵州,毕节,金沙县,high,exact-city-alias,6,job_391273,https://jobs.51job.com/bijie-jsx/171663443.html?s=sou_sou_soulb&t=0_0&req=ac77a072b659da46bf2c46c437edf23d
湖南,永州,东安县,湖南,永州,东安县,high,exact-city-alias,6,job_103990,https://jobs.51job.com/yongzhou-dax/171050080.html?s=sou_sou_soulb&t=0_0&req=3fb180c57a69ca9b93a2f246c4c2d577
安徽,池州,青阳县,安徽,池州,青阳县,high,exact-city-alias,6,job_148751,https://jobs.51job.com/chizhou-qyx/170530558.html?s=sou_sou_soulb&t=0_0&req=59f441f87388b054dd2469ba313a38a8
青海,海南州,共和县,青海,海南州,共和县,low,fallback-city-source,6,job_217695,https://jobs.51job.com/hainanzhou-ghx/167961001.html?s=sou_sou_soulb&t=0_0&req=ea3ffe9c41bc1904001679528b603e3a
,淮安,,江苏,淮安,,high,exact-city-alias,6,job_039520,https://jobs.51job.com/all/171498835.html?s=sou_sou_soulb&t=0_0&req=0e9932f25f7282d32d13c1b19bcb1b12
山东,滨州,无棣县,山东,滨州,无棣县,high,exact-city-alias,6,job_080490,https://jobs.51job.com/binzhou-wdx/171129324.html?s=sou_sou_soulb&t=0_0&req=9d44bf39f766f463012e7be6c07e2fab
河南,焦作,解放区,河南,焦作,解放区,high,exact-city-alias,6,job_048924,https://jobs.51job.com/jiaozuo-jfq/170389481.html?s=sou_sou_soulb&t=0_0&req=f2ae46da9255234e509adb6d9b207707
广西,百色,田东县,广西,百色,田东县,high,exact-city-alias,6,job_102978,https://jobs.51job.com/baise-tdx/167046338.html?s=sou_sou_soulb&t=0_0&req=7614d1122721db1da8f63642cc61a7b5
河北,石家庄,赵县,河北,石家庄,赵县,high,exact-city-alias,6,job_058495,https://jobs.51job.com/shijiazhuang-zx/171553653.html?s=sou_sou_soulb&t=0_0&req=efa1180f4c1dee61ee9248448f187c57
四川,自贡,大安区,四川,自贡,大安区,high,exact-city-alias,6,job_207527,https://jobs.51job.com/zigong-daq/170525455.html?s=sou_sou_soulb&t=0_0&req=2f3644b740317cdfd6037de9346f2b70
浙江,舟山,嵊泗县,浙江,舟山,嵊泗县,high,exact-city-alias,6,job_295972,https://jobs.51job.com/zhoushan-ssx/168686137.html?s=sou_sou_soulb&t=0_0&req=a0bcf5d06c291ff397b8a933c89708b2
山东,菏泽,单县,山东,菏泽,单县,high,exact-city-alias,6,job_102725,https://jobs.51job.com/heze-sx/171353238.html?s=sou_sou_soulb&t=0_0&req=c0e26184fd078eecc83f77c9459b19e4
辽宁,葫芦岛,兴城市,辽宁,葫芦岛,兴城市,high,exact-city-alias,6,job_168374,https://jobs.51job.com/huludao-xcs/171175701.html?s=sou_sou_soulb&t=0_0&req=9d6aa500be22c59246b31cfb4c3ba347
河南,许昌,禹州市,河南,许昌,禹州市,high,exact-city-alias,6,job_049010,https://jobs.51job.com/xuchang-yzs/169864379.html?s=sou_sou_soulb&t=0_0&req=dce2a2e4d2dfce972142edbf03f6e9d2
江西,赣州,崇义县,江西,赣州,崇义县,high,exact-city-alias,6,job_114129,https://jobs.51job.com/ganzhou-cyx/167754786.html?s=sou_sou_soulb&t=0_0&req=35f3970c82ab2a02bd9cac2228fe7a84
辽宁,辽阳,白塔区,辽宁,辽阳,白塔区,high,exact-city-alias,6,job_319566,https://jobs.51job.com/liaoyang-btq/170746853.html?s=sou_sou_soulb&t=0_0&req=b4d8dc92b5096875f8c8bd79de2a4d47
四川,达州,通川区,四川,达州,通川区,high,exact-city-alias,6,job_022448,https://jobs.51job.com/dazhou-tcq/170086071.html?s=sou_sou_soulb&t=0_0&req=612b046229767fa3690155e608fb25f9
山西,运城,绛县,山西,运城,绛县,high,exact-city-alias,6,job_166225,https://jobs.51job.com/yuncheng-jx/166476791.html?s=sou_sou_soulb&t=0_0&req=9f5e6f86e9a1686a97e71b0cca021e39
云南,迪庆,德钦县,云南,迪庆,德钦县,high,51job-area-alias,6,job_075152,https://jobs.51job.com/diqing-dqx/170622636.html?s=sou_sou_soulb&t=0_0&req=e81cb2d68c1749aace19b531859a40da
贵州,遵义,汇川区,贵州,遵义,汇川区,high,exact-city-alias,6,job_061169,https://jobs.51job.com/zunyi-hcq/170088487.html?s=sou_sou_soulb&t=0_0&req=fd3d72ddb08d3e857cec9014a3f67a1b
西藏,那曲,,西藏,那曲,,high,exact-city-alias,6,job_353605,https://jobs.51job.com/naqu/171663989.html?s=sou_sou_soulb&t=0_0&req=683fcfbcb9ae160800b9f85ba270e907
河北,邯郸,武安市,河北,邯郸,武安市,high,exact-city-alias,6,job_363377,https://jobs.51job.com/handan-was/171349357.html?s=sou_sou_soulb&t=0_0&req=6e35f35eddeee6a9bcb5baa1a21c2d52
湖南,邵阳,邵阳县,湖南,邵阳,邵阳县,high,exact-city-alias,6,job_092144,https://jobs.51job.com/shaoyang-syx/171633555.html?s=sou_sou_soulb&t=0_0&req=b7ceb5be9a5055aae726bb43ecdd255e
内蒙古,鄂尔多斯,准格尔旗,内蒙古,鄂尔多斯,准格尔旗,high,exact-city-alias,6,job_282252,https://jobs.51job.com/eerduosi-zgeq/171634862.html?s=sou_sou_soulb&t=0_0&req=e3d9c94c5a381d9689d372fa92a2aec8
重庆,重庆,巫溪县,重庆,重庆,巫溪县,high,exact-city-alias,6,job_611721,https://jobs.51job.com/chongqing-wxx/171252432.html?s=sou_sou_soulb&t=0_0&req=295f5b7a6fc34fb0d63f2c49eb36712e
内蒙古,锡林郭勒盟,锡林浩特市,内蒙古,锡林郭勒盟,锡林浩特市,high,exact-city-alias,6,job_150744,https://jobs.51job.com/xilinguolemeng-xlhts/171268199.html?s=sou_sou_soulb&t=0_0&req=b42cb9fabac0a51eb877fa6cb8978eca
山西,长治,上党区,山西,长治,上党区,high,exact-city-alias,6,job_052141,https://jobs.51job.com/changzhi-sdq/171646011.html?s=sou_sou_soulb&t=0_0&req=d99d51810b8d3b47f22f10a8a7855ec4
山西,长治,潞州区,山西,长治,潞州区,high,exact-city-alias,6,job_524444,https://jobs.51job.com/changzhi-lzq/156926291.html?s=sou_sou_soulb&t=0_0&req=d50ad95b664e4debe32465c559f5a7a0
新疆,阿拉尔,,新疆,新疆生产建设兵团,阿拉尔,medium,district-to-city,6,job_054459,https://jobs.51job.com/alaer/171593241.html?s=sou_sou_soulb&t=0_0&req=1f437a66255ca8ba3e29cca419838667
河北,雄安新区,安新县,河北,雄安新区,安新县,high,51job-area-alias,6,job_383922,https://jobs.51job.com/xionganxinqu-axx/170669664.html?s=sou_sou_soulb&t=0_0&req=9f3ed56cd150790f3cf5bec6c20f1c23
四川,雅安,汉源县,四川,雅安,汉源县,high,exact-city-alias,6,job_088487,https://jobs.51job.com/yaan-hyx/171275623.html?s=sou_sou_soulb&t=0_0&req=cffbd1f1159868897074bd480434d776
四川,雅安,芦山县,四川,雅安,芦山县,high,exact-city-alias,6,job_139530,https://jobs.51job.com/yaan-lsx/171227976.html?s=sou_sou_soulb&t=0_0&req=528036a273ac42434d1ebb426bcfa275
辽宁,鞍山,海城市,辽宁,鞍山,海城市,high,exact-city-alias,6,job_228330,https://jobs.51job.com/anshan-hcs/168257974.html?s=sou_sou_soulb&t=0_0&req=1e246ea2d665a8110cabdac0a6ed5d07
贵州,黔东南,从江县,贵州,黔东南,从江县,high,51job-area-alias,6,job_120072,https://jobs.51job.com/qiandongnan-cjx/168135532.html?s=sou_sou_soulb&t=0_0&req=9bacb8a35fd0dd40a3768395d25408ba
,上海-崇明区,,上海,上海,崇明区,high,city-hyphen-district,5,job_028642,https://jobs.51job.com/all/171499225.html?s=sou_sou_soulb&t=0_0&req=c4939088bdc0d3165490229d53da74dd
,上海-虹口区,,上海,上海,虹口区,high,city-hyphen-district,5,job_026705,https://jobs.51job.com/all/164522669.html?s=sou_sou_soulb&t=0_0&req=000938723ba8bf9582af355da0d1ab8e
江西,上饶,玉山县,江西,上饶,玉山县,high,exact-city-alias,5,job_046416,https://jobs.51job.com/shangrao-ysx/169435712.html?s=sou_sou_soulb&t=0_0&req=cd01e395680f80cc558ed5733be9786b
山西,临汾,侯马市,山西,临汾,侯马市,high,exact-city-alias,5,job_482138,https://jobs.51job.com/linfen-hms/170810324.html?s=sou_sou_soulb&t=0_0&req=dc2d6bc607255f74fc9db234c90f028e
山东,临沂,莒南县,山东,临沂,莒南县,high,exact-city-alias,5,job_608618,https://jobs.51job.com/linyi-jnx/170687321.html?s=sou_sou_soulb&t=0_0&req=e008437521eae66296ca483fe22032b2
辽宁,丹东,宽甸满族自治县,辽宁,丹东,宽甸满族自治县,high,exact-city-alias,5,job_302618,https://jobs.51job.com/dandong-kdmzzzx/170780118.html?s=sou_sou_soulb&t=0_0&req=61e74bb2d513ec3eb7f9ea0e129249d9
辽宁,丹东,元宝区,辽宁,丹东,元宝区,high,exact-city-alias,5,job_364359,https://jobs.51job.com/dandong-ybq/170447591.html?s=sou_sou_soulb&t=0_0&req=bea6441bb0d814c3c0fdab27c02e5255
浙江,丽水,景宁畲族自治县,浙江,丽水,景宁畲族自治县,high,exact-city-alias,5,job_183498,https://jobs.51job.com/lishui-jnszzzx/171019919.html?s=sou_sou_soulb&t=0_0&req=f8824d9615d5fd0156e515bfcca37cf2
浙江,丽水,龙泉市,浙江,丽水,龙泉市,high,exact-city-alias,5,job_248142,https://jobs.51job.com/lishui-lqs/171229754.html?s=sou_sou_soulb&t=0_0&req=5525734cf3f5d86b48666a092e0b9166
内蒙古,乌兰察布,察哈尔右翼前旗,内蒙古,乌兰察布,察哈尔右翼前旗,high,exact-city-alias,5,job_231772,https://jobs.51job.com/wulanchabu-cheyyqq/171533382.html?s=sou_sou_soulb&t=0_0&req=ba73aae656e8be0028bc6221be26336d
内蒙古,乌兰察布,商都县,内蒙古,乌兰察布,商都县,high,exact-city-alias,5,job_749550,https://jobs.51job.com/wulanchabu-sdx/171670321.html?s=sou_sou_soulb&t=0_0&req=ec28f3ae9a61649ec6e26fed314ea26d
,云浮,,广东,云浮,,high,exact-city-alias,5,job_070831,https://jobs.51job.com/all/165814254.html?s=sou_sou_soulb&t=0_0&req=146cc264a337da88d967e407868fbce7
新疆,伊犁,伊宁县,新疆,伊犁,伊宁县,high,51job-area-alias,5,job_371315,https://jobs.51job.com/yili-ynx/171345415.html?s=sou_sou_soulb&t=0_0&req=99d6c7215e802bf4fc1c733b14c567d4
河南,信阳,息县,河南,信阳,息县,high,exact-city-alias,5,job_058635,https://jobs.51job.com/xinyang-xx/171143989.html?s=sou_sou_soulb&t=0_0&req=fc1480270ba065552ab91ef198e0413c
贵州,六盘水,钟山区,贵州,六盘水,钟山区,high,exact-city-alias,5,job_120070,https://jobs.51job.com/liupanshui-zsq/171617650.html?s=sou_sou_soulb&t=0_0&req=9bacb8a35fd0dd40a3768395d25408ba
甘肃,兰州,榆中县,甘肃,兰州,榆中县,high,exact-city-alias,5,job_141860,https://jobs.51job.com/lanzhou-yzx/166014361.html?s=sou_sou_soulb&t=0_0&req=6eb2724fb860f7a501098863023883ca
内蒙古,兴安盟,乌兰浩特市,内蒙古,兴安盟,乌兰浩特市,high,exact-city-alias,5,job_141874,https://jobs.51job.com/xinganmeng-wlhts/171554811.html?s=sou_sou_soulb&t=0_0&req=8f54652260cd2e2f50c26d52330f2e95
四川,凉山,会理市,四川,凉山,会理市,high,51job-area-alias,5,job_074745,https://jobs.51job.com/liangshan-hls/170742971.html?s=sou_sou_soulb&t=0_0&req=c5e61a16ebaa8983bfd138837ab75352
四川,南充,蓬安县,四川,南充,蓬安县,high,exact-city-alias,5,job_057767,https://jobs.51job.com/nanchong-pax/169318519.html?s=sou_sou_soulb&t=0_0&req=9a336f2ac00276682d640a6dfaad5ad3
江西,吉安,新干县,江西,吉安,新干县,high,exact-city-alias,5,job_626661,https://jobs.51job.com/jian-xgx/168084360.html?s=sou_sou_soulb&t=0_0&req=f1e7ce551c51cf4bb9e82993d223b28c
吉林,吉林,昌邑区,吉林,吉林,昌邑区,high,exact-city-alias,5,job_052968,https://jobs.51job.com/jilin-cyq/171428563.html?s=sou_sou_soulb&t=0_0&req=c91362131cdd0e784f719cb8e9ad7c16
吉林,吉林,丰满区,吉林,吉林,丰满区,high,exact-city-alias,5,job_379943,https://jobs.51job.com/jilin-fmq/165081682.html?s=sou_sou_soulb&t=0_0&req=9aa88a7b20c56ceb3612fbdec5b2c006
河南,周口,西华县,河南,周口,西华县,high,exact-city-alias,5,job_280908,https://jobs.51job.com/zhoukou-xhx/170352908.html?s=sou_sou_soulb&t=0_0&req=8407e08167353be8118e483943f4327f
湖北,咸宁,通山县,湖北,咸宁,通山县,high,exact-city-alias,5,job_412491,https://jobs.51job.com/xianning-tsx/171017491.html?s=sou_sou_soulb&t=0_0&req=b970a05d3cd4a5fe6f3af488ceaaff8f
陕西,咸阳,礼泉县,陕西,咸阳,礼泉县,high,exact-city-alias,5,job_187680,https://jobs.51job.com/xianyang-lqx/170271726.html?s=sou_sou_soulb&t=0_0&req=9813750719b99b57e0a400c5d446ddf3
黑龙江,哈尔滨,五常市,黑龙江,哈尔滨,五常市,high,exact-city-alias,5,job_563670,https://jobs.51job.com/hadongbin-wcs/170801517.html?s=sou_sou_soulb&t=0_0&req=c01e27fe43fb1f6c41a062d352af50a9
河南,商丘,民权县,河南,商丘,民权县,high,exact-city-alias,5,job_521531,https://jobs.51job.com/shangqiu-mqx/168975822.html?s=sou_sou_soulb&t=0_0&req=a2d48ac8be87b391ede41b8d123ff6eb
新疆,喀什地区,泽普县,新疆,喀什,泽普县,high,exact-city-alias,5,job_242556,https://jobs.51job.com/kashidiqu-zpx/170392279.html?s=sou_sou_soulb&t=0_0&req=e37bb32f52dbebe26c188ded64b1c007
黑龙江,大兴安岭,加格达奇区,黑龙江,大兴安岭,加格达奇区,high,exact-city-alias,5,job_119823,https://jobs.51job.com/daxinganling-jgdqq/170320222.html?s=sou_sou_soulb&t=0_0&req=3b9d32bb32723ccb7b462ee8330e59f6
山西,大同,左云县,山西,大同,左云县,high,exact-city-alias,5,job_380974,https://jobs.51job.com/datong-zyx/170901132.html?s=sou_sou_soulb&t=0_0&req=affef70be356ef98037e7b1ea7933dd8
云南,大理,漾濞彝族自治县,云南,大理,漾濞彝族自治县,high,51job-area-alias,5,job_659958,https://jobs.51job.com/dali-ybyzzzx/171439696.html?s=sou_sou_soulb&t=0_0&req=2f1a9269454f87f930086df15711ef50
甘肃,天水,秦州区,甘肃,天水,秦州区,high,exact-city-alias,5,job_082255,https://jobs.51job.com/tianshui-qzq/171529716.html?s=sou_sou_soulb&t=0_0&req=770a85ab659eaa0b5a8e98261ea5ee13
,太仓,,江苏,太仓,,high,51job-area-alias,5,job_039401,https://jobs.51job.com/all/164720667.html?s=sou_sou_soulb&t=0_0&req=cf7f43f883a1e03744898309a610ed20
陕西,安康,石泉县,陕西,安康,石泉县,high,exact-city-alias,5,job_524304,https://jobs.51job.com/ankang-sqx/170451339.html?s=sou_sou_soulb&t=0_0&req=f574665310f5579bdec56684f9762593
河南,安阳,内黄县,河南,安阳,内黄县,high,exact-city-alias,5,job_216620,https://jobs.51job.com/anyang-nhx/167968450.html?s=sou_sou_soulb&t=0_0&req=3006d97948d95a441e62f58f481702cd
河南,安阳,龙安区,河南,安阳,龙安区,high,exact-city-alias,5,job_528626,https://jobs.51job.com/anyang-laq/171208124.html?s=sou_sou_soulb&t=0_0&req=ebe302a2e1f55356f58219d86c9ade6d
安徽,宣城,绩溪县,安徽,宣城,绩溪县,high,exact-city-alias,5,job_636647,https://jobs.51job.com/xuancheng-jxx/170268308.html?s=sou_sou_soulb&t=0_0&req=5ae2b7d64ff948c4b5670174ace88541
广西,崇左,天等县,广西,崇左,天等县,high,exact-city-alias,5,job_227785,https://jobs.51job.com/chongzuo-tdx/170415300.html?s=sou_sou_soulb&t=0_0&req=5bcc0c4ccd72380ee0b4bbd51cfd1cb7
湖南,常德,安乡县,湖南,常德,安乡县,high,exact-city-alias,5,job_710119,https://jobs.51job.com/changde-axx/170968132.html?s=sou_sou_soulb&t=0_0&req=da473aa06cef27af95f24873ff77841e
甘肃,平凉,崆峒区,甘肃,平凉,崆峒区,high,exact-city-alias,5,job_067063,https://jobs.51job.com/pingliang-ktq/163740562.html?s=sou_sou_soulb&t=0_0&req=11480767f6fa6daf3d688f9b64919659
河北,张家口,怀安县,河北,张家口,怀安县,high,exact-city-alias,5,job_186022,https://jobs.51job.com/zhangjiakou-hax/171387952.html?s=sou_sou_soulb&t=0_0&req=05bb3c9ae8b2d9527c0dcddccb31d194
甘肃,张掖,山丹县,甘肃,张掖,山丹县,high,exact-city-alias,5,job_217483,https://jobs.51job.com/zhangye-sdx/167949632.html?s=sou_sou_soulb&t=0_0&req=e01528f7bf2091c4ecf010ba7b09e157
山东,德州,夏津县,山东,德州,夏津县,high,exact-city-alias,5,job_300062,https://jobs.51job.com/dezhou-xjx/170895034.html?s=sou_sou_soulb&t=0_0&req=05b79fd9f1370db55fbea9720f36c1ea
湖南,怀化,麻阳苗族自治县,湖南,怀化,麻阳苗族自治县,high,exact-city-alias,5,job_614233,https://jobs.51job.com/huaihua-mymzzzx/170490222.html?s=sou_sou_soulb&t=0_0&req=78262847f0264eaea39e15766f6a079f
湖北,恩施,来凤县,湖北,恩施,来凤县,high,51job-area-alias,5,job_092093,https://jobs.51job.com/enshi-lfx/171051421.html?s=sou_sou_soulb&t=0_0&req=1d4712237b9dce6cbdb29032ddf1f5b2
湖北,恩施,鹤峰县,湖北,恩施,鹤峰县,high,51job-area-alias,5,job_522300,https://jobs.51job.com/enshi-hfx/161297588.html?s=sou_sou_soulb&t=0_0&req=e1e692ee526116854c705addd6831034
河北,承德,隆化县,河北,承德,隆化县,high,exact-city-alias,5,job_106040,https://jobs.51job.com/chengde-lhx/165300745.html?s=sou_sou_soulb&t=0_0&req=3413d51d092c0e2f86dfe522efdbdee7
河北,承德,宽城满族自治县,河北,承德,宽城满族自治县,high,exact-city-alias,5,job_328412,https://jobs.51job.com/chengde-kcmzzzx/170478437.html?s=sou_sou_soulb&t=0_0&req=264ddbf36b4e99bb5bff66bdf79fe65c
江西,抚州,宜黄县,江西,抚州,宜黄县,high,exact-city-alias,5,job_046566,https://jobs.51job.com/fuzhou-yhx/171229984.html?s=sou_sou_soulb&t=0_0&req=e5f842b11a68fc79a04206fcc33f905f
云南,文山,麻栗坡县,云南,文山,麻栗坡县,high,51job-area-alias,5,job_112804,https://jobs.51job.com/wenshan-mlpx/171603451.html?s=sou_sou_soulb&t=0_0&req=06dd71878a8c033020e9b0af75cac2c9
河南,新乡,封丘县,河南,新乡,封丘县,high,exact-city-alias,5,job_216600,https://jobs.51job.com/xinxiang-fqx/167957276.html?s=sou_sou_soulb&t=0_0&req=3006d97948d95a441e62f58f481702cd
河南,新乡,获嘉县,河南,新乡,获嘉县,high,exact-city-alias,5,job_266362,https://jobs.51job.com/xinxiang-hjx/171672336.html?s=sou_sou_soulb&t=0_0&req=db85162ebdc906e7374adc8db242e958
新疆,昌吉,昌吉市,新疆,昌吉,昌吉市,high,51job-area-alias,5,job_082304,https://jobs.51job.com/changji-cjs/171558880.html?s=sou_sou_soulb&t=0_0&req=8a1429c512769dd1eb869df67df7b0f5
云南,昭通,彝良县,云南,昭通,彝良县,high,exact-city-alias,5,job_082172,https://jobs.51job.com/zhaotong-ylx/170867983.html?s=sou_sou_soulb&t=0_0&req=53cd28ec7c9e12e03e025993ca97f971
云南,昭通,水富市,云南,昭通,水富市,high,exact-city-alias,5,job_187988,https://jobs.51job.com/zhaotong-sfs/171341541.html?s=sou_sou_soulb&t=0_0&req=9a22f9e4d694da6aefb3e0ebce015ac5
江西,景德镇,乐平市,江西,景德镇,乐平市,high,exact-city-alias,5,job_065232,https://jobs.51job.com/jingdezhen-lps/170271662.html?s=sou_sou_soulb&t=0_0&req=8e02d53a535e905efb4db50054ff76f4
云南,曲靖,罗平县,云南,曲靖,罗平县,high,exact-city-alias,5,job_053503,https://jobs.51job.com/qujing-lpx/169865964.html?s=sou_sou_soulb&t=0_0&req=8e68dcf7e2fb30605a9f76c4c184781a
辽宁,朝阳,建平县,辽宁,朝阳,建平县,high,exact-city-alias,5,job_217196,https://jobs.51job.com/chaoyang-jpx/170449719.html?s=sou_sou_soulb&t=0_0&req=c5530ab7c32e269123cc1c9a93f670a7
辽宁,本溪,平山区,辽宁,本溪,平山区,high,exact-city-alias,5,job_352224,https://jobs.51job.com/benxi-psq/169493569.html?s=sou_sou_soulb&t=0_0&req=11ff17d674f83db0dee86233541966f4
广西,柳州,柳城县,广西,柳州,柳城县,high,exact-city-alias,5,job_371786,https://jobs.51job.com/liuzhou-lcx/157281298.html?s=sou_sou_soulb&t=0_0&req=f009d2e9f54793c748ea38282a7b8551
湖南,株洲,茶陵县,湖南,株洲,茶陵县,high,exact-city-alias,5,job_059127,https://jobs.51job.com/zhuzhou-clx/163024154.html?s=sou_sou_soulb&t=0_0&req=e39bfe7fb2657f363f6b5e406bd7b4c3
陕西,汉中,佛坪县,陕西,汉中,佛坪县,high,exact-city-alias,5,job_104182,https://jobs.51job.com/hanzhong-fpx/169632965.html?s=sou_sou_soulb&t=0_0&req=128123ffb7176312f76733a4f2c4009f
陕西,汉中,南郑区,陕西,汉中,南郑区,high,exact-city-alias,5,job_524227,https://jobs.51job.com/hanzhong-nzq/166206955.html?s=sou_sou_soulb&t=0_0&req=23999a60d640131ad7def4f4af55e243
安徽,池州,石台县,安徽,池州,石台县,high,exact-city-alias,5,job_103171,https://jobs.51job.com/chizhou-stx/167584081.html?s=sou_sou_soulb&t=0_0&req=8f211b842f4dae9acfe37ecfe7fbcc07
河北,沧州,肃宁县,河北,沧州,肃宁县,high,exact-city-alias,5,job_140687,https://jobs.51job.com/cangzhou-snx/170403951.html?s=sou_sou_soulb&t=0_0&req=04004523c714b17b7633a672a3da31ca
河北,沧州,东光县,河北,沧州,东光县,high,exact-city-alias,5,job_298463,https://jobs.51job.com/cangzhou-dgx/171405671.html?s=sou_sou_soulb&t=0_0&req=eb373d266bc6b50121f2e7f19ed4949e
河北,沧州,青县,河北,沧州,青县,high,exact-city-alias,5,job_651503,https://jobs.51job.com/cangzhou-qx/168203448.html?s=sou_sou_soulb&t=0_0&req=ce337f2c3c4116ff87c421b48cf7326c
,泰州,,江苏,泰州,,high,exact-city-alias,5,job_039447,https://jobs.51job.com/all/171377546.html?s=sou_sou_soulb&t=0_0&req=a2d2a625d076a82101d5e2de3d5826df
青海,海北,,青海,海北,,high,51job-area-alias,5,job_023884,https://jobs.51job.com/haibei/169273885.html?s=sou_sou_soulb&t=0_0&req=8018d21180524c087c634063e40992d8
安徽,淮南,潘集区,安徽,淮南,潘集区,high,exact-city-alias,5,job_047303,https://jobs.51job.com/huainan-pjq/166493457.html?s=sou_sou_soulb&t=0_0&req=99eed9ed85ea5066b3e380394eb9535e
河南,濮阳,台前县,河南,濮阳,台前县,high,exact-city-alias,5,job_741849,https://jobs.51job.com/puyang-tqx/167872823.html?s=sou_sou_soulb&t=0_0&req=968671a89acfaff6cd2bc9f446bc82a0
河南,焦作,武陟县,河南,焦作,武陟县,high,exact-city-alias,5,job_048714,https://jobs.51job.com/jiaozuo-wzx/169778627.html?s=sou_sou_soulb&t=0_0&req=299dda7abff19406d692655deb0ed5fa
广西,玉林,容县,广西,玉林,容县,high,exact-city-alias,5,job_301142,https://jobs.51job.com/yulin-rx/171461476.html?s=sou_sou_soulb&t=0_0&req=4ca0db5e29ea60b41864bef5b794ae3a
甘肃,甘南,临潭县,甘肃,甘南,临潭县,high,51job-area-alias,5,job_088804,https://jobs.51job.com/gannan-ltx/171609777.html?s=sou_sou_soulb&t=0_0&req=85c52c504cf4c8be4fa9f94a7a40e1a2
广西,百色,靖西市,广西,百色,靖西市,high,exact-city-alias,5,job_058285,https://jobs.51job.com/baise-jxs/166540184.html?s=sou_sou_soulb&t=0_0&req=c6576a81315b17f48da1db6cf61fd3b8
河北,石家庄,晋州市,河北,石家庄,晋州市,high,exact-city-alias,5,job_612070,https://jobs.51job.com/shijiazhuang-jzs/171141637.html?s=sou_sou_soulb&t=0_0&req=6c7e35187cdbe9675e8a9448fea7be06
福建,福州,闽清县,福建,福州,闽清县,high,exact-city-alias,5,job_421930,https://jobs.51job.com/fuzhou-mqx/171436570.html?s=sou_sou_soulb&t=0_0&req=53e4df9e96bcf7edf5a8db581c2458a6
,肇庆,,广东,肇庆,,high,exact-city-alias,5,job_030584,https://jobs.51job.com/all/165363188.html?s=sou_sou_soulb&t=0_0&req=791218787e48600d015fb61ed4a77ad7
新疆,胡杨河,,新疆,胡杨河,,low,fallback-city-source,5,job_188062,https://jobs.51job.com/huyanghe/161840038.html?s=sou_sou_soulb&t=0_0&req=66a23b933b58308a382614194cec06f4
,茂名,,广东,茂名,,high,exact-city-alias,5,job_019966,https://jobs.51job.com/all/168788947.html?s=sou_sou_soulb&t=0_0&req=9ce0b42740ebc2e9b7fe452ef7875ee2
辽宁,葫芦岛,龙港区,辽宁,葫芦岛,龙港区,high,exact-city-alias,5,job_300197,https://jobs.51job.com/huludao-lgq/171372752.html?s=sou_sou_soulb&t=0_0&req=d50f4593519815209e6e53ec57fb2401
河北,衡水,饶阳县,河北,衡水,饶阳县,high,exact-city-alias,5,job_132009,https://jobs.51job.com/hengshui-ryx/166019672.html?s=sou_sou_soulb&t=0_0&req=53f10490c068fc917875ac7f09713878
,衢州,,浙江,衢州,,high,exact-city-alias,5,job_042048,https://jobs.51job.com/all/165567101.html?s=sou_sou_soulb&t=0_0&req=c4134c0f02539a16c739c0f0d9635d37
,西藏,,,西藏,,low,fallback-city-source,5,job_054444,https://jobs.51job.com/all/162967335.html?s=sou_sou_soulb&t=0_0&req=19c3176420827dca38842e46b11bad29
四川,资阳,安岳县,四川,资阳,安岳县,high,exact-city-alias,5,job_102164,https://jobs.51job.com/ziyang-ayx/171567712.html?s=sou_sou_soulb&t=0_0&req=677a06fab2b4606bd8100fd5a8a640b5
内蒙古,赤峰,翁牛特旗,内蒙古,赤峰,翁牛特旗,high,exact-city-alias,5,job_214739,https://jobs.51job.com/chifeng-wntq/170664599.html?s=sou_sou_soulb&t=0_0&req=69d21eaf47622055d96b4366c98ec2aa
内蒙古,通辽,科尔沁左翼后旗,内蒙古,通辽,科尔沁左翼后旗,high,exact-city-alias,5,job_104667,https://jobs.51job.com/tongliao-keqzyhq/170533123.html?s=sou_sou_soulb&t=0_0&req=3a7c5c3bdae14a15e256e5ce9282be5b
内蒙古,通辽,霍林郭勒市,内蒙古,通辽,霍林郭勒市,high,exact-city-alias,5,job_188034,https://jobs.51job.com/tongliao-hlgls/170558027.html?s=sou_sou_soulb&t=0_0&req=923d4120d9ef496b268ac30445197365
贵州,遵义,桐梓县,贵州,遵义,桐梓县,high,exact-city-alias,5,job_061181,https://jobs.51job.com/zunyi-tzx/170088595.html?s=sou_sou_soulb&t=0_0&req=fd3d72ddb08d3e857cec9014a3f67a1b
河北,邢台,南宫市,河北,邢台,南宫市,high,exact-city-alias,5,job_249086,https://jobs.51job.com/xingtai-ngs/171573609.html?s=sou_sou_soulb&t=0_0&req=ffff9c5678d075d25774be52aa93e39b
河北,邢台,宁晋县,河北,邢台,宁晋县,high,exact-city-alias,5,job_521228,https://jobs.51job.com/xingtai-njx/168016477.html?s=sou_sou_soulb&t=0_0&req=4b6fc1d11a56bda87d86ae7ad7b8add2
湖南,邵阳,大祥区,湖南,邵阳,大祥区,high,exact-city-alias,5,job_267719,https://jobs.51job.com/shaoyang-dxq/169007923.html?s=sou_sou_soulb&t=0_0&req=308b03d33da82e1a2d366d438fdb0ff1
湖南,郴州,嘉禾县,湖南,郴州,嘉禾县,high,exact-city-alias,5,job_281619,https://jobs.51job.com/chenzhou-jhx/170966736.html?s=sou_sou_soulb&t=0_0&req=edea6ad91a16e6f71b7bf4fe8e3773aa
湖南,郴州,宜章县,湖南,郴州,宜章县,high,exact-city-alias,5,job_326161,http://companyads.51job.com/companyads/2023/hb/cy/detail.html?jobid=170342007
内蒙古,鄂尔多斯,鄂托克前旗,内蒙古,鄂尔多斯,鄂托克前旗,high,exact-city-alias,5,job_054323,https://jobs.51job.com/eerduosi-tkqq/171221132.html?s=sou_sou_soulb&t=0_0&req=0a71947ec710ffafe2a3ef602322d528
内蒙古,鄂尔多斯,达拉特旗,内蒙古,鄂尔多斯,达拉特旗,high,exact-city-alias,5,job_150713,https://jobs.51job.com/eerduosi-dltq/171372561.html?s=sou_sou_soulb&t=0_0&req=b42cb9fabac0a51eb877fa6cb8978eca
辽宁,阜新,细河区,辽宁,阜新,细河区,high,exact-city-alias,5,job_392542,https://jobs.51job.com/fuxin-xhq/171642413.html?s=sou_sou_soulb&t=0_0&req=3ec35b780dd64f21eefc6ab40861eac9
,阳江,,广东,阳江,,high,exact-city-alias,5,job_070824,https://jobs.51job.com/all/165814253.html?s=sou_sou_soulb&t=0_0&req=15de64294b3d7917eeec686462da4440
山西,阳泉,平定县,山西,阳泉,平定县,high,exact-city-alias,5,job_217091,https://jobs.51job.com/yangquan-pdx/168022814.html?s=sou_sou_soulb&t=0_0&req=b0f2b8e425ba61319e496ed38464f11a
甘肃,陇南,礼县,甘肃,陇南,礼县,high,exact-city-alias,5,job_412756,https://jobs.51job.com/longnan-lx/154578443.html?s=sou_sou_soulb&t=0_0&req=1d5e723097ab557f3e977e462da5992a
四川,雅安,名山区,四川,雅安,名山区,high,exact-city-alias,5,job_043419,https://jobs.51job.com/yaan-msq/171596693.html?s=sou_sou_soulb&t=0_0&req=fb47cee8d4497216e52dc323a6e3f029
,韶关,,广东,韶关,,high,exact-city-alias,5,job_030428,https://jobs.51job.com/all/165363189.html?s=sou_sou_soulb&t=0_0&req=adbf9ded08de9d878c15938b2f454f92
河南,鹤壁,鹤山区,河南,鹤壁,鹤山区,high,exact-city-alias,5,job_764008,https://jobs.51job.com/hebi-hsq/171675402.html?s=sou_sou_soulb&t=0_0&req=27de38414bcf48345dc34746754f47a2
贵州,黔南,独山县,贵州,黔南,独山县,high,51job-area-alias,5,job_168428,https://jobs.51job.com/qiannan-dsx/169995194.html?s=sou_sou_soulb&t=0_0&req=4004a8a177afb600d3e261c627713f3a
黑龙江,齐齐哈尔,讷河市,黑龙江,齐齐哈尔,讷河市,high,exact-city-alias,5,job_217145,https://jobs.51job.com/qiqihaer-nhs/170802146.html?s=sou_sou_soulb&t=0_0&req=06db84fb6ceca764af612f97df667542
福建,龙岩,漳平市,福建,龙岩,漳平市,high,exact-city-alias,5,job_326120,http://companyads.51job.com/companyads/2023/hb/cy/detail.html?jobid=169984838
福建,三明,将乐县,福建,三明,将乐县,high,exact-city-alias,4,job_088527,https://jobs.51job.com/sanming-jlx/166026247.html?s=sou_sou_soulb&t=0_0&req=68eed4b262d2e554f7fd2f1c37ebc8c0
河南,三门峡,湖滨区,河南,三门峡,湖滨区,high,exact-city-alias,4,job_060861,https://jobs.51job.com/sanmenxia-hbq/171316028.html?s=sou_sou_soulb&t=0_0&req=edbd73874a791ba3e02ae19975242611
,上海-普陀区,,上海,上海,普陀区,high,city-hyphen-district,4,job_502592,https://jobs.51job.com/all/171346102.html?s=sou_sou_soulb&t=0_0&req=53fc20f9ad8f627096f97792bc93ac2a
江西,上饶,横峰县,江西,上饶,横峰县,high,exact-city-alias,4,job_091762,https://jobs.51job.com/shangrao-hfx/168869128.html?s=sou_sou_soulb&t=0_0&req=66938e18bf47fd7493a7688732887566
江西,上饶,弋阳县,江西,上饶,弋阳县,high,exact-city-alias,4,job_119142,https://jobs.51job.com/shangrao-yyx/171594997.html?s=sou_sou_soulb&t=0_0&req=8b9e6813dcd373adf2fcd518293a2699
山东,东营,利津县,山东,东营,利津县,high,exact-city-alias,4,job_102708,https://jobs.51job.com/dongying-ljx/171113725.html?s=sou_sou_soulb&t=0_0&req=c0e26184fd078eecc83f77c9459b19e4
甘肃,临夏,临夏市,甘肃,临夏,临夏市,high,51job-area-alias,4,job_266996,https://jobs.51job.com/linxia-lxs/171100426.html?s=sou_sou_soulb&t=0_0&req=226ccef0e336fcc594b8437f1671a4c7
山西,临汾,浮山县,山西,临汾,浮山县,high,exact-city-alias,4,job_217076,https://jobs.51job.com/linfen-fsx/167955543.html?s=sou_sou_soulb&t=0_0&req=939d0bac8caa35cc018beac2b13a76ba
云南,临沧,永德县,云南,临沧,永德县,high,exact-city-alias,4,job_112857,https://jobs.51job.com/lincang-ydx/171118366.html?s=sou_sou_soulb&t=0_0&req=629a54877a0dfc321b761912ce4d6769
,丽水,,浙江,丽水,,high,exact-city-alias,4,job_469718,https://jobs.51job.com/all/167150436.html?s=sou_sou_soulb&t=0_0&req=ea2eb3245fdbe80b28b95fc8831041b9
浙江,丽水,松阳县,浙江,丽水,松阳县,high,exact-city-alias,4,job_241718,https://jobs.51job.com/lishui-syx/170765773.html?s=sou_sou_soulb&t=0_0&req=88dfbdfa4dcc1c2e80fc529f7119d3f6
四川,乐山,沐川县,四川,乐山,沐川县,high,exact-city-alias,4,job_094206,https://jobs.51job.com/leshan-mcx/169937821.html?s=sou_sou_soulb&t=0_0&req=815c241d1beb1f0c445b315a019c48da
新疆,伊犁,霍城县,新疆,伊犁,霍城县,high,51job-area-alias,4,job_240123,https://jobs.51job.com/yili-hcx/171110316.html?s=sou_sou_soulb&t=0_0&req=8ee407b43c5c75315fb3166017ad9bbc
海南,保亭,,海南,保亭,,high,51job-area-alias,4,job_102576,https://jobs.51job.com/baoting/170735485.html?s=sou_sou_soulb&t=0_0&req=9b8eaf2a2efbd79b1a1f1f52f2b0e99d
河北,保定,定兴县,河北,保定,定兴县,high,exact-city-alias,4,job_011824,https://jobs.51job.com/baoding-dxx/171204727.html?s=sou_sou_soulb&t=0_0&req=06de30a1bcf37c7a44bb5142f77f0444
河北,保定,安国市,河北,保定,安国市,high,exact-city-alias,4,job_022892,https://jobs.51job.com/baoding-ags/171103022.html?s=sou_sou_soulb&t=0_0&req=5a954a9a4370685a320edde176a427b9
河北,保定,望都县,河北,保定,望都县,high,exact-city-alias,4,job_269264,https://jobs.51job.com/baoding-wdx/170266082.html?s=sou_sou_soulb&t=0_0&req=ab559c79cfaa01813aefc81ab56f43cf
云南,保山,昌宁县,云南,保山,昌宁县,high,exact-city-alias,4,job_075155,https://jobs.51job.com/baoshan-cnx/170622570.html?s=sou_sou_soulb&t=0_0&req=e81cb2d68c1749aace19b531859a40da
河南,信阳,光山县,河南,信阳,光山县,high,exact-city-alias,4,job_058646,https://jobs.51job.com/xinyang-gsx/167048530.html?s=sou_sou_soulb&t=0_0&req=fc1480270ba065552ab91ef198e0413c
新疆,克孜勒苏柯尔克孜,阿图什市,新疆,克孜勒苏柯尔克孜,阿图什市,high,51job-area-alias,4,job_132118,https://jobs.51job.com/kezilesukeerkezi-tss/170539453.html?s=sou_sou_soulb&t=0_0&req=410c927ecc3d62b8324b8315db8bb948
甘肃,兰州,永登县,甘肃,兰州,永登县,high,exact-city-alias,4,job_133873,https://jobs.51job.com/lanzhou-ydx/170530104.html?s=sou_sou_soulb&t=0_0&req=943e8b19277a50e3a041812650adf8d8
四川,凉山,德昌县,四川,凉山,德昌县,high,51job-area-alias,4,job_375877,https://jobs.51job.com/liangshan-dcx/165285700.html?s=sou_sou_soulb&t=0_0&req=36360aa123d9dd929b7c2e0d6a578dc6
湖北,十堰,竹山县,湖北,十堰,竹山县,high,exact-city-alias,4,job_212751,https://jobs.51job.com/shiyan-zsx/170963348.html?s=sou_sou_soulb&t=0_0&req=c3efede30a1eb25e698af143db81da06
四川,南充,营山县,四川,南充,营山县,high,exact-city-alias,4,job_163630,https://jobs.51job.com/nanchong-ysx/167807790.html?s=sou_sou_soulb&t=0_0&req=7901eaafa6cae7da095eda63d70d2a90
福建,南平,建阳区,福建,南平,建阳区,high,exact-city-alias,4,job_058002,https://jobs.51job.com/nanping-jyq/170383344.html?s=sou_sou_soulb&t=0_0&req=e105da89f1bf85a48369bef12a1576da
河南,南阳,方城县,河南,南阳,方城县,high,exact-city-alias,4,job_267670,https://jobs.51job.com/nanyang-fcx/170654690.html?s=sou_sou_soulb&t=0_0&req=ae3c540767a3bade0dcd9e981a4f9f20
河南,南阳,内乡县,河南,南阳,内乡县,high,exact-city-alias,4,job_382074,https://jobs.51job.com/nanyang-nxx/168967369.html?s=sou_sou_soulb&t=0_0&req=957e398532e9ff6062c10513534d2e65
新疆,博尔塔拉,博乐市,新疆,博尔塔拉,博乐市,high,51job-area-alias,4,job_082325,https://jobs.51job.com/boertala-bls/171156983.html?s=sou_sou_soulb&t=0_0&req=8a1429c512769dd1eb869df67df7b0f5
黑龙江,双鸭山,岭东区,黑龙江,双鸭山,岭东区,high,exact-city-alias,4,job_052537,https://jobs.51job.com/shuangyashan-ldq/169454489.html?s=sou_sou_soulb&t=0_0&req=731d1d90e504b0a24196c5c757a1140e
新疆,吐鲁番,鄯善县,新疆,吐鲁番,鄯善县,high,exact-city-alias,4,job_059611,https://jobs.51job.com/tulufan-ssx/171112466.html?s=sou_sou_soulb&t=0_0&req=e3d2ea872cb4375f027cb886c95e6dfe
山西,吕梁,岚县,山西,吕梁,岚县,high,exact-city-alias,4,job_217107,https://jobs.51job.com/lvliang-lx/167956867.html?s=sou_sou_soulb&t=0_0&req=b0f2b8e425ba61319e496ed38464f11a
新疆,和田,墨玉县,新疆,和田,墨玉县,high,exact-city-alias,4,job_104687,https://jobs.51job.com/hetian-myx/171154899.html?s=sou_sou_soulb&t=0_0&req=65576005f327fc5e406237e9f0485058
陕西,咸阳,乾县,陕西,咸阳,乾县,high,exact-city-alias,4,job_217028,https://jobs.51job.com/xianyang-qx/168022544.html?s=sou_sou_soulb&t=0_0&req=f868c71475bc72174038f4a46e1a69f2
河北,唐山,开平区,河北,唐山,开平区,high,exact-city-alias,4,job_060821,https://jobs.51job.com/tangshan-kpq/171428178.html?s=sou_sou_soulb&t=0_0&req=9d71f12c96b5bc845412f33d1024313c
河北,唐山,丰南区,河北,唐山,丰南区,high,exact-city-alias,4,job_216482,https://jobs.51job.com/tangshan-fnq/170295215.html?s=sou_sou_soulb&t=0_0&req=6ad410b7964fe0743e5bc73a5637037e
新疆,喀什地区,喀什市,新疆,喀什,喀什市,high,exact-city-alias,4,job_267808,https://jobs.51job.com/kashidiqu-kss/170182035.html?s=sou_sou_soulb&t=0_0&req=c93addb1e9b6c6830315ccd3d8d3e0f0
黑龙江,大兴安岭,塔河县,黑龙江,大兴安岭,塔河县,high,exact-city-alias,4,job_359314,https://jobs.51job.com/daxinganling-thx/170118585.html?s=sou_sou_soulb&t=0_0&req=27b2f171591e61fb5316782a89014f7c
河南,安阳,滑县,河南,安阳,滑县,high,exact-city-alias,4,job_224505,https://jobs.51job.com/anyang-hx/168775693.html?s=sou_sou_soulb&t=0_0&req=3413ed609235a9b1e04dee69233b76c1
河南,安阳,殷都区,河南,安阳,殷都区,high,exact-city-alias,4,job_741315,https://jobs.51job.com/anyang-ydq/171277074.html?s=sou_sou_soulb&t=0_0&req=212c9a71f3c116e428c0c82c3324c631
甘肃,定西,陇西县,甘肃,定西,陇西县,high,exact-city-alias,4,job_217514,https://jobs.51job.com/dingxi-lxx/168163035.html?s=sou_sou_soulb&t=0_0&req=e01528f7bf2091c4ecf010ba7b09e157
甘肃,定西,渭源县,甘肃,定西,渭源县,high,exact-city-alias,4,job_401925,https://jobs.51job.com/dingxi-wyx/171254022.html?s=sou_sou_soulb&t=0_0&req=2c54e57af1dde3a82e904cc8be7e8632
,宜昌,,湖北,宜昌,,high,exact-city-alias,4,job_049096,https://jobs.51job.com/all/170435306.html?s=sou_sou_soulb&t=0_0&req=53cb5ed18c6408a6d6d986a2a5a2899a
江西,宜春,靖安县,江西,宜春,靖安县,high,exact-city-alias,4,job_184911,https://jobs.51job.com/yichun-jax/170275039.html?s=sou_sou_soulb&t=0_0&req=af0e9f9f485d5c3795745eb95bd4c843
江西,宜春,宜丰县,江西,宜春,宜丰县,high,exact-city-alias,4,job_390171,https://jobs.51job.com/yichun-yfx/170606580.html?s=sou_sou_soulb&t=0_0&req=cac49560a0db9eec2301880907407501
陕西,宝鸡,凤县,陕西,宝鸡,凤县,high,exact-city-alias,4,job_216984,https://jobs.51job.com/baoji-fx/167971343.html?s=sou_sou_soulb&t=0_0&req=b728d1770042a95a33949f6b0367737e
四川,巴中,巴州区,四川,巴中,巴州区,high,exact-city-alias,4,job_080130,https://jobs.51job.com/bazhong-bzq/164821264.html?s=sou_sou_soulb&t=0_0&req=128cbef7a7cb0128a44f3e53f4917085
四川,广元,昭化区,四川,广元,昭化区,high,exact-city-alias,4,job_133442,https://jobs.51job.com/guangyuan-zhq/170811559.html?s=sou_sou_soulb&t=0_0&req=88df3ac5a487f494b917f777f44e8ee2
四川,广元,苍溪县,四川,广元,苍溪县,high,exact-city-alias,4,job_356349,https://jobs.51job.com/guangyuan-cxx/171530173.html?s=sou_sou_soulb&t=0_0&req=279b340630359816aecc25eecc049146
河北,廊坊,大城县,河北,廊坊,大城县,high,exact-city-alias,4,job_390434,https://jobs.51job.com/langfang-dcx/171592762.html?s=sou_sou_soulb&t=0_0&req=4ba5897f2db5717451fb666dae4280a1
陕西,延安,子长市,陕西,延安,子长市,high,exact-city-alias,4,job_150058,https://jobs.51job.com/yanan-zcs/170853655.html?s=sou_sou_soulb&t=0_0&req=985bbce2f3eebd40a4fae4681522a9a1
河南,开封,祥符区,河南,开封,祥符区,high,exact-city-alias,4,job_249185,https://jobs.51job.com/kaifeng-xfq/171506091.html?s=sou_sou_soulb&t=0_0&req=9467a8b7e988d70d60558b4c77f6f24d
河北,张家口,万全区,河北,张家口,万全区,high,exact-city-alias,4,job_132012,https://jobs.51job.com/zhangjiakou-wqq/171224644.html?s=sou_sou_soulb&t=0_0&req=53f10490c068fc917875ac7f09713878
湖北,恩施,建始县,湖北,恩施,建始县,high,51job-area-alias,4,job_522295,https://jobs.51job.com/enshi-jsx/152481096.html?s=sou_sou_soulb&t=0_0&req=e1e692ee526116854c705addd6831034
河北,承德,双滦区,河北,承德,双滦区,high,exact-city-alias,4,job_058546,https://jobs.51job.com/chengde-slq/170379256.html?s=sou_sou_soulb&t=0_0&req=c657a5bc1dc8306324bb9ad92374dc67
河北,承德,承德县,河北,承德,承德县,high,exact-city-alias,4,job_313563,https://jobs.51job.com/chengde-cdx/171618647.html?s=sou_sou_soulb&t=0_0&req=7a0a86220191b6f66af556e4a557bc9e
江西,抚州,崇仁县,江西,抚州,崇仁县,high,exact-city-alias,4,job_386411,https://jobs.51job.com/fuzhou-crx/168262565.html?s=sou_sou_soulb&t=0_0&req=883eaa4da361bf9f0d44fbe60b597590
广东,揭阳,揭西县,广东,揭阳,揭西县,high,exact-city-alias,4,job_009404,https://jobs.51job.com/jieyang-jxx/167480314.html?s=sou_sou_soulb&t=0_0&req=0ebf27d5fab421580f033b0233530d8e
四川,攀枝花,盐边县,四川,攀枝花,盐边县,high,exact-city-alias,4,job_228825,https://jobs.51job.com/panzhihua-ybx/167004248.html?s=sou_sou_soulb&t=0_0&req=49118b9834763453cd8cacba103ddf2b
新疆,新星,,新疆,新星,,low,fallback-city-source,4,job_104688,https://jobs.51job.com/xinxing/171084214.html?s=sou_sou_soulb&t=0_0&req=65576005f327fc5e406237e9f0485058
云南,昭通,巧家县,云南,昭通,巧家县,high,exact-city-alias,4,job_321471,https://jobs.51job.com/zhaotong-qjx/170983963.html?s=sou_sou_soulb&t=0_0&req=a8c3d9a2cc96e119a43af25ff22dd1a5
山西,晋中,介休市,山西,晋中,介休市,high,exact-city-alias,4,job_747375,https://jobs.51job.com/jinzhong-jxs/167856696.html?s=sou_sou_soulb&t=0_0&req=c9b116d4190c7ef2a762f314986fb1dd
山西,晋城,陵川县,山西,晋城,陵川县,high,exact-city-alias,4,job_217116,https://jobs.51job.com/jincheng-lcx/167967850.html?s=sou_sou_soulb&t=0_0&req=b0f2b8e425ba61319e496ed38464f11a
山西,晋城,城区,山西,晋城,城区,high,exact-city-alias,4,job_351715,https://jobs.51job.com/jincheng-cq/170304750.html?s=sou_sou_soulb&t=0_0&req=7531e751ac5ed2218b92f9bf62faec8b
云南,曲靖,师宗县,云南,曲靖,师宗县,high,exact-city-alias,4,job_282049,https://jobs.51job.com/qujing-szx/169921912.html?s=sou_sou_soulb&t=0_0&req=f3e735b093650a49f20a47bbee1c7bc6
吉林,松原,宁江区,吉林,松原,宁江区,high,exact-city-alias,4,job_357417,https://jobs.51job.com/songyuan-njq/170658159.html?s=sou_sou_soulb&t=0_0&req=e08394dd834dc64d292a6f78d29b5ea9
山东,枣庄,台儿庄区,山东,枣庄,台儿庄区,high,exact-city-alias,4,job_091748,https://jobs.51job.com/zaozhuang-tezq/161415707.html?s=sou_sou_soulb&t=0_0&req=b0a7dc31eddcc13a9e8f1f7d522329ea
广西,柳州,融安县,广西,柳州,融安县,high,exact-city-alias,4,job_613981,https://jobs.51job.com/liuzhou-rax/171463351.html?s=sou_sou_soulb&t=0_0&req=5e4d3175cb8ec2b25574524c838d1eb4
广西,桂林,象山区,广西,桂林,象山区,high,exact-city-alias,4,job_046870,https://jobs.51job.com/guilin-xsq/171007293.html?s=sou_sou_soulb&t=0_0&req=4ebf8b4ab5d376bdb75dc6ba96e96207
广西,桂林,雁山区,广西,桂林,雁山区,high,exact-city-alias,4,job_046932,https://jobs.51job.com/guilin-ysq/171382902.html?s=sou_sou_soulb&t=0_0&req=b70a1a156d382c4fa3d3b57d6ca71860
广西,桂林,兴安县,广西,桂林,兴安县,high,exact-city-alias,4,job_612358,https://jobs.51job.com/guilin-xax/171490971.html?s=sou_sou_soulb&t=0_0&req=a09487f584586f1d2cacc62823de7ee9
,梅州,,广东,梅州,,high,exact-city-alias,4,job_070821,https://jobs.51job.com/all/165814255.html?s=sou_sou_soulb&t=0_0&req=f6cb62461278652a50fdbef89678cd79
广西,梧州,蒙山县,广西,梧州,蒙山县,high,exact-city-alias,4,job_925409,https://jobs.51job.com/wuzhou-msx/170580623.html?s=sou_sou_soulb&t=0_0&req=3ff85b2bf5d962ab02cd0c58c067001d
云南,楚雄,永仁县,云南,楚雄,永仁县,high,51job-area-alias,4,job_104599,https://jobs.51job.com/chuxiong-yrx/170374484.html?s=sou_sou_soulb&t=0_0&req=b764a4e7c48a6961195fcf9a76c1e686
陕西,榆林,定边县,陕西,榆林,定边县,high,exact-city-alias,4,job_216974,https://jobs.51job.com/yulin-dbx/167956074.html?s=sou_sou_soulb&t=0_0&req=b728d1770042a95a33949f6b0367737e
,武汉-硚口区,,湖北,武汉,硚口区,high,city-hyphen-district,4,job_050371,https://jobs.51job.com/all/170691872.html?s=sou_sou_soulb&t=0_0&req=1c9226555cb1b37c654746b0cc27fe67
广西,河池,宜州区,广西,河池,宜州区,high,exact-city-alias,4,job_047105,https://jobs.51job.com/hechi-yzq/169551665.html?s=sou_sou_soulb&t=0_0&req=d0e66c429e9a0d0beeddd16135f60166
四川,泸州,泸县,四川,泸州,泸县,high,exact-city-alias,4,job_091632,https://jobs.51job.com/luzhou-lx/171155176.html?s=sou_sou_soulb&t=0_0&req=047dac3b65121794ef2042c08b3ff13c
河南,洛阳,栾川县,河南,洛阳,栾川县,high,exact-city-alias,4,job_072818,https://jobs.51job.com/luoyang-lcx/171402065.html?s=sou_sou_soulb&t=0_0&req=9e894c184fc331d0254111949ea660fa
青海,海西,德令哈市,青海,海西,德令哈市,high,51job-area-alias,4,job_217692,https://jobs.51job.com/haixi-dlhs/171349923.html?s=sou_sou_soulb&t=0_0&req=ea3ffe9c41bc1904001679528b603e3a
青海,海西,茫崖市,青海,海西,茫崖市,high,51job-area-alias,4,job_242558,https://jobs.51job.com/haixi-mys/170561826.html?s=sou_sou_soulb&t=0_0&req=a93cf02e867a2ce9b3201c9bdc60811f
陕西,渭南,华州区,陕西,渭南,华州区,high,exact-city-alias,4,job_051930,https://jobs.51job.com/weinan-hzq/170970877.html?s=sou_sou_soulb&t=0_0&req=632dfdbfb0e63da65e66977a27830716
山东,滨州,沾化区,山东,滨州,沾化区,high,exact-city-alias,4,job_519603,https://jobs.51job.com/binzhou-zhq/167804722.html?s=sou_sou_soulb&t=0_0&req=f16b017b119190bb481f32e390dab42e
山东,滨州,惠民县,山东,滨州,惠民县,high,exact-city-alias,4,job_519622,https://jobs.51job.com/binzhou-hmx/167808456.html?s=sou_sou_soulb&t=0_0&req=f16b017b119190bb481f32e390dab42e
河南,濮阳,濮阳县,河南,濮阳,濮阳县,high,exact-city-alias,4,job_191663,https://jobs.51job.com/puyang-pyx/171200154.html?s=sou_sou_soulb&t=0_0&req=f5e104b34c541bd0145ef3ed1cabe345
河南,濮阳,南乐县,河南,濮阳,南乐县,high,exact-city-alias,4,job_266378,https://jobs.51job.com/puyang-nlx/170408992.html?s=sou_sou_soulb&t=0_0&req=db85162ebdc906e7374adc8db242e958
黑龙江,牡丹江,绥芬河市,黑龙江,牡丹江,绥芬河市,high,exact-city-alias,4,job_250056,https://jobs.51job.com/mudanjiang-sfhs/167630058.html?s=sou_sou_soulb&t=0_0&req=88e48693ff0834cc690ef8e0f0b7a5cc
四川,甘孜,雅江县,四川,甘孜,雅江县,high,51job-area-alias,4,job_222023,https://jobs.51job.com/ganzi-yjx/170404441.html?s=sou_sou_soulb&t=0_0&req=2cb6a65eed3751f618921aaa8e9aac69
吉林,白山,靖宇县,吉林,白山,靖宇县,high,exact-city-alias,4,job_347612,https://jobs.51job.com/baishan-jyx/171429901.html?s=sou_sou_soulb&t=0_0&req=cfb60e68686831c33b2d377a0d415f58
甘肃,白银,平川区,甘肃,白银,平川区,high,exact-city-alias,4,job_054107,https://jobs.51job.com/baiyin-pcq/170442909.html?s=sou_sou_soulb&t=0_0&req=f3ee2e5922f23ba1dc39509acf70362c
甘肃,白银,景泰县,甘肃,白银,景泰县,high,exact-city-alias,4,job_217440,https://jobs.51job.com/baiyin-jtx/169035162.html?s=sou_sou_soulb&t=0_0&req=c63927404b4247690b01f2d335816549
甘肃,白银,靖远县,甘肃,白银,靖远县,high,exact-city-alias,4,job_217488,https://jobs.51job.com/baiyin-jyx/167949523.html?s=sou_sou_soulb&t=0_0&req=e01528f7bf2091c4ecf010ba7b09e157
广西,百色,平果市,广西,百色,平果市,high,exact-city-alias,4,job_360218,https://jobs.51job.com/baise-pgs/168676765.html?s=sou_sou_soulb&t=0_0&req=17432890504c8bdf5c24e91118a13ce2
,盐城,,江苏,盐城,,high,exact-city-alias,4,job_039289,https://jobs.51job.com/all/164504514.html?s=sou_sou_soulb&t=0_0&req=174ba47edd145144f5dca40df7b6d922
宁夏,石嘴山,大武口区,宁夏,石嘴山,大武口区,high,exact-city-alias,4,job_418749,https://jobs.51job.com/shizuishan-dwkq/171457724.html?s=sou_sou_soulb&t=0_0&req=4f40536cb70bc26393b60c3981be31a9
河北,石家庄,行唐县,河北,石家庄,行唐县,high,exact-city-alias,4,job_216497,https://jobs.51job.com/shijiazhuang-xtx/165001222.html?s=sou_sou_soulb&t=0_0&req=6ad410b7964fe0743e5bc73a5637037e
黑龙江,绥化,庆安县,黑龙江,绥化,庆安县,high,exact-city-alias,4,job_150262,https://jobs.51job.com/suihua-qax/170594001.html?s=sou_sou_soulb&t=0_0&req=619f4f5b3f8b055649e79e2b005c99f2
四川,自贡,荣县,四川,自贡,荣县,high,exact-city-alias,4,job_086220,https://jobs.51job.com/zigong-rx/170435250.html?s=sou_sou_soulb&t=0_0&req=fdbe822d5b289a62193f88ba30d30811
,荆门,,湖北,荆门,,high,exact-city-alias,4,job_049221,https://jobs.51job.com/all/170700049.html?s=sou_sou_soulb&t=0_0&req=1d732f5ccff3d9649a74892039304f04
山东,菏泽,东明县,山东,菏泽,东明县,high,exact-city-alias,4,job_058107,https://jobs.51job.com/heze-dmx/171224309.html?s=sou_sou_soulb&t=0_0&req=229974079d472e35d77094011e19acae
山东,菏泽,成武县,山东,菏泽,成武县,high,exact-city-alias,4,job_108145,https://jobs.51job.com/heze-cwx/170363293.html?s=sou_sou_soulb&t=0_0&req=f6bceda91d0c674f1fda0195a8e14dc8
山东,菏泽,巨野县,山东,菏泽,巨野县,high,exact-city-alias,4,job_519343,https://jobs.51job.com/heze-jyx/167806850.html?s=sou_sou_soulb&t=0_0&req=7a91c65a19abc4fd7dfec6f15c522dbd
江西,萍乡,莲花县,江西,萍乡,莲花县,high,exact-city-alias,4,job_332113,https://jobs.51job.com/pingxiang-lhx/169187439.html?s=sou_sou_soulb&t=0_0&req=a2a24fb421beb84ab631eb698bbefc48
辽宁,营口,盖州市,辽宁,营口,盖州市,high,exact-city-alias,4,job_401829,https://jobs.51job.com/yingkou-gzs/157295335.html?s=sou_sou_soulb&t=0_0&req=187f661dfe927f8c1b9d84f3151af14a
河北,衡水,故城县,河北,衡水,故城县,high,exact-city-alias,4,job_291944,https://jobs.51job.com/hengshui-gcx/170431647.html?s=sou_sou_soulb&t=0_0&req=e65df3860bbee54f76b6c9f459683df6
河北,衡水,深州市,河北,衡水,深州市,high,exact-city-alias,4,job_551335,https://jobs.51job.com/hengshui-szs/170278749.html?s=sou_sou_soulb&t=0_0&req=c8c6fe5646f931a0e2b860c27c928d4c
湖南,衡阳,衡东县,湖南,衡阳,衡东县,high,exact-city-alias,4,job_376690,https://jobs.51job.com/hengyang-hdx/158747867.html?s=sou_sou_soulb&t=0_0&req=4df96a6bd79e7dfa968bcd5b1d5220d6
西藏,西藏,,西藏,西藏,,low,fallback-city-source,4,job_008177,https://jobs.51job.com/xizang/138790675.html?s=sou_sou_soulb&t=0_0&req=22f03fc22e8eef1a2c89307f1f5e1007
广西,贵港,港南区,广西,贵港,港南区,high,exact-city-alias,4,job_058308,https://jobs.51job.com/guigang-gnq/169931440.html?s=sou_sou_soulb&t=0_0&req=c6576a81315b17f48da1db6cf61fd3b8
四川,资阳,乐至县,四川,资阳,乐至县,high,exact-city-alias,4,job_239495,https://jobs.51job.com/ziyang-lzx/170887411.html?s=sou_sou_soulb&t=0_0&req=7b8339148099d50421875ca1bd72c914
吉林,辽源,龙山区,吉林,辽源,龙山区,high,exact-city-alias,4,job_576686,https://jobs.51job.com/liaoyuan-lsq/171365624.html?s=sou_sou_soulb&t=0_0&req=39923ed953118a120a6b62c80d0a4402
四川,遂宁,蓬溪县,四川,遂宁,蓬溪县,high,exact-city-alias,4,job_102489,https://jobs.51job.com/suining-pxx/170422623.html?s=sou_sou_soulb&t=0_0&req=aa7a84aa2b61b582797471ee66c0e0dd
河北,邢台,巨鹿县,河北,邢台,巨鹿县,high,exact-city-alias,4,job_048142,https://jobs.51job.com/xingtai-jlx/171624541.html?s=sou_sou_soulb&t=0_0&req=cbfa03c686a8609e4998a7f1e9b474d0
河北,邢台,临西县,河北,邢台,临西县,high,exact-city-alias,4,job_091899,https://jobs.51job.com/xingtai-lxx/168125388.html?s=sou_sou_soulb&t=0_0&req=db9c500990fddd806cf4f5f7f5be9358
河北,邢台,沙河市,河北,邢台,沙河市,high,exact-city-alias,4,job_140668,https://jobs.51job.com/xingtai-shs/170409290.html?s=sou_sou_soulb&t=0_0&req=04004523c714b17b7633a672a3da31ca
河北,邢台,任泽区,河北,邢台,任泽区,high,exact-city-alias,4,job_363376,https://jobs.51job.com/xingtai-rzq/171349424.html?s=sou_sou_soulb&t=0_0&req=6e35f35eddeee6a9bcb5baa1a21c2d52
河北,邯郸,大名县,河北,邯郸,大名县,high,exact-city-alias,4,job_346042,https://jobs.51job.com/handan-dmx/170850659.html?s=sou_sou_soulb&t=0_0&req=866a78080af4e665ad3940ff98e586ba
河北,邯郸,魏县,河北,邯郸,魏县,high,exact-city-alias,4,job_383896,https://jobs.51job.com/handan-wx/170604696.html?s=sou_sou_soulb&t=0_0&req=9f3ed56cd150790f3cf5bec6c20f1c23
湖南,郴州,汝城县,湖南,郴州,汝城县,high,exact-city-alias,4,job_523662,https://jobs.51job.com/chenzhou-rcx/171460122.html?s=sou_sou_soulb&t=0_0&req=c7233558ffc78bcf92686b0b4af6de3e
广西,钦州,浦北县,广西,钦州,浦北县,high,exact-city-alias,4,job_102930,https://jobs.51job.com/qinzhou-pbx/169205303.html?s=sou_sou_soulb&t=0_0&req=f80dc2fe1cf57a2f4c7e9b3f77fd8d1b
贵州,铜仁,德江县,贵州,铜仁,德江县,high,exact-city-alias,4,job_053877,https://jobs.51job.com/tongren-djx/170878108.html?s=sou_sou_soulb&t=0_0&req=993f0b1beb3bc6c9416252b6fce7b50f
内蒙古,锡林郭勒盟,镶黄旗,内蒙古,锡林郭勒盟,镶黄旗,high,exact-city-alias,4,job_222398,https://jobs.51job.com/xilinguolemeng-xhq/171520206.html?s=sou_sou_soulb&t=0_0&req=94e341c987e694403af2f2ae62e6376b
,镇江,,江苏,镇江,,high,exact-city-alias,4,job_039104,https://jobs.51job.com/all/170441431.html?s=sou_sou_soulb&t=0_0&req=98329ce26db88d88d4de266a918d47ba
吉林,长春,双阳区,吉林,长春,双阳区,high,exact-city-alias,4,job_267773,https://jobs.51job.com/changchun-syq/170297333.html?s=sou_sou_soulb&t=0_0&req=2eafdd73f1d54e130d0cbc0ebfaff566
山西,长治,襄垣县,山西,长治,襄垣县,high,exact-city-alias,4,job_391037,https://jobs.51job.com/changzhi-xyx/171516960.html?s=sou_sou_soulb&t=0_0&req=3140146143a89f8345c50d9f0420051d
新疆,阿克苏,库车市,新疆,阿克苏,库车市,high,exact-city-alias,4,job_282281,https://jobs.51job.com/akesu-kcs/171584470.html?s=sou_sou_soulb&t=0_0&req=9a7ceb3eb3c4f38927a8ca81b9e325e6
西藏,阿里,,西藏,阿里,,high,exact-city-alias,4,job_069061,https://jobs.51job.com/ali/156565128.html?s=sou_sou_soulb&t=0_0&req=948b52ffd237b959adda1edb5d8ecea9
甘肃,陇南,康县,甘肃,陇南,康县,high,exact-city-alias,4,job_023818,https://jobs.51job.com/longnan-kx/171186683.html?s=sou_sou_soulb&t=0_0&req=a7ff71330ec3079e6952ab73c1d523a2
辽宁,鞍山,千山区,辽宁,鞍山,千山区,high,exact-city-alias,4,job_250142,https://jobs.51job.com/anshan-qsq/170341574.html?s=sou_sou_soulb&t=0_0&req=a07aad9807842b3842312eeae95fc3a6
安徽,黄山,休宁县,安徽,黄山,休宁县,high,exact-city-alias,4,job_449535,https://jobs.51job.com/huangshan-xnx/170002989.html?s=sou_sou_soulb&t=0_0&req=8af4ee342bd9f34bc68d03ba82781099
黑龙江,黑河,爱辉区,黑龙江,黑河,爱辉区,high,exact-city-alias,4,job_267745,https://jobs.51job.com/heihe-ahq/170737516.html?s=sou_sou_soulb&t=0_0&req=a92db154db57b2e91f6cd17f7b92ea66
黑龙江,齐齐哈尔,克东县,黑龙江,齐齐哈尔,克东县,high,exact-city-alias,4,job_347059,https://jobs.51job.com/qiqihaer-kdx/171472664.html?s=sou_sou_soulb&t=0_0&req=58855dcef0337b7a5976feeb5ef61529
福建,龙岩,连城县,福建,龙岩,连城县,high,exact-city-alias,4,job_074784,https://jobs.51job.com/longyan-lcx/170622098.html?s=sou_sou_soulb&t=0_0&req=7c46751bd183036131bf6ca7994e7f80
福建,龙岩,武平县,福建,龙岩,武平县,high,exact-city-alias,4,job_191392,https://jobs.51job.com/longyan-wpx/170914881.html?s=sou_sou_soulb&t=0_0&req=af0fc40dbfa9188a7971446c2f04a2cf
江西,上饶,余干县,江西,上饶,余干县,high,exact-city-alias,3,job_213311,https://jobs.51job.com/shangrao-ygx/169892730.html?s=sou_sou_soulb&t=0_0&req=30686e40712e3296dd0c1c435a44dba9
山东,东营,河口区,山东,东营,河口区,high,exact-city-alias,3,job_544424,https://jobs.51job.com/dongying-hkq/171165796.html?s=sou_sou_soulb&t=0_0&req=442a70c58bc845a1e18e7c4a0bb1547c
山西,临汾,洪洞县,山西,临汾,洪洞县,high,exact-city-alias,3,job_351864,https://jobs.51job.com/linfen-hdx/170304635.html?s=sou_sou_soulb&t=0_0&req=d8f1387ce8649765fb655b449ddb2036
山东,临沂,蒙阴县,山东,临沂,蒙阴县,high,exact-city-alias,3,job_383648,https://jobs.51job.com/linyi-myx/170535710.html?s=sou_sou_soulb&t=0_0&req=898c860a26daa94299402e702797bd36
浙江,丽水,庆元县,浙江,丽水,庆元县,high,exact-city-alias,3,job_118646,https://jobs.51job.com/lishui-qyx/168004125.html?s=sou_sou_soulb&t=0_0&req=c8a818272531b4babb9eb03d54449d76
内蒙古,乌兰察布,四子王旗,内蒙古,乌兰察布,四子王旗,high,exact-city-alias,3,job_217563,https://jobs.51job.com/wulanchabu-szwq/171377440.html?s=sou_sou_soulb&t=0_0&req=abb4e3b0a615633ad44164ea6aff8f09
内蒙古,乌海,海南区,内蒙古,乌海,海南区,high,exact-city-alias,3,job_259790,https://jobs.51job.com/wuhai-hnq/170788227.html?s=sou_sou_soulb&t=0_0&req=421c559c7ddcb1116c3ca274535fe42e
江西,九江,都昌县,江西,九江,都昌县,high,exact-city-alias,3,job_364349,https://jobs.51job.com/jiujiang-dcx/170716383.html?s=sou_sou_soulb&t=0_0&req=5655cbb536baf5fef1b99e65098b87ad
,仙桃,,湖北,仙桃,,high,51job-area-alias,3,job_049318,https://jobs.51job.com/all/161750545.html?s=sou_sou_soulb&t=0_0&req=7cd6051eeb1881026db897e454e9a54d
黑龙江,伊春,金林区,黑龙江,伊春,金林区,high,exact-city-alias,3,job_250061,https://jobs.51job.com/yichun-jlq/169712617.html?s=sou_sou_soulb&t=0_0&req=88e48693ff0834cc690ef8e0f0b7a5cc
黑龙江,佳木斯,桦南县,黑龙江,佳木斯,桦南县,high,exact-city-alias,3,job_266817,https://jobs.51job.com/jiamusi-hnx/170346152.html?s=sou_sou_soulb&t=0_0&req=05a6ac1a51f6fb01fb8876aa8dbe008f
河北,保定,高阳县,河北,保定,高阳县,high,exact-city-alias,3,job_272120,https://jobs.51job.com/baoding-gyx/171574168.html?s=sou_sou_soulb&t=0_0&req=edc79d7cb7dee3090d08f3777d5e0c9b
河北,保定,顺平县,河北,保定,顺平县,high,exact-city-alias,3,job_346051,https://jobs.51job.com/baoding-spx/171041261.html?s=sou_sou_soulb&t=0_0&req=866a78080af4e665ad3940ff98e586ba
贵州,六盘水,水城区,贵州,六盘水,水城区,high,exact-city-alias,3,job_331403,https://jobs.51job.com/liupanshui-scq/171137140.html?s=sou_sou_soulb&t=0_0&req=d77b83c06ed9135643663adaeec41bf1
四川,凉山,美姑县,四川,凉山,美姑县,high,51job-area-alias,3,job_118862,https://jobs.51job.com/liangshan-mgx/171392257.html?s=sou_sou_soulb&t=0_0&req=357f0d58e086c4aad1e55a84ef0bcc32
湖北,十堰,竹溪县,湖北,十堰,竹溪县,high,exact-city-alias,3,job_229019,https://jobs.51job.com/shiyan-zxx/171325259.html?s=sou_sou_soulb&t=0_0&req=fbe1de8aac6475d21941d0b1bb787a3e
,合肥,,安徽,合肥,,high,exact-city-alias,3,job_738668,https://jobs.51job.com/all/169891341.html?s=sou_sou_soulb&t=0_0&req=1db224aa5e8cd360747737da22b00e01
新疆,吐鲁番,,新疆,吐鲁番,,high,exact-city-alias,3,job_716594,https://jobs.51job.com/tulufan/170460496.html?s=sou_sou_soulb&t=0_0&req=97866c7b337c94ea63b6d2eb000cee8b
山西,吕梁,汾阳市,山西,吕梁,汾阳市,high,exact-city-alias,3,job_052155,https://jobs.51job.com/lvliang-fys/171506325.html?s=sou_sou_soulb&t=0_0&req=d99d51810b8d3b47f22f10a8a7855ec4
山西,吕梁,柳林县,山西,吕梁,柳林县,high,exact-city-alias,3,job_123994,https://jobs.51job.com/lvliang-llx/171554131.html?s=sou_sou_soulb&t=0_0&req=29b5be1c85d04316073ae50ac15115d5
河南,周口,郸城县,河南,周口,郸城县,high,exact-city-alias,3,job_049005,https://jobs.51job.com/zhoukou-dcx/169983456.html?s=sou_sou_soulb&t=0_0&req=dce2a2e4d2dfce972142edbf03f6e9d2
新疆,和田,洛浦县,新疆,和田,洛浦县,high,exact-city-alias,3,job_094663,https://jobs.51job.com/hetian-lpx/170971129.html?s=sou_sou_soulb&t=0_0&req=8c905e7aab22916a2d2cb192f758e03b
陕西,咸阳,长武县,陕西,咸阳,长武县,high,exact-city-alias,3,job_141490,https://jobs.51job.com/xianyang-cwx/171383313.html?s=sou_sou_soulb&t=0_0&req=670908e532f559cfcf4571a7d2beb086
黑龙江,哈尔滨,依兰县,黑龙江,哈尔滨,依兰县,high,exact-city-alias,3,job_379886,https://jobs.51job.com/hadongbin-ylx/168320588.html?s=sou_sou_soulb&t=0_0&req=49a35b8903887c8c46b78ad2050349bc
河北,唐山,丰润区,河北,唐山,丰润区,high,exact-city-alias,3,job_272123,https://jobs.51job.com/tangshan-frq/171451229.html?s=sou_sou_soulb&t=0_0&req=edc79d7cb7dee3090d08f3777d5e0c9b
河北,唐山,迁西县,河北,唐山,迁西县,high,exact-city-alias,3,job_521269,https://jobs.51job.com/tangshan-qxx/167340841.html?s=sou_sou_soulb&t=0_0&req=070d75fc3c30bfe719efe72ef603f27d
新疆,喀什地区,疏勒县,新疆,喀什,疏勒县,high,exact-city-alias,3,job_330888,https://jobs.51job.com/kashidiqu-slx/171021760.html?s=sou_sou_soulb&t=0_0&req=70569a3103310fe0b98531e257e5ba22
新疆,喀什地区,莎车县,新疆,喀什,莎车县,high,exact-city-alias,3,job_380070,https://jobs.51job.com/kashidiqu-scx/171577690.html?s=sou_sou_soulb&t=0_0&req=fce7b105bddd7f008b207c9c4f4312aa
宁夏,固原,原州区,宁夏,固原,原州区,high,exact-city-alias,3,job_407978,https://jobs.51job.com/guyuan-yzq/171645084.html?s=sou_sou_soulb&t=0_0&req=cd4160e431e2ae7fd9837e69bf92ce83
,国外,,,国外,,low,fallback-city-source,3,job_370270,https://jobs.51job.com/overseas/167927145.html?s=sou_sou_soulb&t=0_1&req=98ce248a3e1ee16ecdf9486e005de59d
黑龙江,大庆,杜尔伯特蒙古族自治县,黑龙江,大庆,杜尔伯特蒙古族自治县,high,exact-city-alias,3,job_150261,https://jobs.51job.com/daqing-debtmgzzzx/170200117.html?s=sou_sou_soulb&t=0_0&req=619f4f5b3f8b055649e79e2b005c99f2
云南,大理,剑川县,云南,大理,剑川县,high,51job-area-alias,3,job_525305,https://jobs.51job.com/dali-jcx/171018348.html?s=sou_sou_soulb&t=0_0&req=ee2d783721b8263a02f2fd62c475e9eb
山西,太原,古交市,山西,太原,古交市,high,exact-city-alias,3,job_552223,https://jobs.51job.com/taiyuan-gjs/167492441.html?s=sou_sou_soulb&t=0_0&req=562ecaf1a7b6fc0219bc90764de6bc0c
湖南,娄底,新化县,湖南,娄底,新化县,high,exact-city-alias,3,job_594736,https://jobs.51job.com/loudi-xhx/164373899.html?s=sou_sou_soulb&t=0_0&req=fb128472678085ef4d32d756736b1eaf
陕西,安康,旬阳市,陕西,安康,旬阳市,high,exact-city-alias,3,job_529155,https://jobs.51job.com/ankang-xys/170435132.html?s=sou_sou_soulb&t=0_0&req=ccd957c721c3c5c20878d5cf3aab585d
河南,安阳,北关区,河南,安阳,北关区,high,exact-city-alias,3,job_404948,https://jobs.51job.com/anyang-bgq/169996161.html?s=sou_sou_soulb&t=0_0&req=7c69547b8a8451dc3149a468b76e80e9
甘肃,定西,临洮县,甘肃,定西,临洮县,high,exact-city-alias,3,job_326176,http://companyads.51job.com/companyads/2023/hb/cy/detail.html?jobid=169868103
安徽,宿州,灵璧县,安徽,宿州,灵璧县,high,exact-city-alias,3,job_148814,https://jobs.51job.com/suzhou-lbx/171484450.html?s=sou_sou_soulb&t=0_0&req=19da39dab020678d1c70cc645ad35c12
西藏,山南,错那市,西藏,山南,错那市,high,exact-city-alias,3,job_380062,https://jobs.51job.com/shannan-cns/170432805.html?s=sou_sou_soulb&t=0_0&req=82490c0f9a36c2e588086db94824c518
新疆,巴音郭楞,若羌县,新疆,巴音郭楞,若羌县,high,51job-area-alias,3,job_381126,https://jobs.51job.com/bayinguoleng-rqx/169416246.html?s=sou_sou_soulb&t=0_0&req=75cb4c2f3b95a5c29e684a755bf85d54
河北,廊坊,永清县,河北,廊坊,永清县,high,exact-city-alias,3,job_740036,https://jobs.51job.com/langfang-yqx/171436222.html?s=sou_sou_soulb&t=0_0&req=192d201e4ad60f80321551c5edc1cee0
河北,张家口,涿鹿县,河北,张家口,涿鹿县,high,exact-city-alias,3,job_195454,https://jobs.51job.com/zhangjiakou-zlx/170400177.html?s=sou_sou_soulb&t=0_0&req=aca751b21d3d2e88b4c82356a8eee5fb
湖南,张家界,慈利县,湖南,张家界,慈利县,high,exact-city-alias,3,job_405856,https://jobs.51job.com/zhangjiajie-clx/171659627.html?s=sou_sou_soulb&t=0_0&req=6bf6a9e04bf39195192de441e19f2df9
山西,忻州,忻府区,山西,忻州,忻府区,high,exact-city-alias,3,job_754067,https://jobs.51job.com/xinzhou-xfq/171493484.html?s=sou_sou_soulb&t=0_0&req=3a171b782bbf7d1870c5da26f1a5ed9f
湖南,怀化,溆浦县,湖南,怀化,溆浦县,high,exact-city-alias,3,job_073232,https://jobs.51job.com/huaihua-xpx/170989067.html?s=sou_sou_soulb&t=0_0&req=ed1fe42a4482b4de1f329b150a307254
湖南,怀化,会同县,湖南,怀化,会同县,high,exact-city-alias,3,job_523672,https://jobs.51job.com/huaihua-htx/171460516.html?s=sou_sou_soulb&t=0_0&req=c7233558ffc78bcf92686b0b4af6de3e
河北,承德,丰宁满族自治县,河北,承德,丰宁满族自治县,high,exact-city-alias,3,job_371016,https://jobs.51job.com/chengde-fnmzzzx/169858908.html?s=sou_sou_soulb&t=0_0&req=6def18ccbf8780ac17442454b3b9d1a5
江西,抚州,广昌县,江西,抚州,广昌县,high,exact-city-alias,3,job_102862,https://jobs.51job.com/fuzhou-gcx/170466014.html?s=sou_sou_soulb&t=0_0&req=bfd1b472610df2e334874671745505d5
西藏,拉萨,墨竹工卡县,西藏,拉萨,墨竹工卡县,high,exact-city-alias,3,job_627601,https://jobs.51job.com/lasa-mzgkx/164549544.html?s=sou_sou_soulb&t=0_0&req=0486fceb3a6de86f6e56eb1bb3be5ba1
云南,文山,砚山县,云南,文山,砚山县,high,51job-area-alias,3,job_525306,https://jobs.51job.com/wenshan-ysx/169820345.html?s=sou_sou_soulb&t=0_0&req=ee2d783721b8263a02f2fd62c475e9eb
云南,昭通,绥江县,云南,昭通,绥江县,high,exact-city-alias,3,job_095599,https://jobs.51job.com/zhaotong-sjx/171074563.html?s=sou_sou_soulb&t=0_0&req=d3c498575bac4ce728c993a5c4e40321
山西,晋中,灵石县,山西,晋中,灵石县,high,exact-city-alias,3,job_242453,https://jobs.51job.com/jinzhong-lsx/171464028.html?s=sou_sou_soulb&t=0_0&req=0fe8e0697680ddf1f9846018ccd54ed8
山西,晋中,太谷区,山西,晋中,太谷区,high,exact-city-alias,3,job_697332,https://jobs.51job.com/jinzhong-tgq/170570540.html?s=sou_sou_soulb&t=0_0&req=5675111239598487256dfb8fa0153dd6
云南,普洱,宁洱哈尼族彝族自治县,云南,普洱,宁洱哈尼族彝族自治县,high,exact-city-alias,3,job_053317,https://jobs.51job.com/puer-nehnzyzzzx/170465421.html?s=sou_sou_soulb&t=0_0&req=d0a46902aef1672d647825d3e97316ae
广西,桂林,阳朔县,广西,桂林,阳朔县,high,exact-city-alias,3,job_386423,https://jobs.51job.com/guilin-ysx/168234574.html?s=sou_sou_soulb&t=0_0&req=6b8d36b32c3838f9360c692e4749e011
广西,梧州,岑溪市,广西,梧州,岑溪市,high,exact-city-alias,3,job_613960,https://jobs.51job.com/wuzhou-cxs/171464022.html?s=sou_sou_soulb&t=0_0&req=5e4d3175cb8ec2b25574524c838d1eb4
云南,楚雄,南华县,云南,楚雄,南华县,high,51job-area-alias,3,job_525295,https://jobs.51job.com/chuxiong-nhx/171578593.html?s=sou_sou_soulb&t=0_0&req=ee2d783721b8263a02f2fd62c475e9eb
甘肃,武威,古浪县,甘肃,武威,古浪县,high,exact-city-alias,3,job_217489,https://jobs.51job.com/wuwei-glx/168162879.html?s=sou_sou_soulb&t=0_0&req=e01528f7bf2091c4ecf010ba7b09e157
甘肃,武威,凉州区,甘肃,武威,凉州区,high,exact-city-alias,3,job_229182,https://jobs.51job.com/wuwei-lzq/171622912.html?s=sou_sou_soulb&t=0_0&req=adb3b8ca2a2b173646a70c774093ecbb
陕西,汉中,城固县,陕西,汉中,城固县,high,exact-city-alias,3,job_384213,https://jobs.51job.com/hanzhong-cgx/171543560.html?s=sou_sou_soulb&t=0_0&req=09322499f589af29b7228b9803a48c18
,汕尾,,广东,汕尾,,high,exact-city-alias,3,job_070819,https://jobs.51job.com/all/165814256.html?s=sou_sou_soulb&t=0_0&req=1f26cac7d46b08151d4223005a757aee
河北,沧州,献县,河北,沧州,献县,high,exact-city-alias,3,job_280807,https://jobs.51job.com/cangzhou-xx/170495388.html?s=sou_sou_soulb&t=0_0&req=f2c18c04429c6ac2f13f649b1050521e
河北,沧州,新华区,河北,沧州,新华区,high,exact-city-alias,3,job_349790,https://jobs.51job.com/cangzhou-xhq/171545709.html?s=sou_sou_soulb&t=0_0&req=ed102c2f1fe5e6433c81a2b6e14d0a63
河北,沧州,河间市,河北,沧州,河间市,high,exact-city-alias,3,job_358391,https://jobs.51job.com/cangzhou-hjs/171545434.html?s=sou_sou_soulb&t=0_0&req=56f024f80ef5294aab801df88d1687af
广西,河池,巴马瑶族自治县,广西,河池,巴马瑶族自治县,high,exact-city-alias,3,job_140193,https://jobs.51job.com/hechi-bmyzzzx/171643746.html?s=sou_sou_soulb&t=0_0&req=c49d2c8118d17f263a7cdc35da0a6f02
,河源,,广东,河源,,high,exact-city-alias,3,job_070807,https://jobs.51job.com/all/165814259.html?s=sou_sou_soulb&t=0_0&req=5c8e8afcbcd2d51bbc763e814d293762
山东,泰安,东平县,山东,泰安,东平县,high,exact-city-alias,3,job_470373,https://jobs.51job.com/taian-dpx/170660238.html?s=sou_sou_soulb&t=0_0&req=992cf9eb3c0e72d7659dbbb4ecb1a388
四川,泸州,纳溪区,四川,泸州,纳溪区,high,exact-city-alias,3,job_369680,https://jobs.51job.com/luzhou-nxq/168421883.html?s=sou_sou_soulb&t=0_0&req=463ac658c1a8922e89adb6bf2ea712a0
河南,洛阳,偃师区,河南,洛阳,偃师区,high,exact-city-alias,3,job_058610,https://jobs.51job.com/luoyang-ysq/171084841.html?s=sou_sou_soulb&t=0_0&req=fc1480270ba065552ab91ef198e0413c
河南,洛阳,吉利区,河南,洛阳,吉利区,high,exact-city-alias,3,job_390542,https://jobs.51job.com/luoyang-jlq/171082391.html?s=sou_sou_soulb&t=0_0&req=b4d737e3c0ddddabb9b0ab2b3d79a819
山东,济宁,微山县,山东,济宁,微山县,high,exact-city-alias,3,job_148399,https://jobs.51job.com/jining-wsx/171476527.html?s=sou_sou_soulb&t=0_0&req=b744afe7c875cc4da81f4f067cf18155
青海,海东,互助土族自治县,青海,海东,互助土族自治县,high,exact-city-alias,3,job_749732,https://jobs.51job.com/haidong-hztzzzx/171597877.html?s=sou_sou_soulb&t=0_0&req=cdffc84de7d423fdf8c89186131bbdf5
青海,海西,海西蒙古族藏族自治州,青海,海西,海西蒙古族藏族自治州,high,51job-area-alias,3,job_054747,https://jobs.51job.com/haixi-hxmgzczzzz/167065024.html?s=sou_sou_soulb&t=0_0&req=e53853fd3bc5f0442d125ba754cece22
安徽,淮南,八公山区,安徽,淮南,八公山区,high,exact-city-alias,3,job_047450,https://jobs.51job.com/huainan-bgsq/171461685.html?s=sou_sou_soulb&t=0_0&req=769d776ee73417918cfc1f925be13215
,深圳-大鹏新区,,广东,深圳,大鹏新区,high,city-hyphen-district,3,job_510881,https://jobs.51job.com/all/171229666.html?s=sou_sou_soulb&t=0_0&req=b412efa5fd5db0dba9ce8b5efac234b7
湖南,湘西,龙山县,湖南,湘西,龙山县,high,51job-area-alias,3,job_059006,https://jobs.51job.com/xiangxi-lsx/171671529.html?s=sou_sou_soulb&t=0_0&req=64cc4aa61481c7e1ed78e8feccd47ea5
,潮州,,广东,潮州,,high,exact-city-alias,3,job_070804,https://jobs.51job.com/all/165814258.html?s=sou_sou_soulb&t=0_0&req=683a3d204bfe19b65580092297061399
黑龙江,牡丹江,阳明区,黑龙江,牡丹江,阳明区,high,exact-city-alias,3,job_061088,https://jobs.51job.com/mudanjiang-ymq/171641621.html?s=sou_sou_soulb&t=0_0&req=ed9e6276df82940bc7a0f1ab0ac33085
黑龙江,牡丹江,西安区,黑龙江,牡丹江,西安区,high,exact-city-alias,3,job_351999,https://jobs.51job.com/mudanjiang-xaq/170585141.html?s=sou_sou_soulb&t=0_0&req=dc5e7d3c38c91f7d13218c4b348c56da
广西,玉林,陆川县,广西,玉林,陆川县,high,exact-city-alias,3,job_500353,https://jobs.51job.com/yulin-lcx/171552181.html?s=sou_sou_soulb&t=0_0&req=4895ea7f6590f26177b1a6eadbb57f29
广东,珠海,万山海洋开发试验区,广东,珠海,万山海洋开发试验区,high,exact-city-alias,3,job_029354,https://jobs.51job.com/zhuhai-wshy/171101140.html?s=sou_sou_soulb&t=0_0&req=c02e4fe57ccfa468ca8e1be0814fc09d
甘肃,甘南,迭部县,甘肃,甘南,迭部县,high,51job-area-alias,3,job_104651,https://jobs.51job.com/gannan-dbx/169379254.html?s=sou_sou_soulb&t=0_0&req=4f1a70f08d9afefd586e9bc2f8aa2997
甘肃,甘南,卓尼县,甘肃,甘南,卓尼县,high,51job-area-alias,3,job_217466,https://jobs.51job.com/gannan-znx/167099497.html?s=sou_sou_soulb&t=0_0&req=c63927404b4247690b01f2d335816549
甘肃,白银,白银区,甘肃,白银,白银区,high,exact-city-alias,3,job_075167,https://jobs.51job.com/baiyin-byq/171359535.html?s=sou_sou_soulb&t=0_0&req=bbf4fa2bf97ce37d396939e598eaad6e
河北,石家庄,无极县,河北,石家庄,无极县,high,exact-city-alias,3,job_119330,https://jobs.51job.com/shijiazhuang-wjx/170252351.html?s=sou_sou_soulb&t=0_0&req=3f56bf9edc7c392dbabbd40f0efdbcbb
河北,石家庄,新乐市,河北,石家庄,新乐市,high,exact-city-alias,3,job_164864,https://jobs.51job.com/shijiazhuang-xls/170543638.html?s=sou_sou_soulb&t=0_0&req=46ce463d04e7bab92b543f9ab99aafe6
河北,石家庄,平山县,河北,石家庄,平山县,high,exact-city-alias,3,job_186019,https://jobs.51job.com/shijiazhuang-psx/171208720.html?s=sou_sou_soulb&t=0_0&req=05bb3c9ae8b2d9527c0dcddccb31d194
河北,石家庄,深泽县,河北,石家庄,深泽县,high,exact-city-alias,3,job_614031,https://jobs.51job.com/shijiazhuang-szx/152748099.html?s=sou_sou_soulb&t=0_0&req=8d0991df0e9ee9e146d077b7899428fd
河北,秦皇岛,卢龙县,河北,秦皇岛,卢龙县,high,exact-city-alias,3,job_349913,https://jobs.51job.com/qinhuangdao-llx/170299835.html?s=sou_sou_soulb&t=0_0&req=3e700dae12d365fdd2b5f1e308ab3575
云南,红河州,河口瑶族自治县,云南,红河州,河口瑶族自治县,high,51job-area-alias,3,job_289297,https://jobs.51job.com/honghezhou-hkyzzzx/171515471.html?s=sou_sou_soulb&t=0_0&req=cab485bc5525181f7154e95f166e2a93
云南,红河州,红河县,云南,红河州,红河县,high,51job-area-alias,3,job_525302,https://jobs.51job.com/honghezhou-hhx/170225351.html?s=sou_sou_soulb&t=0_0&req=ee2d783721b8263a02f2fd62c475e9eb
黑龙江,绥化,望奎县,黑龙江,绥化,望奎县,high,exact-city-alias,3,job_363764,https://jobs.51job.com/suihua-wkx/165887411.html?s=sou_sou_soulb&t=0_0&req=5a09bd9191f13de37a144f50352153f6
四川,绵阳,北川羌族自治县,四川,绵阳,北川羌族自治县,high,exact-city-alias,3,job_212399,https://jobs.51job.com/mianyang-bcqz/171456599.html?s=sou_sou_soulb&t=0_0&req=0e44902a5fa7a90dff4ba8324be28a47
四川,绵阳,盐亭县,四川,绵阳,盐亭县,high,exact-city-alias,3,job_215847,https://jobs.51job.com/mianyang-ytx/170971982.html?s=sou_sou_soulb&t=0_0&req=80cb1b99de1a8d1345bc29d0a63ded6e
四川,绵阳,梓潼县,四川,绵阳,梓潼县,high,exact-city-alias,3,job_650872,https://jobs.51job.com/mianyang-ztx/170382749.html?s=sou_sou_soulb&t=0_0&req=0b699297d2a9e88aa2a4ef6c12febd16
山东,聊城,莘县,山东,聊城,莘县,high,exact-city-alias,3,job_519648,https://jobs.51job.com/liaocheng-sx/170582063.html?s=sou_sou_soulb&t=0_0&req=82f965e480909190138114cc47346103
辽宁,营口,老边区,辽宁,营口,老边区,high,exact-city-alias,3,job_300196,https://jobs.51job.com/yingkou-lbq/171373094.html?s=sou_sou_soulb&t=0_0&req=d50f4593519815209e6e53ec57fb2401
,襄阳,,湖北,襄阳,,high,exact-city-alias,3,job_049145,https://jobs.51job.com/all/171248964.html?s=sou_sou_soulb&t=0_0&req=5a684518b61cde4ccfc38bf7dc62d932
贵州,贵阳,修文县,贵州,贵阳,修文县,high,exact-city-alias,3,job_240106,https://jobs.51job.com/guiyang-xwx/168943957.html?s=sou_sou_soulb&t=0_0&req=f73a686a9ea450cf34cd51895a74580e
广西,贺州,钟山县,广西,贺州,钟山县,high,exact-city-alias,3,job_195321,https://jobs.51job.com/hezhou-zsx/171343358.html?s=sou_sou_soulb&t=0_0&req=f1858a3771f3811e6c88ca1be3521b95
江西,赣州,上犹县,江西,赣州,上犹县,high,exact-city-alias,3,job_022687,https://jobs.51job.com/ganzhou-syx/171524140.html?s=sou_sou_soulb&t=0_0&req=1ff9799ecac12771b6067fc9492c44c3
内蒙古,赤峰,巴林左旗,内蒙古,赤峰,巴林左旗,high,exact-city-alias,3,job_150758,https://jobs.51job.com/chifeng-blzq/170368337.html?s=sou_sou_soulb&t=0_0&req=66dddd27e25e7166733c2ba6ab3ee8cf
辽宁,辽阳,弓长岭区,辽宁,辽阳,弓长岭区,high,exact-city-alias,3,job_220436,https://jobs.51job.com/liaoyang-gclq/168729420.html?s=sou_sou_soulb&t=0_0&req=41066f8c53071befcc494dbe4b4cbe8c
四川,达州,万源市,四川,达州,万源市,high,exact-city-alias,3,job_118886,https://jobs.51job.com/dazhou-wys/170753818.html?s=sou_sou_soulb&t=0_0&req=357f0d58e086c4aad1e55a84ef0bcc32
四川,达州,大竹县,四川,达州,大竹县,high,exact-city-alias,3,job_494701,https://jobs.51job.com/dazhou-dzx/171356673.html?s=sou_sou_soulb&t=0_0&req=89fadb37c15eee2972c9e23ca146e271
山西,运城,永济市,山西,运城,永济市,high,exact-city-alias,3,job_092245,https://jobs.51job.com/yuncheng-yjs/171672734.html?s=sou_sou_soulb&t=0_0&req=933aed549aba3e08753f00883c05cd6d
吉林,通化,集安市,吉林,通化,集安市,high,exact-city-alias,3,job_119950,https://jobs.51job.com/tonghua-jas/170516551.html?s=sou_sou_soulb&t=0_0&req=fdb214ccb4ad582a21ae7db6f84eed79
吉林,通化,梅河口市,吉林,通化,梅河口市,high,exact-city-alias,3,job_347667,https://jobs.51job.com/tonghua-mhks/171611676.html?s=sou_sou_soulb&t=0_0&req=bcd17958c19861d1ad3eea72f9eda31d
贵州,遵义,习水县,贵州,遵义,习水县,high,exact-city-alias,3,job_141834,https://jobs.51job.com/zunyi-xsx/171257300.html?s=sou_sou_soulb&t=0_0&req=da645c4d5d959b79c25a091b37992d92
贵州,遵义,赤水市,贵州,遵义,赤水市,high,exact-city-alias,3,job_224675,https://jobs.51job.com/zunyi-css/170143938.html?s=sou_sou_soulb&t=0_0&req=bec0bb8a48b818977c790f6d78832ea3
河北,邯郸,涉县,河北,邯郸,涉县,high,exact-city-alias,3,job_149017,https://jobs.51job.com/handan-sx/171525056.html?s=sou_sou_soulb&t=0_0&req=47123c3ba020aff9eae97ee8a7b358e3
河北,邯郸,峰峰矿区,河北,邯郸,峰峰矿区,high,exact-city-alias,3,job_363368,https://jobs.51job.com/handan-ffkq/171502862.html?s=sou_sou_soulb&t=0_0&req=6e35f35eddeee6a9bcb5baa1a21c2d52
河北,邯郸,鸡泽县,河北,邯郸,鸡泽县,high,exact-city-alias,3,job_383855,https://jobs.51job.com/handan-jzx/170674299.html?s=sou_sou_soulb&t=0_0&req=a3ee2a2b66f3f2e53f564ae831e2076e
河南,郑州,登封市,河南,郑州,登封市,high,exact-city-alias,3,job_103252,https://jobs.51job.com/dengfengshi/171536065.html?s=sou_sou_soulb&t=0_0&req=9cab892101686c09f138cc8ac9b0d641
,鄂州,,湖北,鄂州,,high,exact-city-alias,3,job_049261,https://jobs.51job.com/all/161057330.html?s=sou_sou_soulb&t=0_0&req=1f66b2e1412a261845b15ad9da6861e0
辽宁,铁岭,开原市,辽宁,铁岭,开原市,high,exact-city-alias,3,job_347436,https://jobs.51job.com/tieling-kys/171472660.html?s=sou_sou_soulb&t=0_0&req=08c80d37663047cbadea183afa13e521
陕西,铜川,宜君县,陕西,铜川,宜君县,high,exact-city-alias,3,job_216978,https://jobs.51job.com/tongchuan-yjx/168098914.html?s=sou_sou_soulb&t=0_0&req=b728d1770042a95a33949f6b0367737e
辽宁,锦州,凌海市,辽宁,锦州,凌海市,high,exact-city-alias,3,job_119894,https://jobs.51job.com/jinzhou-lhs/170549616.html?s=sou_sou_soulb&t=0_0&req=4d1e619d6e9520756658a4cc8926fd5f
辽宁,锦州,古塔区,辽宁,锦州,古塔区,high,exact-city-alias,3,job_823770,https://jobs.51job.com/jinzhou-gtq/170191576.html?s=sou_sou_soulb&t=0_0&req=1f21f41029af3fd5a5645306a799fd0a
吉林,长春,德惠市,吉林,长春,德惠市,high,exact-city-alias,3,job_053102,https://jobs.51job.com/changchun-dhs/166020430.html?s=sou_sou_soulb&t=0_0&req=263e922ec02342c880b8c3e838be3a01
内蒙古,阿拉善盟,额济纳旗,内蒙古,阿拉善盟,额济纳旗,high,exact-city-alias,3,job_391398,https://jobs.51job.com/alashanmeng-jnq/171260756.html?s=sou_sou_soulb&t=0_0&req=dff3570e07fc4e3ae732a2b1f78645b4
,雅安,,四川,雅安,,high,exact-city-alias,3,job_043417,https://jobs.51job.com/all/164954888.html?s=sou_sou_soulb&t=0_0&req=fb47cee8d4497216e52dc323a6e3f029
辽宁,鞍山,岫岩满族自治县,辽宁,鞍山,岫岩满族自治县,high,exact-city-alias,3,job_023653,https://jobs.51job.com/anshan-xymzzzx/171164207.html?s=sou_sou_soulb&t=0_0&req=91ef6ecd85a472dc49736686b11b9ca1
黑龙江,黑河,五大连池市,黑龙江,黑河,五大连池市,high,exact-city-alias,3,job_347076,https://jobs.51job.com/heihe-wdlcs/171472667.html?s=sou_sou_soulb&t=0_0&req=58855dcef0337b7a5976feeb5ef61529
贵州,黔南,瓮安县,贵州,黔南,瓮安县,high,51job-area-alias,3,job_106974,https://jobs.51job.com/qiannan-wax/170544901.html?s=sou_sou_soulb&t=0_0&req=eb5d4d7e96e2935dc650bc3e5621dbe6
贵州,黔西南,安龙县,贵州,黔西南,安龙县,high,51job-area-alias,3,job_104633,https://jobs.51job.com/qianxinan-alx/165377256.html?s=sou_sou_soulb&t=0_0&req=90769123d3a52b8503f78cc12225e94f
黑龙江,齐齐哈尔,富拉尔基区,黑龙江,齐齐哈尔,富拉尔基区,high,exact-city-alias,3,job_204492,https://jobs.51job.com/qiqihaer-flejq/171309077.html?s=sou_sou_soulb&t=0_0&req=f436036465f31518f13619486e60dfc2
黑龙江,齐齐哈尔,铁锋区,黑龙江,齐齐哈尔,铁锋区,high,exact-city-alias,3,job_281787,https://jobs.51job.com/qiqihaer-tfq/171140747.html?s=sou_sou_soulb&t=0_0&req=60f9ee95e3fb0ad9210efb96c7b4ab12
黑龙江,七台河,桃山区,黑龙江,七台河,桃山区,high,exact-city-alias,2,job_614398,https://jobs.51job.com/qitaihe-tsq/168346644.html?s=sou_sou_soulb&t=0_0&req=23cc5a60a507eb9c6eb3180d0c9162ab
,上海-金山区,,上海,上海,金山区,high,city-hyphen-district,2,job_028219,https://jobs.51job.com/all/153250397.html?s=sou_sou_soulb&t=0_0&req=dcdfaacfa3f96996f6d813f58e75ec53
,东莞-莞城区,,广东,东莞,莞城区,high,city-hyphen-district,2,job_669017,https://jobs.51job.com/all/169200630.html?s=sou_sou_soulb&t=0_0&req=1c7bf167836419a5ffd4c10f76f349ff
宁夏,中卫,海原县,宁夏,中卫,海原县,high,exact-city-alias,2,job_217623,https://jobs.51job.com/zhongwei-hyx/167969152.html?s=sou_sou_soulb&t=0_0&req=77bb5b2bfc7b5e85e0fa48a55c2d1197
甘肃,临夏,东乡族自治县,甘肃,临夏,东乡族自治县,high,51job-area-alias,2,job_386661,https://jobs.51job.com/linxia-dxzzzx/168302730.html?s=sou_sou_soulb&t=0_0&req=55cb587b7d6b8407182ac1abd10a11d5
云南,临沧,镇康县,云南,临沧,镇康县,high,exact-city-alias,2,job_059480,https://jobs.51job.com/lincang-zkx/170247637.html?s=sou_sou_soulb&t=0_0&req=4868cbf3cb34ae7883aecdabc063804c
云南,临沧,沧源佤族自治县,云南,临沧,沧源佤族自治县,high,exact-city-alias,2,job_412709,https://jobs.51job.com/lincang-cywzzzx/170735436.html?s=sou_sou_soulb&t=0_0&req=b6d3daffe948a78d5668fac34f232ee2
海南,临高,,海南,临高,,high,51job-area-alias,2,job_873305,https://jobs.51job.com/lingao/170413389.html?s=sou_sou_soulb&t=0_0&req=92804388b282c0683c18e50f837617b1
辽宁,丹东,振安区,辽宁,丹东,振安区,high,exact-city-alias,2,job_783628,https://jobs.51job.com/dandong-zaq/171169101.html?s=sou_sou_soulb&t=0_0&req=3b20b443d23afa76899c93d48c985bf9
云南,丽江,华坪县,云南,丽江,华坪县,high,exact-city-alias,2,job_112830,https://jobs.51job.com/lijiang-hpx/171396968.html?s=sou_sou_soulb&t=0_0&req=06dd71878a8c033020e9b0af75cac2c9
云南,丽江,宁蒗彝族自治县,云南,丽江,宁蒗彝族自治县,high,exact-city-alias,2,job_525605,https://jobs.51job.com/lijiang-nlyzzzx/154808348.html?s=sou_sou_soulb&t=0_0&req=9991b25c0479ee877846a69f9278c1cf
,义乌,,浙江,义乌,,high,51job-area-alias,2,job_517356,https://jobs.51job.com/all/165988822.html?s=sou_sou_soulb&t=0_0&req=0d1c1eeafa51272f815bf4323b1062d4
内蒙古,乌兰察布,化德县,内蒙古,乌兰察布,化德县,high,exact-city-alias,2,job_473655,https://jobs.51job.com/wulanchabu-hdx/169604155.html?s=sou_sou_soulb&t=0_0&req=865d4691fd37ebbb1bee6bca73734be2
,乐山,,四川,乐山,,high,exact-city-alias,2,job_043237,https://jobs.51job.com/all/166000278.html?s=sou_sou_soulb&t=0_0&req=8047cc55bc205359737a7f2f821e2d30
江西,九江,武宁县,江西,九江,武宁县,high,exact-city-alias,2,job_364350,https://jobs.51job.com/jiujiang-wnx/170605088.html?s=sou_sou_soulb&t=0_0&req=5655cbb536baf5fef1b99e65098b87ad
新疆,伊犁,察布查尔锡伯自治县,新疆,伊犁,察布查尔锡伯自治县,high,51job-area-alias,2,job_950234,https://jobs.51job.com/yili-cbcexbzzx/171335911.html?s=sou_sou_soulb&t=0_0&req=2ac814ae3715718ffde9f01123e3a4b1
黑龙江,佳木斯,向阳区,黑龙江,佳木斯,向阳区,high,exact-city-alias,2,job_347087,https://jobs.51job.com/jiamusi-xyq/171609862.html?s=sou_sou_soulb&t=0_0&req=58855dcef0337b7a5976feeb5ef61529
黑龙江,佳木斯,汤原县,黑龙江,佳木斯,汤原县,high,exact-city-alias,2,job_376810,https://jobs.51job.com/jiamusi-tyx/168420824.html?s=sou_sou_soulb&t=0_0&req=70cd86766ba166a0c4127d23cf0820a0
黑龙江,佳木斯,同江市,黑龙江,佳木斯,同江市,high,exact-city-alias,2,job_851730,https://jobs.51job.com/jiamusi-tjs/171533187.html?s=sou_sou_soulb&t=0_0&req=b7891aa58beca240dd87d04416ab360e
河北,保定,满城区,河北,保定,满城区,high,exact-city-alias,2,job_373111,https://jobs.51job.com/baoding-mcq/171178632.html?s=sou_sou_soulb&t=0_0&req=a1e15c32ec7194fad9e7a6caad789326
四川,凉山,甘洛县,四川,凉山,甘洛县,high,51job-area-alias,2,job_215963,https://jobs.51job.com/liangshan-glx/168099226.html?s=sou_sou_soulb&t=0_0&req=8d746dcc95e51aa979bbb27997f0d692
四川,凉山,昭觉县,四川,凉山,昭觉县,high,51job-area-alias,2,job_279749,https://jobs.51job.com/liangshan-zjx/168941273.html?s=sou_sou_soulb&t=0_0&req=ab8187ccd1e091e951802281d9d561b2
四川,凉山,盐源县,四川,凉山,盐源县,high,51job-area-alias,2,job_425701,https://jobs.51job.com/liangshan-yyx/170672454.html?s=sou_sou_soulb&t=0_0&req=a527f96019c4bd7c5f6eb35ad38864dc
四川,凉山,宁南县,四川,凉山,宁南县,high,51job-area-alias,2,job_613627,https://jobs.51job.com/liangshan-nnx/171355827.html?s=sou_sou_soulb&t=0_0&req=d86f19f64312b696611e1b5c5963e0de
四川,凉山,冕宁县,四川,凉山,冕宁县,high,51job-area-alias,2,job_714687,https://jobs.51job.com/liangshan-mnx/171491575.html?s=sou_sou_soulb&t=0_0&req=b95f172c79bc51fd9492c540a8d534a9
,十堰,,湖北,十堰,,high,exact-city-alias,2,job_049179,https://jobs.51job.com/all/168832013.html?s=sou_sou_soulb&t=0_0&req=235b5e864d770b9367a70fa035e024a7
,南充,,四川,南充,,high,exact-city-alias,2,job_043344,https://jobs.51job.com/all/166180426.html?s=sou_sou_soulb&t=0_0&req=eb27db6c06da10f4e9717c71e9c19fae
河南,南阳,镇平县,河南,南阳,镇平县,high,exact-city-alias,2,job_074884,https://jobs.51job.com/nanyang-zpx/170635013.html?s=sou_sou_soulb&t=0_0&req=9d08284d4ffc23769a5c80be49fa697c
黑龙江,双鸭山,集贤县,黑龙江,双鸭山,集贤县,high,exact-city-alias,2,job_347083,https://jobs.51job.com/shuangyashan-jxx/171607706.html?s=sou_sou_soulb&t=0_0&req=58855dcef0337b7a5976feeb5ef61529
江西,吉安,峡江县,江西,吉安,峡江县,high,exact-city-alias,2,job_311751,https://jobs.51job.com/jian-xjx/170324676.html?s=sou_sou_soulb&t=0_0&req=35fd9bc6508275d4925ec0a934e9b3f8
吉林,吉林,舒兰市,吉林,吉林,舒兰市,high,exact-city-alias,2,job_059344,https://jobs.51job.com/jilin-sls/169530843.html?s=sou_sou_soulb&t=0_0&req=bd1835c254bac2f8b5482d69a5140a9b
吉林,吉林,龙潭区,吉林,吉林,龙潭区,high,exact-city-alias,2,job_231744,https://jobs.51job.com/jilin-ltq/171142300.html?s=sou_sou_soulb&t=0_0&req=67ba69c119119cb20b25bafc2ba61db5
吉林,吉林,桦甸市,吉林,吉林,桦甸市,high,exact-city-alias,2,job_946960,https://jobs.51job.com/jilin-hds/170507966.html?s=sou_sou_soulb&t=0_0&req=b87c2f3a2633357cdee12afb83237238
山西,吕梁,孝义市,山西,吕梁,孝义市,high,exact-city-alias,2,job_747466,https://jobs.51job.com/lvliang-xys/169659520.html?s=sou_sou_soulb&t=0_0&req=84318665a2e290a066bb80ad6bc91366
内蒙古,呼伦贝尔,鄂伦春自治旗,内蒙古,呼伦贝尔,鄂伦春自治旗,high,exact-city-alias,2,job_104657,https://jobs.51job.com/hulunbeier-lczzq/162174752.html?s=sou_sou_soulb&t=0_0&req=3a7c5c3bdae14a15e256e5ce9282be5b
新疆,和田,策勒县,新疆,和田,策勒县,high,exact-city-alias,2,job_104689,https://jobs.51job.com/hetian-clx/169167531.html?s=sou_sou_soulb&t=0_0&req=65576005f327fc5e406237e9f0485058
陕西,咸阳,淳化县,陕西,咸阳,淳化县,high,exact-city-alias,2,job_104189,https://jobs.51job.com/xianyang-chx/170335954.html?s=sou_sou_soulb&t=0_0&req=128123ffb7176312f76733a4f2c4009f
河北,唐山,滦南县,河北,唐山,滦南县,high,exact-city-alias,2,job_298294,https://jobs.51job.com/tangshan-lnx/168073184.html?s=sou_sou_soulb&t=0_0&req=640d815dbf136acfc7237f9bf8967c6b
河北,唐山,古冶区,河北,唐山,古冶区,high,exact-city-alias,2,job_963630,https://jobs.51job.com/tangshan-gyq/171656790.html?s=sou_sou_soulb&t=0_0&req=73f3cb29009c49556ed94951af1e0eeb
陕西,商洛,山阳县,陕西,商洛,山阳县,high,exact-city-alias,2,job_351271,https://jobs.51job.com/shangluo-syx/170133136.html?s=sou_sou_soulb&t=0_0&req=e0211fa6b8461dcc6d4943384f8f1d28
陕西,商洛,柞水县,陕西,商洛,柞水县,high,exact-city-alias,2,job_773367,https://jobs.51job.com/shangluo-zsx/164821045.html?s=sou_sou_soulb&t=0_0&req=ee7429cca977c1a4c7287aa005f73028
新疆,喀什地区,疏附县,新疆,喀什,疏附县,high,exact-city-alias,2,job_082311,https://jobs.51job.com/kashidiqu-sfx/169137259.html?s=sou_sou_soulb&t=0_0&req=8a1429c512769dd1eb869df67df7b0f5
新疆,喀什地区,麦盖提县,新疆,喀什,麦盖提县,high,exact-city-alias,2,job_104683,https://jobs.51job.com/kashidiqu-mgtx/171362580.html?s=sou_sou_soulb&t=0_0&req=65576005f327fc5e406237e9f0485058
宁夏,固原,西吉县,宁夏,固原,西吉县,high,exact-city-alias,2,job_217621,https://jobs.51job.com/guyuan-xjx/167956662.html?s=sou_sou_soulb&t=0_0&req=77bb5b2bfc7b5e85e0fa48a55c2d1197
宁夏,固原,泾源县,宁夏,固原,泾源县,high,exact-city-alias,2,job_359869,https://jobs.51job.com/guyuan-jyx/170136226.html?s=sou_sou_soulb&t=0_0&req=f16c6de199f1767e5f5ca0de73081d3a
新疆,塔城,和布克赛尔蒙古自治县,新疆,塔城,和布克赛尔蒙古自治县,high,exact-city-alias,2,job_166667,https://jobs.51job.com/tacheng-hbksemgzzx/168616561.html?s=sou_sou_soulb&t=0_0&req=0823003101202eca3741f34c2731e976
新疆,塔城,塔城市,新疆,塔城,塔城市,high,exact-city-alias,2,job_217654,https://jobs.51job.com/tacheng-tcs/171311684.html?s=sou_sou_soulb&t=0_0&req=70976d736077d522c1ca383ead4889f6
黑龙江,大兴安岭,漠河市,黑龙江,大兴安岭,漠河市,high,exact-city-alias,2,job_1064532,https://jobs.51job.com/daxinganling-mhs/170682930.html?s=sou_sou_soulb&t=0_0&req=0272789bcd35d573b5bfe599e55b9b68
山西,大同,云冈区,山西,大同,云冈区,high,exact-city-alias,2,job_385278,https://jobs.51job.com/datong-ygq/168354491.html?s=sou_sou_soulb&t=0_0&req=2bb1025bcfe263bb827e62a756b36732
黑龙江,大庆,肇源县,黑龙江,大庆,肇源县,high,exact-city-alias,2,job_217158,https://jobs.51job.com/daqing-zyx/166012454.html?s=sou_sou_soulb&t=0_0&req=06db84fb6ceca764af612f97df667542
云南,大理,洱源县,云南,大理,洱源县,high,51job-area-alias,2,job_088767,https://jobs.51job.com/dali-eyx/171612359.html?s=sou_sou_soulb&t=0_0&req=5633b96e062b75aa0fe753c5038a5d2e
云南,大理,巍山彝族回族自治县,云南,大理,巍山彝族回族自治县,high,51job-area-alias,2,job_525145,https://jobs.51job.com/dali-wsyzhzzzx/170153683.html?s=sou_sou_soulb&t=0_0&req=e6e725f33d198c14470343ad5569bf23
云南,大理,永平县,云南,大理,永平县,high,51job-area-alias,2,job_843998,https://jobs.51job.com/dali-ypx/171657856.html?s=sou_sou_soulb&t=0_0&req=9bbc4aeabb23985150f43e0569b04010
山西,太原,娄烦县,山西,太原,娄烦县,high,exact-city-alias,2,job_229101,https://jobs.51job.com/taiyuan-lfx/171498673.html?s=sou_sou_soulb&t=0_0&req=f5926aad7b27244dc81da794dfcf309e
陕西,安康,岚皋县,陕西,安康,岚皋县,high,exact-city-alias,2,job_386577,https://jobs.51job.com/ankang-lgx/168572036.html?s=sou_sou_soulb&t=0_0&req=a65e7d5dfe6acc5d2056ac74eb03f48e
陕西,安康,平利县,陕西,安康,平利县,high,exact-city-alias,2,job_524264,https://jobs.51job.com/ankang-plx/164680398.html?s=sou_sou_soulb&t=0_0&req=23999a60d640131ad7def4f4af55e243
陕西,安康,汉阴县,陕西,安康,汉阴县,high,exact-city-alias,2,job_614362,https://jobs.51job.com/ankang-hyx/164405896.html?s=sou_sou_soulb&t=0_0&req=d6302d0275488e236fa1749c81383266
河南,安阳,安阳县,河南,安阳,安阳县,high,exact-city-alias,2,job_216684,https://jobs.51job.com/anyang-ayx/167969684.html?s=sou_sou_soulb&t=0_0&req=ba7bec12efea7f08bdb292dcdd202272
四川,宜宾,珙县,四川,宜宾,珙县,high,exact-city-alias,2,job_392265,https://jobs.51job.com/yibin-gx/169944198.html?s=sou_sou_soulb&t=0_0&req=a9b4016e9f83d0154560e201bc23952c
湖北,宜昌,长阳土家族自治县,湖北,宜昌,长阳土家族自治县,high,exact-city-alias,2,job_266588,https://jobs.51job.com/yichang-cytjz/164375718.html?s=sou_sou_soulb&t=0_0&req=11c4d2119f481421faea927e5ab001c5
陕西,宝鸡,岐山县,陕西,宝鸡,岐山县,high,exact-city-alias,2,job_529129,https://jobs.51job.com/baoji-qsx/168394539.html?s=sou_sou_soulb&t=0_0&req=ccd957c721c3c5c20878d5cf3aab585d
海南,屯昌,,海南,屯昌,,high,51job-area-alias,2,job_528108,https://jobs.51job.com/tunchang/162914397.html?s=sou_sou_soulb&t=0_0&req=4e817e42be33e524e6b5ab9610bfb285
西藏,山南,桑日县,西藏,山南,桑日县,high,exact-city-alias,2,job_222415,https://jobs.51job.com/shannan-srx/171047254.html?s=sou_sou_soulb&t=0_0&req=6f8fbec23924dd25a640bda5d1c7810e
湖南,岳阳,君山区,湖南,岳阳,君山区,high,exact-city-alias,2,job_281616,https://jobs.51job.com/yueyang-jsq/170931072.html?s=sou_sou_soulb&t=0_0&req=edea6ad91a16e6f71b7bf4fe8e3773aa
广西,崇左,宁明县,广西,崇左,宁明县,high,exact-city-alias,2,job_248820,https://jobs.51job.com/chongzuo-nmx/170323402.html?s=sou_sou_soulb&t=0_0&req=97a2a420d931a89d18fe6a346946e800
广西,崇左,龙州县,广西,崇左,龙州县,high,exact-city-alias,2,job_820958,https://jobs.51job.com/chongzuo-lzx/170801860.html?s=sou_sou_soulb&t=0_0&req=e4da5fdd7649c3eca4ae490fe18b8de5
四川,巴中,南江县,四川,巴中,南江县,high,exact-city-alias,2,job_389912,https://jobs.51job.com/bazhong-njx/171410426.html?s=sou_sou_soulb&t=0_0&req=222b9d5f388a27340ed2a336f2e0941f
内蒙古,巴彦淖尔,磴口县,内蒙古,巴彦淖尔,磴口县,high,exact-city-alias,2,job_141878,https://jobs.51job.com/bayannaoer-dkx/168611467.html?s=sou_sou_soulb&t=0_0&req=8f54652260cd2e2f50c26d52330f2e95
内蒙古,巴彦淖尔,五原县,内蒙古,巴彦淖尔,五原县,high,exact-city-alias,2,job_141891,https://jobs.51job.com/bayannaoer-wyx/163452041.html?s=sou_sou_soulb&t=0_0&req=8f54652260cd2e2f50c26d52330f2e95
湖南,常德,石门县,湖南,常德,石门县,high,exact-city-alias,2,job_523847,https://jobs.51job.com/changde-smx/171161617.html?s=sou_sou_soulb&t=0_0&req=8115eada343be47beb0f15d872696f67
甘肃,平凉,华亭市,甘肃,平凉,华亭市,high,exact-city-alias,2,job_357614,https://jobs.51job.com/pingliang-hts/171192691.html?s=sou_sou_soulb&t=0_0&req=d1092165a2d8ab7c9d9a57637645c0c6
河南,平顶山,宝丰县,河南,平顶山,宝丰县,high,exact-city-alias,2,job_216683,https://jobs.51job.com/pingdingshan-bfx/168023026.html?s=sou_sou_soulb&t=0_0&req=ba7bec12efea7f08bdb292dcdd202272
,广元,,四川,广元,,high,exact-city-alias,2,job_518513,https://jobs.51job.com/all/165048914.html?s=sou_sou_soulb&t=0_0&req=a74bffecbfd420404807ba9f78ffd106
,广州-从化区,,广东,广州,从化区,high,city-hyphen-district,2,job_508792,https://jobs.51job.com/all/171190227.html?s=sou_sou_soulb&t=0_0&req=ee9329c8361bfa9faf27dfddfa9767f6
甘肃,庆阳,镇原县,甘肃,庆阳,镇原县,high,exact-city-alias,2,job_104653,https://jobs.51job.com/qingyang-zyx/168001008.html?s=sou_sou_soulb&t=0_0&req=4f1a70f08d9afefd586e9bc2f8aa2997
陕西,延安,黄龙县,陕西,延安,黄龙县,high,exact-city-alias,2,job_065558,https://jobs.51job.com/yanan-hlx/167747621.html?s=sou_sou_soulb&t=0_0&req=369c14e0d81f3e23a96c149cea121840
陕西,延安,宜川县,陕西,延安,宜川县,high,exact-city-alias,2,job_092226,https://jobs.51job.com/yanan-ycx/171491599.html?s=sou_sou_soulb&t=0_0&req=132a3f9b65bad4447f9e2e99fd643536
陕西,延安,延长县,陕西,延安,延长县,high,exact-city-alias,2,job_216992,https://jobs.51job.com/yanan-ycx/167988073.html?s=sou_sou_soulb&t=0_0&req=b728d1770042a95a33949f6b0367737e
陕西,延安,黄陵县,陕西,延安,黄陵县,high,exact-city-alias,2,job_747202,https://jobs.51job.com/yanan-hlx/169873356.html?s=sou_sou_soulb&t=0_0&req=747f5655933184ff577fa30d3a56a0ac
陕西,延安,吴起县,陕西,延安,吴起县,high,exact-city-alias,2,job_823212,https://jobs.51job.com/yanan-wqx/166948571.html?s=sou_sou_soulb&t=0_0&req=dc981564c1f526e5d741c1acb7653492
河南,开封,禹王台区,河南,开封,禹王台区,high,exact-city-alias,2,job_081051,https://jobs.51job.com/kaifeng-ywtq/170484101.html?s=sou_sou_soulb&t=0_0&req=d17d2e9162c7adca36cfb53dddc10980
河南,开封,杞县,河南,开封,杞县,high,exact-city-alias,2,job_616675,https://jobs.51job.com/kaifeng-qx/168156085.html?s=sou_sou_soulb&t=0_0&req=fa611e4010f5bca2b229e03651012268
河北,张家口,阳原县,河北,张家口,阳原县,high,exact-city-alias,2,job_350019,https://jobs.51job.com/zhangjiakou-yyx/170300012.html?s=sou_sou_soulb&t=0_0&req=30ad2ff736a4b1cf9f8665d9449fa349
河北,张家口,桥西区,河北,张家口,桥西区,high,exact-city-alias,2,job_740168,https://jobs.51job.com/zhangjiakou-qxq/171625430.html?s=sou_sou_soulb&t=0_0&req=00837e2c400b91ff19e41c949d929e1f
甘肃,张掖,甘州区,甘肃,张掖,甘州区,high,exact-city-alias,2,job_525870,https://jobs.51job.com/zhangye-gzq/171120358.html?s=sou_sou_soulb&t=0_0&req=adebfcfeceb73084779714bf5d9eb770
山东,德州,宁津县,山东,德州,宁津县,high,exact-city-alias,2,job_046164,https://jobs.51job.com/dezhou-njx/167748998.html?s=sou_sou_soulb&t=0_0&req=c248b7eb6c5715df8f3d501a827c43dc
山东,德州,平原县,山东,德州,平原县,high,exact-city-alias,2,job_519308,https://jobs.51job.com/dezhou-pyx/169027151.html?s=sou_sou_soulb&t=0_0&req=9b366ef6e32c7e34a5d638b48f18be62
,德阳,,四川,德阳,,high,exact-city-alias,2,job_043281,https://jobs.51job.com/all/170110197.html?s=sou_sou_soulb&t=0_0&req=80acf52de185439f9eff653d9984a522
四川,德阳,罗江区,四川,德阳,罗江区,high,exact-city-alias,2,job_072415,https://jobs.51job.com/deyang-ljq/170728764.html?s=sou_sou_soulb&t=0_0&req=d75d4797f880253cfc28e83d0a976255
山西,忻州,原平市,山西,忻州,原平市,high,exact-city-alias,2,job_133805,https://jobs.51job.com/xinzhou-yps/171404127.html?s=sou_sou_soulb&t=0_0&req=ad9ebc791f4fabff6e5a656925f4fd9e
山西,忻州,五台县,山西,忻州,五台县,high,exact-city-alias,2,job_217113,https://jobs.51job.com/xinzhou-wtx/167956738.html?s=sou_sou_soulb&t=0_0&req=b0f2b8e425ba61319e496ed38464f11a
河北,承德,滦平县,河北,承德,滦平县,high,exact-city-alias,2,job_521389,https://jobs.51job.com/chengde-lpx/170359571.html?s=sou_sou_soulb&t=0_0&req=aaed95aa6b407e19eb8a453ce87a356e
河北,承德,平泉市,河北,承德,平泉市,high,exact-city-alias,2,job_571277,https://jobs.51job.com/chengde-pqs/171216766.html?s=sou_sou_soulb&t=0_0&req=ea51058153e0c9688a5c44010133a66f
河北,承德,兴隆县,河北,承德,兴隆县,high,exact-city-alias,2,job_740384,https://jobs.51job.com/chengde-xlx/170997525.html?s=sou_sou_soulb&t=0_0&req=0772c158b82e97e1e83d3fc76e0d56ad
江西,抚州,黎川县,江西,抚州,黎川县,high,exact-city-alias,2,job_329564,https://jobs.51job.com/fuzhou-lcx/170939235.html?s=sou_sou_soulb&t=0_0&req=e6abde976638c1abd8d2bf2eb329ec4d
辽宁,抚顺,东洲区,辽宁,抚顺,东洲区,high,exact-city-alias,2,job_015768,https://jobs.51job.com/fushun-dzq/170384490.html?s=sou_sou_soulb&t=0_0&req=450e220c9828c2636299aa674ac4ea7a
辽宁,抚顺,顺城区,辽宁,抚顺,顺城区,high,exact-city-alias,2,job_347096,https://jobs.51job.com/fushun-scq/162421737.html?s=sou_sou_soulb&t=0_0&req=e0960c342b60319cc6284b4e0d3a2664
云南,文山,西畴县,云南,文山,西畴县,high,51job-area-alias,2,job_059359,https://jobs.51job.com/wenshan-xcx/171657694.html?s=sou_sou_soulb&t=0_0&req=5f8eb4c555ca5c7279fa294db9404b40
西藏,日喀则,桑珠孜区,西藏,日喀则,桑珠孜区,high,exact-city-alias,2,job_579544,https://jobs.51job.com/rikaze-szzq/170814946.html?s=sou_sou_soulb&t=0_0&req=8e0338baab93a4dff79df639b5227f74
云南,昭通,永善县,云南,昭通,永善县,high,exact-city-alias,2,job_376958,https://jobs.51job.com/zhaotong-ysx/171114652.html?s=sou_sou_soulb&t=0_0&req=536d4bed9601e1253f64324afbe0baaf
云南,昭通,威信县,云南,昭通,威信县,high,exact-city-alias,2,job_525599,https://jobs.51job.com/zhaotong-wxx/170487619.html?s=sou_sou_soulb&t=0_0&req=9991b25c0479ee877846a69f9278c1cf
山西,晋城,高平市,山西,晋城,高平市,high,exact-city-alias,2,job_328509,https://jobs.51job.com/jincheng-gps/170395698.html?s=sou_sou_soulb&t=0_0&req=7eae10b9481a7949ba6b55db2a836737
山西,朔州,应县,山西,朔州,应县,high,exact-city-alias,2,job_052368,https://jobs.51job.com/shuozhou-yx/170071528.html?s=sou_sou_soulb&t=0_0&req=ae3bc5f530d3c622ae1692e1a1246251
山西,朔州,怀仁市,山西,朔州,怀仁市,high,exact-city-alias,2,job_351661,https://jobs.51job.com/shuozhou-hrs/169503051.html?s=sou_sou_soulb&t=0_0&req=7a9f9d6888eed1f2424b94f524f14160
辽宁,朝阳,朝阳县,辽宁,朝阳,朝阳县,high,exact-city-alias,2,job_823825,https://jobs.51job.com/chaoyang-cyx/169927690.html?s=sou_sou_soulb&t=0_0&req=f2d5b8c77e04e4dda6223182e3ab1898
辽宁,本溪,明山区,辽宁,本溪,明山区,high,exact-city-alias,2,job_614407,https://jobs.51job.com/benxi-msq/171583373.html?s=sou_sou_soulb&t=0_0&req=9e5ba9a3084b421ab657f79ed7dc4ed2
广西,来宾,象州县,广西,来宾,象州县,high,exact-city-alias,2,job_148606,https://jobs.51job.com/laibin-xzx/169589502.html?s=sou_sou_soulb&t=0_0&req=b27b62fed6b1d11ea076a04ff410907f
吉林,松原,乾安县,吉林,松原,乾安县,high,exact-city-alias,2,job_052998,https://jobs.51job.com/songyuan-qax/169673073.html?s=sou_sou_soulb&t=0_0&req=c91362131cdd0e784f719cb8e9ad7c16
吉林,松原,长岭县,吉林,松原,长岭县,high,exact-city-alias,2,job_473428,https://jobs.51job.com/songyuan-clx/171587685.html?s=sou_sou_soulb&t=0_0&req=63da55543f2fa075407f15fc8ed63722
山东,枣庄,山亭区,山东,枣庄,山亭区,high,exact-city-alias,2,job_519626,https://jobs.51job.com/zaozhuang-stq/167807644.html?s=sou_sou_soulb&t=0_0&req=82f965e480909190138114cc47346103
广西,柳州,三江侗族自治县,广西,柳州,三江侗族自治县,high,exact-city-alias,2,job_520281,https://jobs.51job.com/liuzhou-sjdz/171645727.html?s=sou_sou_soulb&t=0_0&req=5970ceb765f2e088b734cc8ab061472d
湖南,株洲,炎陵县,湖南,株洲,炎陵县,high,exact-city-alias,2,job_551957,https://jobs.51job.com/zhuzhou-ylx/168613621.html?s=sou_sou_soulb&t=0_0&req=fb9c5f39119ec3e2ce9d6f2ca7f78088
广西,桂林,恭城瑶族自治县,广西,桂林,恭城瑶族自治县,high,exact-city-alias,2,job_612359,https://jobs.51job.com/guilin-gcyzzzx/171490934.html?s=sou_sou_soulb&t=0_0&req=a09487f584586f1d2cacc62823de7ee9
陕西,榆林,府谷县,陕西,榆林,府谷县,high,exact-city-alias,2,job_081782,https://jobs.51job.com/yulin-fgx/167068104.html?s=sou_sou_soulb&t=0_0&req=7a1d6997dddc1fba1c17e2d38318fd28
贵州,毕节,威宁彝族回族苗族自治县,贵州,毕节,威宁彝族回族苗族自治县,high,exact-city-alias,2,job_497676,https://jobs.51job.com/bijie-wnyzhzmzzzx/171397267.html?s=sou_sou_soulb&t=0_0&req=95e33fb44bf5e42c1816f506e6721770
湖南,永州,江永县,湖南,永州,江永县,high,exact-city-alias,2,job_523613,https://jobs.51job.com/yongzhou-jyx/171459966.html?s=sou_sou_soulb&t=0_0&req=c7233558ffc78bcf92686b0b4af6de3e
陕西,汉中,镇巴县,陕西,汉中,镇巴县,high,exact-city-alias,2,job_524281,https://jobs.51job.com/hanzhong-zbx/170749284.html?s=sou_sou_soulb&t=0_0&req=23999a60d640131ad7def4f4af55e243
广东,汕头,南澳县,广东,汕头,南澳县,high,exact-city-alias,2,job_261459,https://jobs.51job.com/shantou-nax/171139101.html?s=sou_sou_soulb&t=0_0&req=2acad271bb07d676803fa9f2a2d3a224
辽宁,沈阳,康平县,辽宁,沈阳,康平县,high,exact-city-alias,2,job_335880,https://jobs.51job.com/shenyang-kpx/167278684.html?s=sou_sou_soulb&t=0_0&req=bd6c8f5afb3af26859e08a76a2732e1a
河北,沧州,海兴县,河北,沧州,海兴县,high,exact-city-alias,2,job_164868,https://jobs.51job.com/cangzhou-hxx/164102727.html?s=sou_sou_soulb&t=0_0&req=46ce463d04e7bab92b543f9ab99aafe6
河北,沧州,孟村回族自治县,河北,沧州,孟村回族自治县,high,exact-city-alias,2,job_521211,https://jobs.51job.com/cangzhou-mchzzzx/171521943.html?s=sou_sou_soulb&t=0_0&req=4b6fc1d11a56bda87d86ae7ad7b8add2
河北,沧州,盐山县,河北,沧州,盐山县,high,exact-city-alias,2,job_696097,https://jobs.51job.com/cangzhou-ysx/171072964.html?s=sou_sou_soulb&t=0_0&req=02e4cb61349bb1a771b8757ead029b4d
广西,河池,都安瑶族自治县,广西,河池,都安瑶族自治县,high,exact-city-alias,2,job_771025,https://jobs.51job.com/hechi-dayzzzx/171260343.html?s=sou_sou_soulb&t=0_0&req=19edcac80d6016a44ccdcab55c6bcd91
,泸州,,四川,泸州,,high,exact-city-alias,2,job_043246,https://jobs.51job.com/all/160411956.html?s=sou_sou_soulb&t=0_0&req=c7a4c12e9b130b2212274c25b7e74f2e
四川,泸州,叙永县,四川,泸州,叙永县,high,exact-city-alias,2,job_375749,https://jobs.51job.com/luzhou-xyx/170849509.html?s=sou_sou_soulb&t=0_0&req=92cbe2cd37f3dfdfa12dbc0973bc2dd0
河南,洛阳,嵩县,河南,洛阳,嵩县,high,exact-city-alias,2,job_326483,https://jobs.51job.com/luoyang-sx/171369234.html?s=sou_sou_soulb&t=0_0&req=9c9c26ce251ae1a866b4608d13327157
青海,海南州,,青海,海南州,,low,fallback-city-source,2,job_406454,https://jobs.51job.com/hainanzhou/170430397.html?s=sou_sou_soulb&t=0_0&req=b4daffd654617399e8a39cabe00f7640
,海宁,,浙江,海宁,,high,51job-area-alias,2,job_517364,https://jobs.51job.com/all/164811462.html?s=sou_sou_soulb&t=0_0&req=cb981de2a219e983ae3ddc2c01ec54d0
青海,海西,都兰县,青海,海西,都兰县,high,51job-area-alias,2,job_217703,https://jobs.51job.com/haixi-dlx/167957695.html?s=sou_sou_soulb&t=0_0&req=ea3ffe9c41bc1904001679528b603e3a
广东,清远,连山壮族瑶族自治县,广东,清远,连山壮族瑶族自治县,high,exact-city-alias,2,job_111325,https://jobs.51job.com/qingyuan-lszz/170851859.html?s=sou_sou_soulb&t=0_0&req=948ea9a21d8debcc2ac494634315066b
广东,清远,连南瑶族自治县,广东,清远,连南瑶族自治县,high,exact-city-alias,2,job_116771,https://jobs.51job.com/qingyuan-lnyz/150262131.html?s=sou_sou_soulb&t=0_0&req=c484bdff02bc68ea32d9a0b526baccb2
陕西,渭南,潼关县,陕西,渭南,潼关县,high,exact-city-alias,2,job_217005,https://jobs.51job.com/weinan-tgx/167956341.html?s=sou_sou_soulb&t=0_0&req=f868c71475bc72174038f4a46e1a69f2
湖南,湘西,古丈县,湖南,湘西,古丈县,high,51job-area-alias,2,job_664911,https://jobs.51job.com/xiangxi-gzx/171602389.html?s=sou_sou_soulb&t=0_0&req=dce0b6a55d7bfa5b7af562dbf72b1fde
福建,漳州,东山县,福建,漳州,东山县,high,exact-city-alias,2,job_610942,https://jobs.51job.com/zhangzhou-dsx/170396834.html?s=sou_sou_soulb&t=0_0&req=7a4b63d0450c54f02d948dd2ba411c05
海南,琼中,,海南,琼中,,high,51job-area-alias,2,job_438415,https://jobs.51job.com/qiongzhong/171187561.html?s=sou_sou_soulb&t=0_0&req=a1d1a7950fdad7b8112b197d009b328a
吉林,白城,大安市,吉林,白城,大安市,high,exact-city-alias,2,job_347607,https://jobs.51job.com/baicheng-das/171288679.html?s=sou_sou_soulb&t=0_0&req=cfb60e68686831c33b2d377a0d415f58
吉林,白城,洮北区,吉林,白城,洮北区,high,exact-city-alias,2,job_347668,https://jobs.51job.com/baicheng-tbq/171611560.html?s=sou_sou_soulb&t=0_0&req=bcd17958c19861d1ad3eea72f9eda31d
海南,白沙,,海南,白沙,,high,51job-area-alias,2,job_714755,https://jobs.51job.com/baisha/171022775.html?s=sou_sou_soulb&t=0_0&req=ca2b1fe767d2e22b809f3333093f1a0d
广西,百色,隆林各族自治县,广西,百色,隆林各族自治县,high,exact-city-alias,2,job_843855,https://jobs.51job.com/baise-llgzzzx/170643810.html?s=sou_sou_soulb&t=0_0&req=1306853ad7d05464d0c1d6807ab079a4
辽宁,盘锦,盘山县,辽宁,盘锦,盘山县,high,exact-city-alias,2,job_300191,https://jobs.51job.com/panjin-psx/171372457.html?s=sou_sou_soulb&t=0_0&req=d50f4593519815209e6e53ec57fb2401
辽宁,盘锦,大洼区,辽宁,盘锦,大洼区,high,exact-city-alias,2,job_547381,https://jobs.51job.com/panjin-dwq/170802287.html?s=sou_sou_soulb&t=0_0&req=28cb759b1fecd32d3f84d368d2e1ea4e
,眉山,,四川,眉山,,high,exact-city-alias,2,job_043368,https://jobs.51job.com/all/170688972.html?s=sou_sou_soulb&t=0_0&req=09de7e49270d65a422a3f482936c5e6c
宁夏,石嘴山,惠农区,宁夏,石嘴山,惠农区,high,exact-city-alias,2,job_088807,https://jobs.51job.com/shizuishan-hnq/171571624.html?s=sou_sou_soulb&t=0_0&req=e21498fe542c23c510c27f76ed92d2db
宁夏,石嘴山,平罗县,宁夏,石嘴山,平罗县,high,exact-city-alias,2,job_526067,https://jobs.51job.com/shizuishan-plx/170314080.html?s=sou_sou_soulb&t=0_0&req=0b3ed3030491c6a126db471e03597e17
河北,石家庄,赞皇县,河北,石家庄,赞皇县,high,exact-city-alias,2,job_048157,https://jobs.51job.com/shijiazhuang-zhx/171031224.html?s=sou_sou_soulb&t=0_0&req=cbfa03c686a8609e4998a7f1e9b474d0
河北,秦皇岛,北戴河区,河北,秦皇岛,北戴河区,high,exact-city-alias,2,job_080961,https://jobs.51job.com/qinhuangdao-bdhq/170768280.html?s=sou_sou_soulb&t=0_0&req=6cadc5548999dcd93aa75381fed05aae
河北,秦皇岛,青龙满族自治县,河北,秦皇岛,青龙满族自治县,high,exact-city-alias,2,job_383869,https://jobs.51job.com/qinhuangdao-qlmzzzx/171355777.html?s=sou_sou_soulb&t=0_0&req=a3ee2a2b66f3f2e53f564ae831e2076e
河北,秦皇岛,抚宁区,河北,秦皇岛,抚宁区,high,exact-city-alias,2,job_678980,https://jobs.51job.com/qinhuangdao-fnq/167894956.html?s=sou_sou_soulb&t=0_0&req=dbcaa92b5615ac958ab51510ef992921
河北,秦皇岛,昌黎县,河北,秦皇岛,昌黎县,high,exact-city-alias,2,job_833229,https://jobs.51job.com/qinhuangdao-clx/170050004.html?s=sou_sou_soulb&t=0_0&req=8d7577276cedcd2f372346561e7eb6ef
云南,红河州,绿春县,云南,红河州,绿春县,high,51job-area-alias,2,job_221152,https://jobs.51job.com/honghezhou-lcx/170883699.html?s=sou_sou_soulb&t=0_0&req=5d2c74dae7d395dd8b7688d7c617a007
云南,红河州,泸西县,云南,红河州,泸西县,high,51job-area-alias,2,job_571960,https://jobs.51job.com/honghezhou-lxx/170955893.html?s=sou_sou_soulb&t=0_0&req=0aa6620d103db4d656f2c81cbf022e39
黑龙江,绥化,肇东市,黑龙江,绥化,肇东市,high,exact-city-alias,2,job_347050,https://jobs.51job.com/suihua-zds/171288661.html?s=sou_sou_soulb&t=0_0&req=58855dcef0337b7a5976feeb5ef61529
山东,聊城,冠县,山东,聊城,冠县,high,exact-city-alias,2,job_933943,https://jobs.51job.com/liaocheng-gx/170995671.html?s=sou_sou_soulb&t=0_0&req=4140f0b89cfe10b7f0234b645db62754
,自贡,,四川,自贡,,high,exact-city-alias,2,job_043305,https://jobs.51job.com/all/154466417.html?s=sou_sou_soulb&t=0_0&req=36c2a31f757ef2c9aad91b975ff6b007
,荆州,,湖北,荆州,,high,exact-city-alias,2,job_049200,https://jobs.51job.com/all/161750546.html?s=sou_sou_soulb&t=0_0&req=239243eae986cf6cfca55d7859092ccf
河北,衡水,景县,河北,衡水,景县,high,exact-city-alias,2,job_296818,https://jobs.51job.com/hengshui-jx/171406701.html?s=sou_sou_soulb&t=0_0&req=f411d5c41e31faaf0e8f8df5bfa87527
河北,衡水,安平县,河北,衡水,安平县,high,exact-city-alias,2,job_552606,https://jobs.51job.com/hengshui-apx/171587740.html?s=sou_sou_soulb&t=0_0&req=72cc65f4a5d70f484ea8bc01477eda99
河北,衡水,阜城县,河北,衡水,阜城县,high,exact-city-alias,2,job_696112,https://jobs.51job.com/hengshui-fcx/167807664.html?s=sou_sou_soulb&t=0_0&req=02e4cb61349bb1a771b8757ead029b4d
湖南,衡阳,祁东县,湖南,衡阳,祁东县,high,exact-city-alias,2,job_050959,https://jobs.51job.com/hengyang-qdx/165974134.html?s=sou_sou_soulb&t=0_0&req=7332ea6a5dfa968469c42c86d6e45ece
湖南,衡阳,衡山县,湖南,衡阳,衡山县,high,exact-city-alias,2,job_916397,https://jobs.51job.com/hengyang-hsx/171569734.html?s=sou_sou_soulb&t=0_0&req=7318b2c16f8942895370866a7ca04c95
青海,西宁,湟源县,青海,西宁,湟源县,high,exact-city-alias,2,job_405898,https://jobs.51job.com/xining-hyx/171536572.html?s=sou_sou_soulb&t=0_0&req=224c44b1d2f0fde2c02f7fb11715089e
陕西,西安,西安阎良航空基地,陕西,西安,西安阎良航空基地,high,exact-city-alias,2,job_583179,https://jobs.51job.com/xian-ylhk/170773992.html?s=sou_sou_soulb&t=0_0&req=5aa596df001313bd0705006aba44c324
贵州,贵阳,息烽县,贵州,贵阳,息烽县,high,exact-city-alias,2,job_579527,https://jobs.51job.com/guiyang-xfx/171226580.html?s=sou_sou_soulb&t=0_0&req=abbdaf9f104120ddb1b2ee11d198491d
辽宁,辽阳,宏伟区,辽宁,辽阳,宏伟区,high,exact-city-alias,2,job_023628,https://jobs.51job.com/liaoyang-hwq/170240444.html?s=sou_sou_soulb&t=0_0&req=e47a11e35fc8429f0c07aabc54418cec
辽宁,辽阳,文圣区,辽宁,辽阳,文圣区,high,exact-city-alias,2,job_141633,https://jobs.51job.com/liaoyang-wsq/171567174.html?s=sou_sou_soulb&t=0_0&req=cb38246e4b95c82df1d21bdcd6970af6
辽宁,辽阳,辽阳县,辽宁,辽阳,辽阳县,high,exact-city-alias,2,job_418505,https://jobs.51job.com/liaoyang-lyx/171131797.html?s=sou_sou_soulb&t=0_0&req=65492dc30fd0734eca42e31247cb2748
,达州,,四川,达州,,high,exact-city-alias,2,job_043413,https://jobs.51job.com/all/166180427.html?s=sou_sou_soulb&t=0_0&req=3b554b8907a4339c2ab2663bb0bd85f5
山西,运城,平陆县,山西,运城,平陆县,high,exact-city-alias,2,job_217112,https://jobs.51job.com/yuncheng-plx/167956323.html?s=sou_sou_soulb&t=0_0&req=b0f2b8e425ba61319e496ed38464f11a
山西,运城,临猗县,山西,运城,临猗县,high,exact-city-alias,2,job_242452,https://jobs.51job.com/yuncheng-lyx/171324821.html?s=sou_sou_soulb&t=0_0&req=0fe8e0697680ddf1f9846018ccd54ed8
山西,运城,新绛县,山西,运城,新绛县,high,exact-city-alias,2,job_547290,https://jobs.51job.com/yuncheng-xjx/168528057.html?s=sou_sou_soulb&t=0_0&req=cf68db7413feb578cf54a88ca4b0ef0f
山西,运城,河津市,山西,运城,河津市,high,exact-city-alias,2,job_571784,https://jobs.51job.com/yuncheng-hjs/171059679.html?s=sou_sou_soulb&t=0_0&req=22c4b3a9e22b1cc4b47fad725f49014a
云南,迪庆,维西傈僳族自治县,云南,迪庆,维西傈僳族自治县,high,51job-area-alias,2,job_092338,https://jobs.51job.com/diqing-wxlszzzx/170844760.html?s=sou_sou_soulb&t=0_0&req=1538a0e9482b10a61fba725f6bbb0e4f
吉林,通化,通化县,吉林,通化,通化县,high,exact-city-alias,2,job_299244,https://jobs.51job.com/tonghua-thx/170528376.html?s=sou_sou_soulb&t=0_0&req=f5be35055641448b50dba4a7d179c502
内蒙古,通辽,科尔沁左翼中旗,内蒙古,通辽,科尔沁左翼中旗,high,exact-city-alias,2,job_282260,https://jobs.51job.com/tongliao-keqzyzq/168941492.html?s=sou_sou_soulb&t=0_0&req=e3d9c94c5a381d9689d372fa92a2aec8
贵州,遵义,凤冈县,贵州,遵义,凤冈县,high,exact-city-alias,2,job_054013,https://jobs.51job.com/zunyi-fgx/170342136.html?s=sou_sou_soulb&t=0_0&req=4b8bedd5593322d47eaf187e57f113f4
贵州,遵义,余庆县,贵州,遵义,余庆县,high,exact-city-alias,2,job_061180,https://jobs.51job.com/zunyi-yqx/170354887.html?s=sou_sou_soulb&t=0_0&req=fd3d72ddb08d3e857cec9014a3f67a1b
贵州,遵义,道真仡佬族苗族自治县,贵州,遵义,道真仡佬族苗族自治县,high,exact-city-alias,2,job_749156,https://jobs.51job.com/zunyi-dzylzmzzzx/171350916.html?s=sou_sou_soulb&t=0_0&req=944dd377d39d8e56c1b75d4269c7c2ea
河北,邢台,新河县,河北,邢台,新河县,high,exact-city-alias,2,job_363373,https://jobs.51job.com/xingtai-xhx/171349886.html?s=sou_sou_soulb&t=0_0&req=6e35f35eddeee6a9bcb5baa1a21c2d52
河北,邯郸,成安县,河北,邯郸,成安县,high,exact-city-alias,2,job_614823,https://jobs.51job.com/handan-cax/166095093.html?s=sou_sou_soulb&t=0_0&req=31feb6a20b156816214c5f2940eba0da
河北,邯郸,邱县,河北,邯郸,邱县,high,exact-city-alias,2,job_626953,https://jobs.51job.com/handan-qx/171228834.html?s=sou_sou_soulb&t=0_0&req=76bacd3a578c3a4e3cacc2f0dd7a8688
湖南,郴州,桂东县,湖南,郴州,桂东县,high,exact-city-alias,2,job_989040,https://jobs.51job.com/chenzhou-gdx/169502761.html?s=sou_sou_soulb&t=0_0&req=0ff2bd73ddaa593e24ce54e9a1d2ea24
甘肃,酒泉,肃北蒙古族自治县,甘肃,酒泉,肃北蒙古族自治县,high,exact-city-alias,2,job_222394,https://jobs.51job.com/jiuquan-sbmgzzzx/170815602.html?s=sou_sou_soulb&t=0_0&req=f7110893f4b769c59a5cb9c4a4e54473
甘肃,酒泉,阿克塞哈萨克族自治县,甘肃,酒泉,阿克塞哈萨克族自治县,high,exact-city-alias,2,job_401915,https://jobs.51job.com/jiuquan-kshskzzzx/165399194.html?s=sou_sou_soulb&t=0_0&req=2c54e57af1dde3a82e904cc8be7e8632
重庆,重庆,石柱县,重庆,重庆,石柱县,high,exact-city-alias,2,job_511727,https://jobs.51job.com/chongqing-szx/170493269.html?s=sou_sou_soulb&t=0_0&req=63faf5994eec00f29ce955f99cfc6b58
辽宁,铁岭,昌图县,辽宁,铁岭,昌图县,high,exact-city-alias,2,job_380996,https://jobs.51job.com/tieling-ctx/170994388.html?s=sou_sou_soulb&t=0_0&req=d967cb1dadaa7c216e9fbe175d5cd5cc
贵州,铜仁,碧江区,贵州,铜仁,碧江区,high,exact-city-alias,2,job_053921,https://jobs.51job.com/tongren-bjq/171093709.html?s=sou_sou_soulb&t=0_0&req=fbdacdf47b561d19e5fa14591e9b1ce9
陕西,铜川,印台区,陕西,铜川,印台区,high,exact-city-alias,2,job_964003,https://jobs.51job.com/tongchuan-ytq/171656852.html?s=sou_sou_soulb&t=0_0&req=ca555e13f9ea6eec19be35062671ba83
内蒙古,锡林郭勒盟,苏尼特右旗,内蒙古,锡林郭勒盟,苏尼特右旗,high,exact-city-alias,2,job_651999,https://jobs.51job.com/xilinguolemeng-sntyq/171393298.html?s=sou_sou_soulb&t=0_0&req=66d0b214fa56d0ace0e991c40d302d21
辽宁,锦州,义县,辽宁,锦州,义县,high,exact-city-alias,2,job_524742,https://jobs.51job.com/jinzhou-yx/171195702.html?s=sou_sou_soulb&t=0_0&req=e4037f1a801541dc4ab9c6fced29359e
辽宁,阜新,阜新蒙古族自治县,辽宁,阜新,阜新蒙古族自治县,high,exact-city-alias,2,job_524736,https://jobs.51job.com/fuxin-fxmgzzzx/171157493.html?s=sou_sou_soulb&t=0_0&req=89006ff51fb41d993b9f7113eefa3e15
山西,阳泉,城区,山西,阳泉,城区,high,exact-city-alias,2,job_611213,https://jobs.51job.com/yangquan-cq/171534029.html?s=sou_sou_soulb&t=0_0&req=643675a54c84f09a2fc9a0e2601f3277
山西,阳泉,矿区,山西,阳泉,矿区,high,exact-city-alias,2,job_747302,https://jobs.51job.com/yangquan-kq/171559532.html?s=sou_sou_soulb&t=0_0&req=bd51639e6ad47793f5d1dca2a5749380
新疆,阿克苏,温宿县,新疆,阿克苏,温宿县,high,exact-city-alias,2,job_166670,https://jobs.51job.com/akesu-wsx/167653534.html?s=sou_sou_soulb&t=0_0&req=0823003101202eca3741f34c2731e976
新疆,阿克苏,柯坪县,新疆,阿克苏,柯坪县,high,exact-city-alias,2,job_865301,https://jobs.51job.com/akesu-kpx/167073639.html?s=sou_sou_soulb&t=0_0&req=d08c4edf3cbc8717a1e333591670f9c7
四川,阿坝,若尔盖县,四川,阿坝,若尔盖县,high,51job-area-alias,2,job_222021,https://jobs.51job.com/aba-regx/168273021.html?s=sou_sou_soulb&t=0_0&req=2cb6a65eed3751f618921aaa8e9aac69
四川,阿坝,九寨沟县,四川,阿坝,九寨沟县,high,51job-area-alias,2,job_345196,https://jobs.51job.com/aba-jzgx/171646809.html?s=sou_sou_soulb&t=0_0&req=1bcca6642136a067b0d759c72d554e3c
西藏,阿里,噶尔县,西藏,阿里,噶尔县,high,exact-city-alias,2,job_217629,https://jobs.51job.com/ali-gex/170009985.html?s=sou_sou_soulb&t=0_0&req=6116fccbc39886fd51b0e36ccea8b91a
四川,雅安,荥经县,四川,雅安,荥经县,high,exact-city-alias,2,job_139644,https://jobs.51job.com/yaan-xjx/170561855.html?s=sou_sou_soulb&t=0_0&req=2372331825ca9e8f6b771ad8f7dcd58f
四川,雅安,宝兴县,四川,雅安,宝兴县,high,exact-city-alias,2,job_392230,https://jobs.51job.com/yaan-bxx/171404545.html?s=sou_sou_soulb&t=0_0&req=a9b4016e9f83d0154560e201bc23952c
四川,雅安,天全县,四川,雅安,天全县,high,exact-city-alias,2,job_645112,https://jobs.51job.com/yaan-tqx/171181405.html?s=sou_sou_soulb&t=0_0&req=7a42ee8c5bdaa258017e72d115a221ef
河南,驻马店,正阳县,河南,驻马店,正阳县,high,exact-city-alias,2,job_058615,https://jobs.51job.com/zhumadian-zyx/170849448.html?s=sou_sou_soulb&t=0_0&req=fc1480270ba065552ab91ef198e0413c
河南,驻马店,上蔡县,河南,驻马店,上蔡县,high,exact-city-alias,2,job_058629,https://jobs.51job.com/zhumadian-scx/167886078.html?s=sou_sou_soulb&t=0_0&req=fc1480270ba065552ab91ef198e0413c
河南,驻马店,汝南县,河南,驻马店,汝南县,high,exact-city-alias,2,job_203101,https://jobs.51job.com/zhumadian-rnx/168466505.html?s=sou_sou_soulb&t=0_0&req=eb4daa9e82a58f6bfd6d0129062be5ba
河南,驻马店,确山县,河南,驻马店,确山县,high,exact-city-alias,2,job_521442,https://jobs.51job.com/zhumadian-qsx/171423318.html?s=sou_sou_soulb&t=0_0&req=b0ba4e4f1a9a1574990754691ed8f12e
河南,驻马店,遂平县,河南,驻马店,遂平县,high,exact-city-alias,2,job_1005568,https://jobs.51job.com/zhumadian-spx/170889318.html?s=sou_sou_soulb&t=0_0&req=3bcc3661a478c0bc3c7429b38adabf9b
黑龙江,鸡西,虎林市,黑龙江,鸡西,虎林市,high,exact-city-alias,2,job_846798,https://jobs.51job.com/jixi-hls/169596033.html?s=sou_sou_soulb&t=0_0&req=6b8e5976f8622112abd0eb3e4319af9f
黑龙江,鹤岗,工农区,黑龙江,鹤岗,工农区,high,exact-city-alias,2,job_259687,https://jobs.51job.com/hegang-gnq/171641540.html?s=sou_sou_soulb&t=0_0&req=6f3415fc37f73b688110ea2abd1f7252
,黄冈,,湖北,黄冈,,high,exact-city-alias,2,job_049286,https://jobs.51job.com/all/171241488.html?s=sou_sou_soulb&t=0_0&req=5e58c552b50a1f9126e00f194762b6af
青海,黄南,,青海,黄南,,high,51job-area-alias,2,job_353616,https://jobs.51job.com/huangnan/171668045.html?s=sou_sou_soulb&t=0_0&req=db883b05efc93706c69ad65c7d487917
安徽,黄山,黟县,安徽,黄山,黟县,high,exact-city-alias,2,job_164462,https://jobs.51job.com/huangshan-yx/171233678.html?s=sou_sou_soulb&t=0_0&req=e6fa69912975448beed1e5e329d27d84
黑龙江,黑河,北安市,黑龙江,黑河,北安市,high,exact-city-alias,2,job_747723,https://jobs.51job.com/heihe-bas/168239460.html?s=sou_sou_soulb&t=0_0&req=30bc33c38addcd1d0d5dcf76528362dd
贵州,黔东南,岑巩县,贵州,黔东南,岑巩县,high,51job-area-alias,2,job_331400,https://jobs.51job.com/qiandongnan-cgx/171137372.html?s=sou_sou_soulb&t=0_0&req=d77b83c06ed9135643663adaeec41bf1
贵州,黔东南,天柱县,贵州,黔东南,天柱县,high,51job-area-alias,2,job_331401,https://jobs.51job.com/qiandongnan-tzx/171137263.html?s=sou_sou_soulb&t=0_0&req=d77b83c06ed9135643663adaeec41bf1
贵州,黔东南,榕江县,贵州,黔东南,榕江县,high,51job-area-alias,2,job_403643,https://jobs.51job.com/qiandongnan-rjx/171103353.html?s=sou_sou_soulb&t=0_0&req=e2a37b33041774a32233ec71d36823bc
贵州,黔南,三都水族自治县,贵州,黔南,三都水族自治县,high,51job-area-alias,2,job_092410,https://jobs.51job.com/qiannan-sdszzzx/169683630.html?s=sou_sou_soulb&t=0_0&req=d0d105f44397bcfa7a1d3b0e09ad79af
黑龙江,齐齐哈尔,龙江县,黑龙江,齐齐哈尔,龙江县,high,exact-city-alias,2,job_112703,https://jobs.51job.com/qiqihaer-ljx/171076872.html?s=sou_sou_soulb&t=0_0&req=0147ada755e46dc1076835856eda470f
福建,三明,尤溪县,福建,三明,尤溪县,high,exact-city-alias,1,job_045359,https://jobs.51job.com/sanming-yxx/169542491.html?s=sou_sou_soulb&t=0_0&req=cb0bcdc4103721e462f6ad9a08d6ca16
福建,三明,大田县,福建,三明,大田县,high,exact-city-alias,1,job_095387,https://jobs.51job.com/sanming-dtx/167082493.html?s=sou_sou_soulb&t=0_0&req=954103d1a8639df9df42b8ae2644d002
福建,三明,清流县,福建,三明,清流县,high,exact-city-alias,1,job_736770,https://jobs.51job.com/sanming-qlx/171108009.html?s=sou_sou_soulb&t=0_0&req=1d28c683c378f7856652a07a95ba67b1
河南,三门峡,卢氏县,河南,三门峡,卢氏县,high,exact-city-alias,1,job_363395,https://jobs.51job.com/sanmenxia-lsx/171429031.html?s=sou_sou_soulb&t=0_0&req=596b4960934fa244c0861b6b40bde81b
河南,三门峡,渑池县,河南,三门峡,渑池县,high,exact-city-alias,1,job_741984,https://jobs.51job.com/sanmenxia-mcx/170305179.html?s=sou_sou_soulb&t=0_0&req=628bd351cdbb98824ded24167b1131dd
,上海-长宁区,,上海,上海,长宁区,high,city-hyphen-district,1,job_566633,https://jobs.51job.com/all/170467445.html?s=sou_sou_soulb&t=0_0&req=18d0629b035ffe5903149e6a08831add
宁夏,中卫,中宁县,宁夏,中卫,中宁县,high,exact-city-alias,1,job_217613,https://jobs.51job.com/zhongwei-znx/167956542.html?s=sou_sou_soulb&t=0_0&req=77bb5b2bfc7b5e85e0fa48a55c2d1197
甘肃,临夏,和政县,甘肃,临夏,和政县,high,51job-area-alias,1,job_352996,https://jobs.51job.com/linxia-hzx/170133866.html?s=sou_sou_soulb&t=0_0&req=f3ef5b7a82e021aa01c06da341447fd3
甘肃,临夏,永靖县,甘肃,临夏,永靖县,high,51job-area-alias,1,job_525943,https://jobs.51job.com/linxia-yjx/170667299.html?s=sou_sou_soulb&t=0_0&req=adebfcfeceb73084779714bf5d9eb770
甘肃,临夏,广河县,甘肃,临夏,广河县,high,51job-area-alias,1,job_525951,https://jobs.51job.com/linxia-ghx/170666870.html?s=sou_sou_soulb&t=0_0&req=359f609cb7528c3637353a7dad166bbb
山西,临汾,襄汾县,山西,临汾,襄汾县,high,exact-city-alias,1,job_104212,https://jobs.51job.com/linfen-xfx/171399559.html?s=sou_sou_soulb&t=0_0&req=da3d720b6d5327d39d47374e1d67b2d3
山西,临汾,吉县,山西,临汾,吉县,high,exact-city-alias,1,job_380980,https://jobs.51job.com/linfen-jx/171147384.html?s=sou_sou_soulb&t=0_0&req=affef70be356ef98037e7b1ea7933dd8
山西,临汾,霍州市,山西,临汾,霍州市,high,exact-city-alias,1,job_419811,https://jobs.51job.com/linfen-hzs/171187834.html?s=sou_sou_soulb&t=0_0&req=8157fb10a852b29bea1a36536c76cade
山西,临汾,曲沃县,山西,临汾,曲沃县,high,exact-city-alias,1,job_979260,https://jobs.51job.com/linfen-qwx/170587620.html?s=sou_sou_soulb&t=0_0&req=999bd9eefc01bfc029a775a35e80786a
云南,临沧,耿马傣族佤族自治县,云南,临沧,耿马傣族佤族自治县,high,exact-city-alias,1,job_525502,https://jobs.51job.com/lincang-gmdzwzzzx/171129586.html?s=sou_sou_soulb&t=0_0&req=80d4e780283ffefff55a8b9f6e9689cd
云南,临沧,云县,云南,临沧,云县,high,exact-city-alias,1,job_851798,https://jobs.51job.com/lincang-yx/158489071.html?s=sou_sou_soulb&t=0_0&req=e680cbca38e1d1bccec13fdced23bfde
辽宁,丹东,凤城市,辽宁,丹东,凤城市,high,exact-city-alias,1,job_352264,https://jobs.51job.com/dandong-fcs/169502224.html?s=sou_sou_soulb&t=0_0&req=11ff17d674f83db0dee86233541966f4
内蒙古,乌兰察布,丰镇市,内蒙古,乌兰察布,丰镇市,high,exact-city-alias,1,job_749583,https://jobs.51job.com/wulanchabu-fzs/171189352.html?s=sou_sou_soulb&t=0_0&req=ec28f3ae9a61649ec6e26fed314ea26d
内蒙古,乌兰察布,凉城县,内蒙古,乌兰察布,凉城县,high,exact-city-alias,1,job_749593,https://jobs.51job.com/wulanchabu-lcx/171189431.html?s=sou_sou_soulb&t=0_0&req=ec28f3ae9a61649ec6e26fed314ea26d
内蒙古,乌兰察布,卓资县,内蒙古,乌兰察布,卓资县,high,exact-city-alias,1,job_749594,https://jobs.51job.com/wulanchabu-zzx/171189486.html?s=sou_sou_soulb&t=0_0&req=ec28f3ae9a61649ec6e26fed314ea26d
内蒙古,乌兰察布,察哈尔右翼后旗,内蒙古,乌兰察布,察哈尔右翼后旗,high,exact-city-alias,1,job_749597,https://jobs.51job.com/wulanchabu-cheyyhq/171185618.html?s=sou_sou_soulb&t=0_0&req=ec28f3ae9a61649ec6e26fed314ea26d
新疆,乌鲁木齐,乌鲁木齐县,新疆,乌鲁木齐,乌鲁木齐县,high,exact-city-alias,1,job_783829,https://jobs.51job.com/urumqi-wlmqx/170609405.html?s=sou_sou_soulb&t=0_0&req=e677535a899ca30608f45dd7680425b7
四川,乐山,峨边彝族自治县,四川,乐山,峨边彝族自治县,high,exact-city-alias,1,job_694753,https://jobs.51job.com/leshan-byzzzx/170885341.html?s=sou_sou_soulb&t=0_0&req=4f6e9e0da000e638ba77eefa0fc1f240
黑龙江,伊春,伊美区,黑龙江,伊春,伊美区,high,exact-city-alias,1,job_1094549,https://jobs.51job.com/yichun-ymq/170442472.html?s=sou_sou_soulb&t=0_0&req=5b9230576b1f9255619c1e858ecb0fa7
新疆,伊犁,昭苏县,新疆,伊犁,昭苏县,high,51job-area-alias,1,job_073638,https://jobs.51job.com/yili-zsx/170812995.html?s=sou_sou_soulb&t=0_0&req=d7d415f6fcf2124e17b8f9419ef417c8
新疆,伊犁,新源县,新疆,伊犁,新源县,high,51job-area-alias,1,job_921638,https://jobs.51job.com/yili-xyx/171691863.html?s=sou_sou_soulb&t=0_0&req=c4ecf9e3d116b955ca1e731181614120
黑龙江,佳木斯,东风区,黑龙江,佳木斯,东风区,high,exact-city-alias,1,job_217161,https://jobs.51job.com/jiamusi-dfq/171056277.html?s=sou_sou_soulb&t=0_0&req=06db84fb6ceca764af612f97df667542
黑龙江,佳木斯,郊区,黑龙江,佳木斯,郊区,high,exact-city-alias,1,job_1094545,https://jobs.51job.com/jiamusi-jq/170442445.html?s=sou_sou_soulb&t=0_0&req=5b9230576b1f9255619c1e858ecb0fa7
河北,保定,博野县,河北,保定,博野县,high,exact-city-alias,1,job_346029,https://jobs.51job.com/baoding-byx/169971691.html?s=sou_sou_soulb&t=0_0&req=866a78080af4e665ad3940ff98e586ba
河北,保定,曲阳县,河北,保定,曲阳县,high,exact-city-alias,1,job_383839,https://jobs.51job.com/baoding-qyx/170741571.html?s=sou_sou_soulb&t=0_0&req=a3ee2a2b66f3f2e53f564ae831e2076e
河北,保定,涞源县,河北,保定,涞源县,high,exact-city-alias,1,job_383889,https://jobs.51job.com/baoding-lyx/170669211.html?s=sou_sou_soulb&t=0_0&req=a3ee2a2b66f3f2e53f564ae831e2076e
河北,保定,易县,河北,保定,易县,high,exact-city-alias,1,job_521174,https://jobs.51job.com/baoding-yx/171508783.html?s=sou_sou_soulb&t=0_0&req=4b6fc1d11a56bda87d86ae7ad7b8add2
河南,信阳,商城县,河南,信阳,商城县,high,exact-city-alias,1,job_521443,https://jobs.51job.com/xinyang-scx/171235248.html?s=sou_sou_soulb&t=0_0&req=b0ba4e4f1a9a1574990754691ed8f12e
河南,信阳,罗山县,河南,信阳,罗山县,high,exact-city-alias,1,job_521444,https://jobs.51job.com/xinyang-lsx/170550646.html?s=sou_sou_soulb&t=0_0&req=b0ba4e4f1a9a1574990754691ed8f12e
河南,信阳,淮滨县,河南,信阳,淮滨县,high,exact-city-alias,1,job_822047,https://jobs.51job.com/xinyang-hbx/170149665.html?s=sou_sou_soulb&t=0_0&req=d2be09d8327b323bb17454560611f087
新疆,克孜勒苏柯尔克孜,乌恰县,新疆,克孜勒苏柯尔克孜,乌恰县,high,51job-area-alias,1,job_391440,https://jobs.51job.com/kezilesukeerkezi-wqx/171561772.html?s=sou_sou_soulb&t=0_0&req=eac6fcd92dc520841fa08af73211b4d5
新疆,克拉玛依,乌尔禾区,新疆,克拉玛依,乌尔禾区,high,exact-city-alias,1,job_217642,https://jobs.51job.com/kelamayi-wehq/168230990.html?s=sou_sou_soulb&t=0_0&req=70976d736077d522c1ca383ead4889f6
内蒙古,兴安盟,扎赉特旗,内蒙古,兴安盟,扎赉特旗,high,exact-city-alias,1,job_401933,https://jobs.51job.com/xinganmeng-zltq/171665241.html?s=sou_sou_soulb&t=0_0&req=f8f0f3ef0cb50832edfb54fb2a733ceb
,内江,,四川,内江,,high,exact-city-alias,1,job_518417,https://jobs.51job.com/all/164818934.html?s=sou_sou_soulb&t=0_0&req=ad08356b50e327232ddef17d8e618ede
,凉山,,四川,凉山,,high,51job-area-alias,1,job_518550,https://jobs.51job.com/all/164818789.html?s=sou_sou_soulb&t=0_0&req=1e8756038959c28dae163e23e5cdea31
四川,凉山,布拖县,四川,凉山,布拖县,high,51job-area-alias,1,job_279864,https://jobs.51job.com/liangshan-btx/171024781.html?s=sou_sou_soulb&t=0_0&req=103622d6a889c1d23608b9b202d2adae
四川,凉山,越西县,四川,凉山,越西县,high,51job-area-alias,1,job_518544,https://jobs.51job.com/liangshan-yxx/171537774.html?s=sou_sou_soulb&t=0_0&req=1e8756038959c28dae163e23e5cdea31
四川,凉山,普格县,四川,凉山,普格县,high,51job-area-alias,1,job_901011,https://jobs.51job.com/liangshan-pgx/171546281.html?s=sou_sou_soulb&t=0_0&req=289e63cf8bd3da9a8656ed5c0d7e8f14
四川,凉山,喜德县,四川,凉山,喜德县,high,51job-area-alias,1,job_1090822,https://jobs.51job.com/liangshan-xdx/171221000.html?s=sou_sou_soulb&t=0_0&req=01196d74320b91e8ae7aaf5ff99b540b
内蒙古,包头,石拐区,内蒙古,包头,石拐区,high,exact-city-alias,1,job_092423,https://jobs.51job.com/baotou-sgq/171647979.html?s=sou_sou_soulb&t=0_0&req=bbcb75af552c45320458163b21a5175d
内蒙古,包头,固阳县,内蒙古,包头,固阳县,high,exact-city-alias,1,job_359858,https://jobs.51job.com/baotou-gyx/171488787.html?s=sou_sou_soulb&t=0_0&req=a9c4164f83b84401bb1aa99de582608c
新疆,北屯,,新疆,新疆生产建设兵团,北屯,medium,district-to-city,1,job_844043,https://jobs.51job.com/beitun/169682667.html?s=sou_sou_soulb&t=0_0&req=1a1b3c05c3a20d7148d730b3bb9b6eb2
河南,南阳,社旗县,河南,南阳,社旗县,high,exact-city-alias,1,job_383975,https://jobs.51job.com/nanyang-sqx/170604888.html?s=sou_sou_soulb&t=0_0&req=1eeaed14b918ea7f92b7d1dbf5b8820f
河南,南阳,西峡县,河南,南阳,西峡县,high,exact-city-alias,1,job_579336,https://jobs.51job.com/nanyang-xxx/168959481.html?s=sou_sou_soulb&t=0_0&req=d4b5c0735acd081d8f0fb9870d599f76
新疆,博尔塔拉,温泉县,新疆,博尔塔拉,温泉县,high,51job-area-alias,1,job_104693,https://jobs.51job.com/boertala-wqx/169167710.html?s=sou_sou_soulb&t=0_0&req=65576005f327fc5e406237e9f0485058
新疆,双河,,新疆,双河,,low,fallback-city-source,1,job_054521,https://jobs.51job.com/shuanghe/171158671.html?s=sou_sou_soulb&t=0_0&req=3029db153a81a3d4d2a439e13e3995fe
黑龙江,双鸭山,宝山区,黑龙江,双鸭山,宝山区,high,exact-city-alias,1,job_997498,https://jobs.51job.com/shuangyashan-bsq/170141293.html?s=sou_sou_soulb&t=0_0&req=4fa4be8c7c3c4b1136d6753c1b5ce7e2
吉林,吉林,蛟河市,吉林,吉林,蛟河市,high,exact-city-alias,1,job_758196,https://jobs.51job.com/jilin-jhs/171314598.html?s=sou_sou_soulb&t=0_0&req=81ae20900c51705633c23c8b6b731fba
山西,吕梁,兴县,山西,吕梁,兴县,high,exact-city-alias,1,job_150175,https://jobs.51job.com/lvliang-xx/164850948.html?s=sou_sou_soulb&t=0_0&req=261b90edf8f92653cf55bd76231a03a2
山西,吕梁,交口县,山西,吕梁,交口县,high,exact-city-alias,1,job_217095,https://jobs.51job.com/lvliang-jkx/167967972.html?s=sou_sou_soulb&t=0_0&req=b0f2b8e425ba61319e496ed38464f11a
山西,吕梁,交城县,山西,吕梁,交城县,high,exact-city-alias,1,job_783620,https://jobs.51job.com/lvliang-jcx/167622653.html?s=sou_sou_soulb&t=0_0&req=c47041a3c707b77a34883f5e3657736e
宁夏,吴忠,利通区,宁夏,吴忠,利通区,high,exact-city-alias,1,job_061202,https://jobs.51job.com/wuzhong-ltq/171648093.html?s=sou_sou_soulb&t=0_0&req=f51e4b569b9c08866effc894a022656f
宁夏,吴忠,同心县,宁夏,吴忠,同心县,high,exact-city-alias,1,job_749675,https://jobs.51job.com/wuzhong-txx/168749795.html?s=sou_sou_soulb&t=0_0&req=4de12773c1a713497bc46715c774c6e5
河南,周口,项城市,河南,周口,项城市,high,exact-city-alias,1,job_356899,https://jobs.51job.com/zhoukou-xcs/170932384.html?s=sou_sou_soulb&t=0_0&req=326da0f7163790b2815160d8dbee5343
内蒙古,呼伦贝尔,满洲里市,内蒙古,呼伦贝尔,满洲里市,high,exact-city-alias,1,job_054228,https://jobs.51job.com/hulunbeier-mzls/171567440.html?s=sou_sou_soulb&t=0_0&req=6a378f3dac944047b0f41a90261b66fb
内蒙古,呼伦贝尔,鄂温克族自治旗,内蒙古,呼伦贝尔,鄂温克族自治旗,high,exact-city-alias,1,job_282259,https://jobs.51job.com/hulunbeier-wkzzzq/168782125.html?s=sou_sou_soulb&t=0_0&req=e3d9c94c5a381d9689d372fa92a2aec8
内蒙古,呼伦贝尔,陈巴尔虎旗,内蒙古,呼伦贝尔,陈巴尔虎旗,high,exact-city-alias,1,job_749611,https://jobs.51job.com/hulunbeier-cbehq/171316498.html?s=sou_sou_soulb&t=0_0&req=ec28f3ae9a61649ec6e26fed314ea26d
内蒙古,呼伦贝尔,牙克石市,内蒙古,呼伦贝尔,牙克石市,high,exact-city-alias,1,job_824690,https://jobs.51job.com/hulunbeier-ykss/170204589.html?s=sou_sou_soulb&t=0_0&req=8ded1e694079a8034422f56e4c21e093
,咸宁,,湖北,咸宁,,high,exact-city-alias,1,job_522256,https://jobs.51job.com/all/164835518.html?s=sou_sou_soulb&t=0_0&req=6e77ab118d79345d7ddcf5d3609c8f52
陕西,咸阳,旬邑县,陕西,咸阳,旬邑县,high,exact-city-alias,1,job_833576,https://jobs.51job.com/xianyang-xyx/168100817.html?s=sou_sou_soulb&t=0_0&req=6c5670cb9b3c2100b298950477949ad9
黑龙江,哈尔滨,延寿县,黑龙江,哈尔滨,延寿县,high,exact-city-alias,1,job_240011,https://jobs.51job.com/hadongbin-ysx/170965017.html?s=sou_sou_soulb&t=0_0&req=c35cd198546c1e3266a362628009bc8d
黑龙江,哈尔滨,阿城区,黑龙江,哈尔滨,阿城区,high,exact-city-alias,1,job_524550,https://jobs.51job.com/hadongbin-acq/160085855.html?s=sou_sou_soulb&t=0_0&req=391bf751303cb1cd009befaae37eae8d
河南,商丘,夏邑县,河南,商丘,夏邑县,high,exact-city-alias,1,job_521606,https://jobs.51job.com/shangqiu-xyx/171422875.html?s=sou_sou_soulb&t=0_0&req=3a94c11f844ad06f88065b7f38bd85d3
河南,商丘,虞城县,河南,商丘,虞城县,high,exact-city-alias,1,job_521777,https://jobs.51job.com/shangqiu-ycx/170335242.html?s=sou_sou_soulb&t=0_0&req=9880b271290f85aa4332b155c4d1cd05
陕西,商洛,洛南县,陕西,商洛,洛南县,high,exact-city-alias,1,job_286276,https://jobs.51job.com/shangluo-lnx/171463128.html?s=sou_sou_soulb&t=0_0&req=c6aff87bab46e7dff7a8ee449e1573dc
陕西,商洛,丹凤县,陕西,商洛,丹凤县,high,exact-city-alias,1,job_437246,https://jobs.51job.com/shangluo-dfx/169271194.html?s=sou_sou_soulb&t=0_0&req=79497c2df12f62a5e00f3dc1f62cbeb8
陕西,商洛,商南县,陕西,商洛,商南县,high,exact-city-alias,1,job_529144,https://jobs.51job.com/shangluo-snx/157654361.html?s=sou_sou_soulb&t=0_0&req=ccd957c721c3c5c20878d5cf3aab585d
新疆,喀什地区,叶城县,新疆,喀什,叶城县,high,exact-city-alias,1,job_950235,https://jobs.51job.com/kashidiqu-ycx/167605464.html?s=sou_sou_soulb&t=0_0&req=2ac814ae3715718ffde9f01123e3a4b1
吉林,四平,双辽市,吉林,四平,双辽市,high,exact-city-alias,1,job_347674,https://jobs.51job.com/siping-sls/170145999.html?s=sou_sou_soulb&t=0_0&req=bcd17958c19861d1ad3eea72f9eda31d
吉林,四平,铁东区,吉林,四平,铁东区,high,exact-city-alias,1,job_357413,https://jobs.51job.com/siping-tdq/170658435.html?s=sou_sou_soulb&t=0_0&req=e08394dd834dc64d292a6f78d29b5ea9
新疆,塔城,沙湾市,新疆,塔城,沙湾市,high,exact-city-alias,1,job_229227,https://jobs.51job.com/tacheng-sws/169707029.html?s=sou_sou_soulb&t=0_0&req=0fba9ef9630650a8c5b2e19d6672da71
山西,大同,灵丘县,山西,大同,灵丘县,high,exact-city-alias,1,job_893712,https://jobs.51job.com/datong-lqx/171296183.html?s=sou_sou_soulb&t=0_0&req=02503934814b8c0d0cb98c22aab8e008
云南,大理,南涧彝族自治县,云南,大理,南涧彝族自治县,high,51job-area-alias,1,job_382405,https://jobs.51job.com/dali-njyzzzx/156187257.html?s=sou_sou_soulb&t=0_0&req=d2cd3642318871e39f9561719d646aa9
,天门,,湖北,天门,,high,51job-area-alias,1,job_522281,https://jobs.51job.com/all/164835537.html?s=sou_sou_soulb&t=0_0&req=c30e06640c53a1fd3a37a6f472d6d507
湖南,娄底,冷水江市,湖南,娄底,冷水江市,high,exact-city-alias,1,job_426815,https://jobs.51job.com/loudi-lsjs/170357947.html?s=sou_sou_soulb&t=0_0&req=c532c98a3784b6779d759aeab12d3816
,孝感,,湖北,孝感,,high,exact-city-alias,1,job_522178,https://jobs.51job.com/all/164835473.html?s=sou_sou_soulb&t=0_0&req=fe1388e482d1e98274f44e6d4c456cb0
福建,宁德,周宁县,福建,宁德,周宁县,high,exact-city-alias,1,job_736902,https://jobs.51job.com/ningde-znx/169300354.html?s=sou_sou_soulb&t=0_0&req=89ba22a51930cd69f4463ca9ca509b2b
陕西,安康,紫阳县,陕西,安康,紫阳县,high,exact-city-alias,1,job_823086,https://jobs.51job.com/ankang-zyx/165273538.html?s=sou_sou_soulb&t=0_0&req=0e9c0dac29fe94e75db51ab76fa43ab1
陕西,安康,白河县,陕西,安康,白河县,high,exact-city-alias,1,job_909732,https://jobs.51job.com/ankang-bhx/171457982.html?s=sou_sou_soulb&t=0_0&req=f62e3f8604b248b5ed9c03646875c3bb
贵州,安顺,关岭布依族苗族自治县,贵州,安顺,关岭布依族苗族自治县,high,exact-city-alias,1,job_614586,https://jobs.51job.com/anshun-glbyzmzzzx/169632050.html?s=sou_sou_soulb&t=0_0&req=92ced3f177073561ca89fbd0f15219f8
,宜宾,,四川,宜宾,,high,exact-city-alias,1,job_518391,https://jobs.51job.com/all/164819253.html?s=sou_sou_soulb&t=0_0&req=ae88bea708fe0b2dd91f69a251c890ad
湖北,宜昌,五峰土家族自治县,湖北,宜昌,五峰土家族自治县,high,exact-city-alias,1,job_385145,https://jobs.51job.com/yichang-wftjz/167761601.html?s=sou_sou_soulb&t=0_0&req=a103b18b746381b616fec0bf8c8e727a
陕西,宝鸡,千阳县,陕西,宝鸡,千阳县,high,exact-city-alias,1,job_390956,https://jobs.51job.com/baoji-qyx/167709211.html?s=sou_sou_soulb&t=0_0&req=80c29e36461f6093e119c1537e222c1a
陕西,宝鸡,扶风县,陕西,宝鸡,扶风县,high,exact-city-alias,1,job_823124,https://jobs.51job.com/baoji-ffx/165462553.html?s=sou_sou_soulb&t=0_0&req=0e9c0dac29fe94e75db51ab76fa43ab1
安徽,宣城,旌德县,安徽,宣城,旌德县,high,exact-city-alias,1,job_1063238,https://jobs.51job.com/xuancheng-jdx/171497525.html?s=sou_sou_soulb&t=0_0&req=2fc1c6df16e9254e3594b6b44d498aab
西藏,山南,琼结县,西藏,山南,琼结县,high,exact-city-alias,1,job_229224,https://jobs.51job.com/shannan-qjx/171186571.html?s=sou_sou_soulb&t=0_0&req=4fc93a46b62e86c384f3e7d15cf1dde0
,巴中,,四川,巴中,,high,exact-city-alias,1,job_518539,https://jobs.51job.com/all/164818738.html?s=sou_sou_soulb&t=0_0&req=170a6bd726139c0c922e22767c1f9d60
内蒙古,巴彦淖尔,乌拉特中旗,内蒙古,巴彦淖尔,乌拉特中旗,high,exact-city-alias,1,job_229209,https://jobs.51job.com/bayannaoer-wltzq/171115757.html?s=sou_sou_soulb&t=0_0&req=bc243788e07daa85bfde86d0aeea3296
新疆,巴音郭楞,轮台县,新疆,巴音郭楞,轮台县,high,51job-area-alias,1,job_586059,https://jobs.51job.com/bayinguoleng-ltx/170253169.html?s=sou_sou_soulb&t=0_0&req=4e2a5dd2f3715251a20a513e089885e0
湖南,常德,临澧县,湖南,常德,临澧县,high,exact-city-alias,1,job_833535,https://jobs.51job.com/changde-llx/170867258.html?s=sou_sou_soulb&t=0_0&req=58f11e5202a362120df40062391be645
河南,平顶山,鲁山县,河南,平顶山,鲁山县,high,exact-city-alias,1,job_216608,https://jobs.51job.com/pingdingshan-lsx/167970150.html?s=sou_sou_soulb&t=0_0&req=3006d97948d95a441e62f58f481702cd
河南,平顶山,郏县,河南,平顶山,郏县,high,exact-city-alias,1,job_315958,https://jobs.51job.com/pingdingshan-jx/170651033.html?s=sou_sou_soulb&t=0_0&req=b6a072b937ab64831fecbe0ea8bea0b1
河南,平顶山,舞钢市,河南,平顶山,舞钢市,high,exact-city-alias,1,job_821862,https://jobs.51job.com/pingdingshan-wgs/171138394.html?s=sou_sou_soulb&t=0_0&req=66d7b10a2d1c07983b4e1b7327df3345
四川,广元,剑阁县,四川,广元,剑阁县,high,exact-city-alias,1,job_074735,https://jobs.51job.com/guangyuan-jgx/170742863.html?s=sou_sou_soulb&t=0_0&req=c5e61a16ebaa8983bfd138837ab75352
四川,广元,朝天区,四川,广元,朝天区,high,exact-city-alias,1,job_641928,https://jobs.51job.com/guangyuan-ctq/171379191.html?s=sou_sou_soulb&t=0_0&req=81ac40a30b86b8b9067ea77884b11721
,广安,,四川,广安,,high,exact-city-alias,1,job_518484,https://jobs.51job.com/all/164819436.html?s=sou_sou_soulb&t=0_0&req=31cddcdad128cdad6658d8420eceee62
甘肃,庆阳,正宁县,甘肃,庆阳,正宁县,high,exact-city-alias,1,job_015786,https://jobs.51job.com/qingyang-znx/169789894.html?s=sou_sou_soulb&t=0_0&req=2624ae984efe97dd6c2f7af0a9506739
甘肃,庆阳,合水县,甘肃,庆阳,合水县,high,exact-city-alias,1,job_217502,https://jobs.51job.com/qingyang-hsx/167961013.html?s=sou_sou_soulb&t=0_0&req=e01528f7bf2091c4ecf010ba7b09e157
甘肃,庆阳,华池县,甘肃,庆阳,华池县,high,exact-city-alias,1,job_749467,https://jobs.51job.com/qingyang-hcx/170389756.html?s=sou_sou_soulb&t=0_0&req=ed08d652a4125920822bf4c2449dc059
陕西,延安,延川县,陕西,延安,延川县,high,exact-city-alias,1,job_386563,https://jobs.51job.com/yanan-ycx/171483460.html?s=sou_sou_soulb&t=0_0&req=a65e7d5dfe6acc5d2056ac74eb03f48e
吉林,延边,图们市,吉林,延边,图们市,high,51job-area-alias,1,job_281973,https://jobs.51job.com/yanbian-tms/169196632.html?s=sou_sou_soulb&t=0_0&req=0b9d39415d6ddde90b6dfb15e57e71ce
吉林,延边,龙井市,吉林,延边,龙井市,high,51job-area-alias,1,job_766392,https://jobs.51job.com/yanbian-ljs/169498640.html?s=sou_sou_soulb&t=0_0&req=1ff2d6557d08caf7b904890a5854a26e
河北,张家口,赤城县,河北,张家口,赤城县,high,exact-city-alias,1,job_058513,https://jobs.51job.com/zhangjiakou-ccx/169524636.html?s=sou_sou_soulb&t=0_0&req=efa1180f4c1dee61ee9248448f187c57
河北,张家口,蔚县,河北,张家口,蔚县,high,exact-city-alias,1,job_123848,https://jobs.51job.com/zhangjiakou-yx/170714529.html?s=sou_sou_soulb&t=0_0&req=051eae11b9cdc8315ae8323c06741632
河北,张家口,沽源县,河北,张家口,沽源县,high,exact-city-alias,1,job_386461,https://jobs.51job.com/zhangjiakou-gyx/168319289.html?s=sou_sou_soulb&t=0_0&req=f5dd04636fdf100e913e71126fa93d23
河北,张家口,崇礼区,河北,张家口,崇礼区,high,exact-city-alias,1,job_1091081,https://jobs.51job.com/zhangjiakou-clq/169039259.html?s=sou_sou_soulb&t=0_0&req=9cd477678a15a00f98276797d62d8d7a
湖南,张家界,武陵源区,湖南,张家界,武陵源区,high,exact-city-alias,1,job_220204,https://jobs.51job.com/zhangjiajie-wlyq/171329996.html?s=sou_sou_soulb&t=0_0&req=b3f7df5560c50889053206a571bd5df8
湖南,张家界,桑植县,湖南,张家界,桑植县,high,exact-city-alias,1,job_955431,https://jobs.51job.com/zhangjiajie-szx/169498655.html?s=sou_sou_soulb&t=0_0&req=27284e3db6bac3185e78e75ff7a8ca5a
甘肃,张掖,高台县,甘肃,张掖,高台县,high,exact-city-alias,1,job_104649,https://jobs.51job.com/zhangye-gtx/171226325.html?s=sou_sou_soulb&t=0_0&req=4f1a70f08d9afefd586e9bc2f8aa2997
甘肃,张掖,临泽县,甘肃,张掖,临泽县,high,exact-city-alias,1,job_282231,https://jobs.51job.com/zhangye-lzx/171435180.html?s=sou_sou_soulb&t=0_0&req=ad077d94966273ccb18f6cd72667303f
山东,德州,武城县,山东,德州,武城县,high,exact-city-alias,1,job_519392,https://jobs.51job.com/dezhou-wcx/170013982.html?s=sou_sou_soulb&t=0_0&req=7a91c65a19abc4fd7dfec6f15c522dbd
山西,忻州,代县,山西,忻州,代县,high,exact-city-alias,1,job_217070,https://jobs.51job.com/xinzhou-dx/170439934.html?s=sou_sou_soulb&t=0_0&req=939d0bac8caa35cc018beac2b13a76ba
山西,忻州,宁武县,山西,忻州,宁武县,high,exact-city-alias,1,job_217087,https://jobs.51job.com/xinzhou-nwx/168023152.html?s=sou_sou_soulb&t=0_0&req=b0f2b8e425ba61319e496ed38464f11a
山西,忻州,五寨县,山西,忻州,五寨县,high,exact-city-alias,1,job_371219,https://jobs.51job.com/xinzhou-wzx/164441860.html?s=sou_sou_soulb&t=0_0&req=f122c75a24dff9967ba1aad9639ace32
山西,忻州,保德县,山西,忻州,保德县,high,exact-city-alias,1,job_716215,https://jobs.51job.com/xinzhou-bdx/171588610.html?s=sou_sou_soulb&t=0_0&req=e50c25843acaade165994035ad490ffa
山西,忻州,岢岚县,山西,忻州,岢岚县,high,exact-city-alias,1,job_758192,https://jobs.51job.com/xinzhou-klx/171625670.html?s=sou_sou_soulb&t=0_0&req=67d9c15e2b805ceb2b774f193fa00a3e
湖南,怀化,芷江侗族自治县,湖南,怀化,芷江侗族自治县,high,exact-city-alias,1,job_1064146,https://jobs.51job.com/huaihua-zjdzzzx/171277593.html?s=sou_sou_soulb&t=0_0&req=6fbcd31664304b981836bf41f146fb85
云南,怒江,贡山独龙族怒族自治县,云南,怒江,贡山独龙族怒族自治县,high,51job-area-alias,1,job_357458,https://jobs.51job.com/nujiang-gsdlznzzzx/171581386.html?s=sou_sou_soulb&t=0_0&req=8c5f326279ed87119bb076457956866d
,恩施,,湖北,恩施,,high,51job-area-alias,1,job_522301,https://jobs.51job.com/all/164835497.html?s=sou_sou_soulb&t=0_0&req=e1e692ee526116854c705addd6831034
湖北,恩施,咸丰县,湖北,恩施,咸丰县,high,51job-area-alias,1,job_522292,https://jobs.51job.com/enshi-xfx/169601152.html?s=sou_sou_soulb&t=0_0&req=e1e692ee526116854c705addd6831034
河北,承德,围场满族蒙古族自治县,河北,承德,围场满族蒙古族自治县,high,exact-city-alias,1,job_356858,https://jobs.51job.com/chengde-wcmzmgzzzx/170410971.html?s=sou_sou_soulb&t=0_0&req=1e4dddb779352db1f1e6b1cfdec2538c
河北,承德,鹰手营子矿区,河北,承德,鹰手营子矿区,high,exact-city-alias,1,job_864404,https://jobs.51job.com/chengde-ysyzkq/167084995.html?s=sou_sou_soulb&t=0_0&req=48b107a8608acd819d846a9fe685b348
江西,抚州,南丰县,江西,抚州,南丰县,high,exact-city-alias,1,job_820609,https://jobs.51job.com/fuzhou-nfx/171511583.html?s=sou_sou_soulb&t=0_0&req=9f1b94b897ec732b4bae66ec8957ff29
西藏,拉萨,达孜区,西藏,拉萨,达孜区,high,exact-city-alias,1,job_282280,https://jobs.51job.com/lasa-dzq/170628605.html?s=sou_sou_soulb&t=0_0&req=07699b181f75a32a8df83e5777233559
西藏,拉萨,曲水县,西藏,拉萨,曲水县,high,exact-city-alias,1,job_943883,https://jobs.51job.com/lasa-qsx/159503453.html?s=sou_sou_soulb&t=0_0&req=a960bd0487406f3de2efe95e3e82ab15
,攀枝花,,四川,攀枝花,,high,exact-city-alias,1,job_518426,https://jobs.51job.com/all/164819383.html?s=sou_sou_soulb&t=0_0&req=614da126dffabf94817e28f1a8c0e842
云南,文山,富宁县,云南,文山,富宁县,high,51job-area-alias,1,job_946977,https://jobs.51job.com/wenshan-fnx/170724222.html?s=sou_sou_soulb&t=0_0&req=e0fb65e64f2823c603a4c54471b5d28d
江西,新余,分宜县,江西,新余,分宜县,high,exact-city-alias,1,job_578123,https://jobs.51job.com/xinyu-fyx/171650947.html?s=sou_sou_soulb&t=0_0&req=3cfcf0f26baf84c0595f8e596df84c75
山东,日照,五莲县,山东,日照,五莲县,high,exact-city-alias,1,job_271984,https://jobs.51job.com/rizhao-wlx/168409543.html?s=sou_sou_soulb&t=0_0&req=adb390c665229728f5ef73100b320021
新疆,昌吉,玛纳斯县,新疆,昌吉,玛纳斯县,high,51job-area-alias,1,job_583258,https://jobs.51job.com/changji-mnsx/170377859.html?s=sou_sou_soulb&t=0_0&req=c1b3cacb9013178b975012bc59bb1c22
西藏,昌都,卡若区,西藏,昌都,卡若区,high,exact-city-alias,1,job_386667,https://jobs.51job.com/changdu-krq/162820369.html?s=sou_sou_soulb&t=0_0&req=87826a9b25f275d0bd1fa73c0c7c82db
云南,昭通,大关县,云南,昭通,大关县,high,exact-city-alias,1,job_525602,https://jobs.51job.com/zhaotong-dgx/165959409.html?s=sou_sou_soulb&t=0_0&req=9991b25c0479ee877846a69f9278c1cf
山西,晋中,平遥县,山西,晋中,平遥县,high,exact-city-alias,1,job_524405,https://jobs.51job.com/jinzhong-pyx/169196138.html?s=sou_sou_soulb&t=0_0&req=d50ad95b664e4debe32465c559f5a7a0
山西,晋城,阳城县,山西,晋城,阳城县,high,exact-city-alias,1,job_586005,https://jobs.51job.com/jincheng-ycx/171374810.html?s=sou_sou_soulb&t=0_0&req=7077d6efc8c7cfa5b038fff44c9f5a01
山西,晋城,泽州县,山西,晋城,泽州县,high,exact-city-alias,1,job_1094540,https://jobs.51job.com/jincheng-zzx/170457041.html?s=sou_sou_soulb&t=0_0&req=7a637fafce1e20d3fc08a7079a4d5ec2
云南,普洱,景东彝族自治县,云南,普洱,景东彝族自治县,high,exact-city-alias,1,job_062901,https://jobs.51job.com/puer-jdyzzzx/168519286.html?s=sou_sou_soulb&t=0_0&req=af650d35f2714a3a8614f78cc991ac18
云南,普洱,孟连傣族拉祜族佤族自治县,云南,普洱,孟连傣族拉祜族佤族自治县,high,exact-city-alias,1,job_082191,https://jobs.51job.com/puer-mldzlhzwzzzx/167057263.html?s=sou_sou_soulb&t=0_0&req=4b2e8ef5aeab324b9a6c514d0149be30
云南,普洱,景谷傣族彝族自治县,云南,普洱,景谷傣族彝族自治县,high,exact-city-alias,1,job_525603,https://jobs.51job.com/puer-jgdzyzzzx/170407278.html?s=sou_sou_soulb&t=0_0&req=9991b25c0479ee877846a69f9278c1cf
云南,普洱,西盟佤族自治县,云南,普洱,西盟佤族自治县,high,exact-city-alias,1,job_839573,https://jobs.51job.com/puer-xmwzzzx/154691519.html?s=sou_sou_soulb&t=0_0&req=1973994576b2b45b5fa1f833d35a9d72
山西,朔州,山阴县,山西,朔州,山阴县,high,exact-city-alias,1,job_217099,https://jobs.51job.com/shuozhou-syx/168099009.html?s=sou_sou_soulb&t=0_0&req=b0f2b8e425ba61319e496ed38464f11a
山西,朔州,平鲁区,山西,朔州,平鲁区,high,exact-city-alias,1,job_1064488,https://jobs.51job.com/shuozhou-plq/167957168.html?s=sou_sou_soulb&t=0_0&req=c3dccb2183160cb07ec0a71db30e5503
辽宁,本溪,本溪满族自治县,辽宁,本溪,本溪满族自治县,high,exact-city-alias,1,job_292069,https://jobs.51job.com/benxi-bxmzzzx/170431705.html?s=sou_sou_soulb&t=0_0&req=024cea1176925bf2c9663a494d647849
广西,来宾,武宣县,广西,来宾,武宣县,high,exact-city-alias,1,job_1094227,https://jobs.51job.com/laibin-wxx/171630074.html?s=sou_sou_soulb&t=0_0&req=994514efc0ada9d0d6fa76cd43144ca2
,杭州-余杭区,,浙江,杭州,余杭区,high,city-hyphen-district,1,job_043177,https://jobs.51job.com/all/170369606.html?s=sou_sou_soulb&t=0_0&req=28bb30b9ab4f5cbd432aa09c7d7dd923
,杭州-滨江区,,浙江,杭州,滨江区,high,city-hyphen-district,1,job_043159,https://jobs.51job.com/all/157710536.html?s=sou_sou_soulb&t=0_0&req=c833765d9493d8e941ff93f1faf0219e
,杭州-西湖区,,浙江,杭州,西湖区,high,city-hyphen-district,1,job_043137,https://jobs.51job.com/all/170396210.html?s=sou_sou_soulb&t=0_0&req=edf710e2eb5f6518f9032ab67d560b56
西藏,林芝,察隅县,西藏,林芝,察隅县,high,exact-city-alias,1,job_949351,https://jobs.51job.com/linzhi-cyx/170805572.html?s=sou_sou_soulb&t=0_0&req=6436a9b04ecb5fc5fc979c749870e4c7
青海,果洛,,青海,果洛,,high,51job-area-alias,1,job_526230,https://jobs.51job.com/guoluo/170771095.html?s=sou_sou_soulb&t=0_0&req=f1fe6a59d8e17347068b5562f411139e
青海,果洛,玛沁县,青海,果洛,玛沁县,high,51job-area-alias,1,job_1074773,https://jobs.51job.com/guoluo-mqx/167487003.html?s=sou_sou_soulb&t=0_0&req=3402598d797d32954a60c6de38fcdf32
广西,桂林,灌阳县,广西,桂林,灌阳县,high,exact-city-alias,1,job_615275,https://jobs.51job.com/guilin-gyx/156915942.html?s=sou_sou_soulb&t=0_0&req=c033123aef69a2200dbca33ed07d4589
广西,桂林,荔浦市,广西,桂林,荔浦市,high,exact-city-alias,1,job_695505,https://jobs.51job.com/guilin-lps/169410795.html?s=sou_sou_soulb&t=0_0&req=cb023e8796f2b34f5d333c0008f36035
广西,桂林,龙胜各族自治县,广西,桂林,龙胜各族自治县,high,exact-city-alias,1,job_738344,https://jobs.51job.com/guilin-lsgzzzx/171441679.html?s=sou_sou_soulb&t=0_0&req=c73eeb8ceafd78b2450319000770d1d1
云南,楚雄,姚安县,云南,楚雄,姚安县,high,51job-area-alias,1,job_376919,https://jobs.51job.com/chuxiong-yax/171461813.html?s=sou_sou_soulb&t=0_0&req=c1d3f4b1af1fcdeef410f03ead3286cd
陕西,榆林,米脂县,陕西,榆林,米脂县,high,exact-city-alias,1,job_386568,https://jobs.51job.com/yulin-mzx/168515955.html?s=sou_sou_soulb&t=0_0&req=a65e7d5dfe6acc5d2056ac74eb03f48e
贵州,毕节,纳雍县,贵州,毕节,纳雍县,high,exact-city-alias,1,job_444495,https://jobs.51job.com/bijie-nyx/171664342.html?s=sou_sou_soulb&t=0_0&req=995071a92cebcc3eccb4b12357511255
贵州,毕节,大方县,贵州,毕节,大方县,high,exact-city-alias,1,job_997605,https://jobs.51job.com/bijie-dfx/171397095.html?s=sou_sou_soulb&t=0_0&req=9142b8da68d6581a0a5ff63ba840602a
湖南,永州,新田县,湖南,永州,新田县,high,exact-city-alias,1,job_523666,https://jobs.51job.com/yongzhou-xtx/171460026.html?s=sou_sou_soulb&t=0_0&req=c7233558ffc78bcf92686b0b4af6de3e
陕西,汉中,留坝县,陕西,汉中,留坝县,high,exact-city-alias,1,job_390922,https://jobs.51job.com/hanzhong-lbx/170893024.html?s=sou_sou_soulb&t=0_0&req=80c29e36461f6093e119c1537e222c1a
陕西,汉中,宁强县,陕西,汉中,宁强县,high,exact-city-alias,1,job_524293,https://jobs.51job.com/hanzhong-nqx/161951605.html?s=sou_sou_soulb&t=0_0&req=f574665310f5579bdec56684f9762593
陕西,汉中,略阳县,陕西,汉中,略阳县,high,exact-city-alias,1,job_823217,https://jobs.51job.com/hanzhong-lyx/170428417.html?s=sou_sou_soulb&t=0_0&req=706e5093ac33aecfe6edceed75971192
河北,沧州,泊头市,河北,沧州,泊头市,high,exact-city-alias,1,job_740475,https://jobs.51job.com/cangzhou-bts/170304431.html?s=sou_sou_soulb&t=0_0&req=03a95405d469ba6c2e480a294ddad3dd
广西,河池,大化瑶族自治县,广西,河池,大化瑶族自治县,high,exact-city-alias,1,job_925410,https://jobs.51job.com/hechi-dhyzzzx/170387049.html?s=sou_sou_soulb&t=0_0&req=3ff85b2bf5d962ab02cd0c58c067001d
广东,河源,和平县,广东,河源,和平县,high,exact-city-alias,1,job_506461,https://jobs.51job.com/heyuan-hpx/168967223.html?s=sou_sou_soulb&t=0_0&req=4e4a0b34b7ab4eed24be2ba11b3a2706
山东,泰安,宁阳县,山东,泰安,宁阳县,high,exact-city-alias,1,job_164120,http://yingde.51job.com/work_detail.html?jobid=170642400
河南,洛阳,汝阳县,河南,洛阳,汝阳县,high,exact-city-alias,1,job_909197,https://jobs.51job.com/luoyang-ryx/171561836.html?s=sou_sou_soulb&t=0_0&req=03166933fdd4c4e5785b6000600e1ab9
青海,海东,民和回族土族自治县,青海,海东,民和回族土族自治县,high,exact-city-alias,1,job_949353,https://jobs.51job.com/haidong-mhhztzzzx/167837653.html?s=sou_sou_soulb&t=0_0&req=f586b48ded22cd9c657978118dabda45
青海,海东,平安区,青海,海东,平安区,high,exact-city-alias,1,job_964231,https://jobs.51job.com/haidong-paq/171656969.html?s=sou_sou_soulb&t=0_0&req=2d0363aa285d2739ba2d4d988c73c369
青海,海北,门源回族自治县,青海,海北,门源回族自治县,high,51job-area-alias,1,job_526238,https://jobs.51job.com/haibei-myhzzzx/168972239.html?s=sou_sou_soulb&t=0_0&req=f1fe6a59d8e17347068b5562f411139e
青海,海西,天峻县,青海,海西,天峻县,high,51job-area-alias,1,job_611338,https://jobs.51job.com/haixi-tjx/168638906.html?s=sou_sou_soulb&t=0_0&req=97b79775b74d8fbdb948d9d7d3ed364b
湖南,湘西,保靖县,湖南,湘西,保靖县,high,51job-area-alias,1,job_418294,https://jobs.51job.com/xiangxi-bjx/169037207.html?s=sou_sou_soulb&t=0_0&req=8ef53f1ace7fb6da4b0e6e0869f35e4c
湖南,湘西,永顺县,湖南,湘西,永顺县,high,51job-area-alias,1,job_979944,https://jobs.51job.com/xiangxi-ysx/170735537.html?s=sou_sou_soulb&t=0_0&req=a1f4f51553abc6b03f4d62bc7914b4cd
山东,滨州,阳信县,山东,滨州,阳信县,high,exact-city-alias,1,job_519266,https://jobs.51job.com/binzhou-yxx/171485163.html?s=sou_sou_soulb&t=0_0&req=9b366ef6e32c7e34a5d638b48f18be62
福建,漳州,华安县,福建,漳州,华安县,high,exact-city-alias,1,job_231309,https://jobs.51job.com/zhangzhou-hax/171173890.html?s=sou_sou_soulb&t=0_0&req=5ecb599e3b1db2e247e83278b65ef06c
,潜江,,湖北,潜江,,high,51job-area-alias,1,job_522274,https://jobs.51job.com/all/164835485.html?s=sou_sou_soulb&t=0_0&req=772653cb80aaf64dd5c503c0dda8a8cb
河南,濮阳,清丰县,河南,濮阳,清丰县,high,exact-city-alias,1,job_280975,https://jobs.51job.com/puyang-qfx/169919139.html?s=sou_sou_soulb&t=0_0&req=b0cdc4f9f99175a65bb4e7d42121f738
山东,烟台,高新区,山东,烟台,高新区,high,exact-city-alias,1,job_820385,https://jobs.51job.com/yantai-gxq/167783951.html?s=sou_sou_soulb&t=0_0&req=144a3bb42ce9408f0233623dcd5c853c
河南,焦作,中站区,河南,焦作,中站区,high,exact-city-alias,1,job_140763,https://jobs.51job.com/jiaozuo-zzq/171396039.html?s=sou_sou_soulb&t=0_0&req=ad4ff98a1e51fb2c8231896d3aedf339
河南,焦作,马村区,河南,焦作,马村区,high,exact-city-alias,1,job_383997,https://jobs.51job.com/jiaozuo-mcq/170535762.html?s=sou_sou_soulb&t=0_0&req=1eeaed14b918ea7f92b7d1dbf5b8820f
黑龙江,牡丹江,穆棱市,黑龙江,牡丹江,穆棱市,high,exact-city-alias,1,job_441085,https://jobs.51job.com/mudanjiang-mls/171250652.html?s=sou_sou_soulb&t=0_0&req=c8d2c8f574e202d6b19d0073703e9801
黑龙江,牡丹江,宁安市,黑龙江,牡丹江,宁安市,high,exact-city-alias,1,job_895460,https://jobs.51job.com/mudanjiang-nas/170419945.html?s=sou_sou_soulb&t=0_0&req=19730353e41a00040b6d1f0228ef7e1d
青海,玉树,玉树市,青海,玉树,玉树市,high,51job-area-alias,1,job_422300,https://jobs.51job.com/yushu-yss/168639462.html?s=sou_sou_soulb&t=0_0&req=cc9935d2f60c2de9aefde3fdc4f6f33b
云南,玉溪,新平彝族傣族自治县,云南,玉溪,新平彝族傣族自治县,high,exact-city-alias,1,job_357468,https://jobs.51job.com/yuxi-xpyzdzzzx/171376522.html?s=sou_sou_soulb&t=0_0&req=8c5f326279ed87119bb076457956866d
云南,玉溪,通海县,云南,玉溪,通海县,high,exact-city-alias,1,job_612406,https://jobs.51job.com/yuxi-thx/170341340.html?s=sou_sou_soulb&t=0_0&req=e34f083c9d4e307345f25e7b604cdd96
云南,玉溪,峨山彝族自治县,云南,玉溪,峨山彝族自治县,high,exact-city-alias,1,job_923260,https://jobs.51job.com/yuxi-syzzzx/170729570.html?s=sou_sou_soulb&t=0_0&req=8abf14e22accbcaa5ea15359ae461465
甘肃,甘南,碌曲县,甘肃,甘南,碌曲县,high,51job-area-alias,1,job_133872,https://jobs.51job.com/gannan-lqx/169597860.html?s=sou_sou_soulb&t=0_0&req=943e8b19277a50e3a041812650adf8d8
,甘孜,,四川,甘孜,,high,51job-area-alias,1,job_518541,https://jobs.51job.com/all/164819149.html?s=sou_sou_soulb&t=0_0&req=af43fad92699a17d26e50de8f4fd856e
四川,甘孜,得荣县,四川,甘孜,得荣县,high,51job-area-alias,1,job_293727,https://jobs.51job.com/ganzi-drx/171659466.html?s=sou_sou_soulb&t=0_0&req=e48590ba7d237ffa7fccd6f04e10902f
四川,甘孜,九龙县,四川,甘孜,九龙县,high,51job-area-alias,1,job_311499,https://jobs.51job.com/ganzi-jlx/171422833.html?s=sou_sou_soulb&t=0_0&req=29f9421f6db7a3c0b5969a32130d4f35
四川,甘孜,泸定县,四川,甘孜,泸定县,high,51job-area-alias,1,job_369681,https://jobs.51job.com/ganzi-ldx/171191282.html?s=sou_sou_soulb&t=0_0&req=463ac658c1a8922e89adb6bf2ea712a0
四川,甘孜,道孚县,四川,甘孜,道孚县,high,51job-area-alias,1,job_714644,https://jobs.51job.com/ganzi-dfx/170905162.html?s=sou_sou_soulb&t=0_0&req=b95f172c79bc51fd9492c540a8d534a9
四川,甘孜,理塘县,四川,甘孜,理塘县,high,51job-area-alias,1,job_1109859,https://jobs.51job.com/ganzi-ltx/171277550.html?s=sou_sou_soulb&t=0_0&req=893157ddba091344885579c3b0ec7882
吉林,白山,江源区,吉林,白山,江源区,high,exact-city-alias,1,job_364544,https://jobs.51job.com/baishan-jyq/156927223.html?s=sou_sou_soulb&t=0_0&req=0db5cbc062ba74d079a06f49059e586f
广西,百色,乐业县,广西,百色,乐业县,high,exact-city-alias,1,job_386427,https://jobs.51job.com/baise-lyx/168234654.html?s=sou_sou_soulb&t=0_0&req=6b8d36b32c3838f9360c692e4749e011
广西,百色,西林县,广西,百色,西林县,high,exact-city-alias,1,job_520434,https://jobs.51job.com/baise-xlx/170609006.html?s=sou_sou_soulb&t=0_0&req=bf807bfb887a3ced1298b84bd3857619
广西,百色,凌云县,广西,百色,凌云县,high,exact-city-alias,1,job_820977,https://jobs.51job.com/baise-lyx/160988205.html?s=sou_sou_soulb&t=0_0&req=e4da5fdd7649c3eca4ae490fe18b8de5
辽宁,盘锦,双台子区,辽宁,盘锦,双台子区,high,exact-city-alias,1,job_946034,https://jobs.51job.com/panjin-stzq/171291201.html?s=sou_sou_soulb&t=0_0&req=53752967882dc0318923c8cd2e4d104c
河北,石家庄,井陉矿区,河北,石家庄,井陉矿区,high,exact-city-alias,1,job_383863,https://jobs.51job.com/shijiazhuang-jxkq/170670760.html?s=sou_sou_soulb&t=0_0&req=a3ee2a2b66f3f2e53f564ae831e2076e
河北,石家庄,井陉县,河北,石家庄,井陉县,high,exact-city-alias,1,job_578189,https://jobs.51job.com/shijiazhuang-jxx/171438335.html?s=sou_sou_soulb&t=0_0&req=a43a43b38e6ce7c4939c2700e437a216
河北,石家庄,高邑县,河北,石家庄,高邑县,high,exact-city-alias,1,job_1063552,https://jobs.51job.com/shijiazhuang-gyx/171621947.html?s=sou_sou_soulb&t=0_0&req=f2a14d184493214b6a84ca245c3b40e1
,神农架,,湖北,神农架,,high,51job-area-alias,1,job_522283,https://jobs.51job.com/all/164835445.html?s=sou_sou_soulb&t=0_0&req=ec94d90695b703e53d7c12701c2850b2
云南,红河州,金平苗族瑶族傣族自治县,云南,红河州,金平苗族瑶族傣族自治县,high,51job-area-alias,1,job_104479,https://jobs.51job.com/honghezhou-jpmzyzdzzzx/169032577.html?s=sou_sou_soulb&t=0_0&req=35f76f3530e8f202b5d7858c8ff66ecb
黑龙江,绥化,安达市,黑龙江,绥化,安达市,high,exact-city-alias,1,job_229125,https://jobs.51job.com/suihua-ads/164741251.html?s=sou_sou_soulb&t=0_0&req=632feae6293daff23fe2ca374d64ffa2
黑龙江,绥化,青冈县,黑龙江,绥化,青冈县,high,exact-city-alias,1,job_426948,https://jobs.51job.com/suihua-qgx/171546747.html?s=sou_sou_soulb&t=0_0&req=3c08a70499a9c96cd4261f580b54ff1d
,绵阳,,四川,绵阳,,high,exact-city-alias,1,job_518307,https://jobs.51job.com/all/164818859.html?s=sou_sou_soulb&t=0_0&req=10409f11f04606257daad0eb97937b34
,舟山,,浙江,舟山,,high,exact-city-alias,1,job_517313,https://jobs.51job.com/all/164811359.html?s=sou_sou_soulb&t=0_0&req=89bfecaf3c4280db976fe1b190904ae7
山东,菏泽,鄄城县,山东,菏泽,鄄城县,high,exact-city-alias,1,job_922705,https://jobs.51job.com/heze-jcx/170465259.html?s=sou_sou_soulb&t=0_0&req=641ce9feae8ba09f7b746b099d0dca4c
辽宁,葫芦岛,连山区,辽宁,葫芦岛,连山区,high,exact-city-alias,1,job_352247,https://jobs.51job.com/huludao-lsq/170592722.html?s=sou_sou_soulb&t=0_0&req=11ff17d674f83db0dee86233541966f4
河北,衡水,武邑县,河北,衡水,武邑县,high,exact-city-alias,1,job_280803,https://jobs.51job.com/hengshui-wyx/157715721.html?s=sou_sou_soulb&t=0_0&req=f2c18c04429c6ac2f13f649b1050521e
湖南,衡阳,衡阳县,湖南,衡阳,衡阳县,high,exact-city-alias,1,job_768148,https://jobs.51job.com/hengyang-hyx/167809596.html?s=sou_sou_soulb&t=0_0&req=ae2801edde6f4be5fae04bb2d59534a4
青海,西宁,大通回族土族自治县,青海,西宁,大通回族土族自治县,high,exact-city-alias,1,job_359914,https://jobs.51job.com/xining-dthztzzzx/171577378.html?s=sou_sou_soulb&t=0_0&req=b5f721454910d20ef7f25e3e966b9ccf
,西昌,,四川,西昌,,high,51job-area-alias,1,job_518535,https://jobs.51job.com/all/164819538.html?s=sou_sou_soulb&t=0_0&req=5140338f77822da20437458e5296421b
广西,贺州,昭平县,广西,贺州,昭平县,high,exact-city-alias,1,job_579299,https://jobs.51job.com/hezhou-zpx/166150172.html?s=sou_sou_soulb&t=0_0&req=336ff0b29167fb8574abd743dfc49e6c
广西,贺州,富川瑶族自治县,广西,贺州,富川瑶族自治县,high,exact-city-alias,1,job_948883,https://jobs.51job.com/hezhou-fcyzzzx/171563246.html?s=sou_sou_soulb&t=0_0&req=7273fbbd43cd53ed838e5e61aaee5986
,资阳,,四川,资阳,,high,exact-city-alias,1,job_518493,https://jobs.51job.com/all/164818594.html?s=sou_sou_soulb&t=0_0&req=fc8447143c013e54943770371703d70c
内蒙古,赤峰,敖汉旗,内蒙古,赤峰,敖汉旗,high,exact-city-alias,1,job_150745,https://jobs.51job.com/chifeng-ahq/165800412.html?s=sou_sou_soulb&t=0_0&req=b42cb9fabac0a51eb877fa6cb8978eca
内蒙古,赤峰,阿鲁科尔沁旗,内蒙古,赤峰,阿鲁科尔沁旗,high,exact-city-alias,1,job_391399,https://jobs.51job.com/chifeng-lkeqq/170966454.html?s=sou_sou_soulb&t=0_0&req=dff3570e07fc4e3ae732a2b1f78645b4
内蒙古,赤峰,林西县,内蒙古,赤峰,林西县,high,exact-city-alias,1,job_609125,https://jobs.51job.com/chifeng-lxx/171307872.html?s=sou_sou_soulb&t=0_0&req=3e7cb35097d9136b3b154da630418427
内蒙古,赤峰,宁城县,内蒙古,赤峰,宁城县,high,exact-city-alias,1,job_1065086,https://jobs.51job.com/chifeng-ncx/171643671.html?s=sou_sou_soulb&t=0_0&req=93add69ded0c518d0091cb4a6a54f6b7
辽宁,辽阳,灯塔市,辽宁,辽阳,灯塔市,high,exact-city-alias,1,job_347414,https://jobs.51job.com/liaoyang-dts/171472655.html?s=sou_sou_soulb&t=0_0&req=08c80d37663047cbadea183afa13e521
辽宁,辽阳,太子河区,辽宁,辽阳,太子河区,high,exact-city-alias,1,job_702511,https://jobs.51job.com/liaoyang-tzhq/171273392.html?s=sou_sou_soulb&t=0_0&req=663d5b3f3a43269414d586378cd86d63
四川,达州,开江县,四川,达州,开江县,high,exact-city-alias,1,job_616471,https://jobs.51job.com/dazhou-kjx/171669498.html?s=sou_sou_soulb&t=0_0&req=37cbb52cb37be80ff8606d3fd5978d04
山西,运城,夏县,山西,运城,夏县,high,exact-city-alias,1,job_221714,https://jobs.51job.com/yuncheng-xx/171058349.html?s=sou_sou_soulb&t=0_0&req=f268744db78e46cab6c3c51c2434f3d8
吉林,通化,柳河县,吉林,通化,柳河县,high,exact-city-alias,1,job_332643,https://jobs.51job.com/tonghua-lhx/163258303.html?s=sou_sou_soulb&t=0_0&req=af22417a1a08a715026d99d496e98a3a
内蒙古,通辽,开鲁县,内蒙古,通辽,开鲁县,high,exact-city-alias,1,job_282254,https://jobs.51job.com/tongliao-klx/171521087.html?s=sou_sou_soulb&t=0_0&req=e3d9c94c5a381d9689d372fa92a2aec8
内蒙古,通辽,奈曼旗,内蒙古,通辽,奈曼旗,high,exact-city-alias,1,job_615424,https://jobs.51job.com/tongliao-nmq/171334854.html?s=sou_sou_soulb&t=0_0&req=c2a207cc56a038555ba1c3cd199ea1f5
,遂宁,,四川,遂宁,,high,exact-city-alias,1,job_518506,https://jobs.51job.com/all/164819042.html?s=sou_sou_soulb&t=0_0&req=80e7bc3cff7eae53e6f8d6dc93094852
贵州,遵义,务川仡佬族苗族自治县,贵州,遵义,务川仡佬族苗族自治县,high,exact-city-alias,1,job_873893,https://jobs.51job.com/zunyi-wcylzmzzzx/171469511.html?s=sou_sou_soulb&t=0_0&req=86cb2231882041183f68afd2677f0755
贵州,遵义,湄潭县,贵州,遵义,湄潭县,high,exact-city-alias,1,job_998504,https://jobs.51job.com/zunyi-mtx/171473162.html?s=sou_sou_soulb&t=0_0&req=21b07b2aed569438358d94f8a0577eab
河北,邢台,南和区,河北,邢台,南和区,high,exact-city-alias,1,job_363367,https://jobs.51job.com/xingtai-nhq/171524023.html?s=sou_sou_soulb&t=0_0&req=6e35f35eddeee6a9bcb5baa1a21c2d52
河北,邢台,平乡县,河北,邢台,平乡县,high,exact-city-alias,1,job_363375,https://jobs.51job.com/xingtai-pxx/171349535.html?s=sou_sou_soulb&t=0_0&req=6e35f35eddeee6a9bcb5baa1a21c2d52
河北,邢台,威县,河北,邢台,威县,high,exact-city-alias,1,job_614828,https://jobs.51job.com/xingtai-wx/168003604.html?s=sou_sou_soulb&t=0_0&req=31feb6a20b156816214c5f2940eba0da
河北,邯郸,临漳县,河北,邯郸,临漳县,high,exact-city-alias,1,job_612066,https://jobs.51job.com/handan-lzx/167520813.html?s=sou_sou_soulb&t=0_0&req=6c7e35187cdbe9675e8a9448fea7be06
河北,邯郸,磁县,河北,邯郸,磁县,high,exact-city-alias,1,job_864372,https://jobs.51job.com/handan-cx/171189471.html?s=sou_sou_soulb&t=0_0&req=48b107a8608acd819d846a9fe685b348
河北,邯郸,广平县,河北,邯郸,广平县,high,exact-city-alias,1,job_934121,https://jobs.51job.com/handan-gpx/171673591.html?s=sou_sou_soulb&t=0_0&req=e446095a162db1ba0d17560d84f559cf
湖南,邵阳,绥宁县,湖南,邵阳,绥宁县,high,exact-city-alias,1,job_112642,https://jobs.51job.com/shaoyang-snx/169751922.html?s=sou_sou_soulb&t=0_0&req=2c6246fc0cb1a3f1d9b5279de72b3d7a
湖南,邵阳,城步苗族自治县,湖南,邵阳,城步苗族自治县,high,exact-city-alias,1,job_376703,https://jobs.51job.com/shaoyang-cbmzzzx/170630803.html?s=sou_sou_soulb&t=0_0&req=4df96a6bd79e7dfa968bcd5b1d5220d6
湖南,邵阳,新宁县,湖南,邵阳,新宁县,high,exact-city-alias,1,job_710117,https://jobs.51job.com/shaoyang-xnx/169189809.html?s=sou_sou_soulb&t=0_0&req=da473aa06cef27af95f24873ff77841e
重庆,重庆,城口县,重庆,重庆,城口县,high,exact-city-alias,1,job_817901,https://jobs.51job.com/chongqing-ckx/168974190.html?s=sou_sou_soulb&t=0_0&req=54d31c7a302a4880c61648461f9522f9
辽宁,铁岭,西丰县,辽宁,铁岭,西丰县,high,exact-city-alias,1,job_347411,https://jobs.51job.com/tieling-xfx/171472670.html?s=sou_sou_soulb&t=0_0&req=08c80d37663047cbadea183afa13e521
辽宁,铁岭,调兵山市,辽宁,铁岭,调兵山市,high,exact-city-alias,1,job_352314,https://jobs.51job.com/tieling-tbss/169502409.html?s=sou_sou_soulb&t=0_0&req=8dc382bc887e43e73592de290bf934ee
新疆,铁门关,,新疆,新疆生产建设兵团,铁门关,medium,district-to-city,1,job_282285,https://jobs.51job.com/tiemenguan/170377622.html?s=sou_sou_soulb&t=0_0&req=9a7ceb3eb3c4f38927a8ca81b9e325e6
贵州,铜仁,印江土家族苗族自治县,贵州,铜仁,印江土家族苗族自治县,high,exact-city-alias,1,job_898146,https://jobs.51job.com/tongren-yjtjzmzzzx/169882672.html?s=sou_sou_soulb&t=0_0&req=b5e091913f1a1c2969e12c82f878f44c
陕西,铜川,王益区,陕西,铜川,王益区,high,exact-city-alias,1,job_454909,https://jobs.51job.com/tongchuan-wyq/170423551.html?s=sou_sou_soulb&t=0_0&req=c56ee87b6255b5b57a0adc90dfa704ae
安徽,铜陵,郊区,安徽,铜陵,郊区,high,exact-city-alias,1,job_383772,https://jobs.51job.com/tongling-jq/170505785.html?s=sou_sou_soulb&t=0_0&req=ab74662fb3220063f7f4bfea72eb70b5
宁夏,银川,永宁县,宁夏,银川,永宁县,high,exact-city-alias,1,job_363945,https://jobs.51job.com/yinchuan-ynx/171292081.html?s=sou_sou_soulb&t=0_0&req=9fb50d4aeff9085ae2b8ce72185fe2f8
内蒙古,锡林郭勒盟,正蓝旗,内蒙古,锡林郭勒盟,正蓝旗,high,exact-city-alias,1,job_282255,https://jobs.51job.com/xilinguolemeng-zlq/167702821.html?s=sou_sou_soulb&t=0_0&req=e3d9c94c5a381d9689d372fa92a2aec8
内蒙古,锡林郭勒盟,多伦县,内蒙古,锡林郭勒盟,多伦县,high,exact-city-alias,1,job_437555,https://jobs.51job.com/xilinguolemeng-dlx/170318518.html?s=sou_sou_soulb&t=0_0&req=d257bfea8a3b1d6fbaeac730e6ac441d
辽宁,锦州,凌河区,辽宁,锦州,凌河区,high,exact-city-alias,1,job_352254,https://jobs.51job.com/jinzhou-lhq/170590151.html?s=sou_sou_soulb&t=0_0&req=11ff17d674f83db0dee86233541966f4
辽宁,锦州,黑山县,辽宁,锦州,黑山县,high,exact-city-alias,1,job_680195,https://jobs.51job.com/jinzhou-hsx/165647030.html?s=sou_sou_soulb&t=0_0&req=7281e0738f4f8173e7e321f4980c57ec
,长沙,,湖南,长沙,,high,exact-city-alias,1,job_746066,https://jobs.51job.com/all/169064882.html?s=sou_sou_soulb&t=0_0&req=79b0cf929905f3668d80bf93e6ad08cb
山西,长治,沁源县,山西,长治,沁源县,high,exact-city-alias,1,job_229102,https://jobs.51job.com/changzhi-qyx/171367870.html?s=sou_sou_soulb&t=0_0&req=f5926aad7b27244dc81da794dfcf309e
山西,长治,壶关县,山西,长治,壶关县,high,exact-city-alias,1,job_809217,https://jobs.51job.com/changzhi-hgx/171372654.html?s=sou_sou_soulb&t=0_0&req=cd647b453d3b54a86a94aafce8da9fe4
山西,长治,黎城县,山西,长治,黎城县,high,exact-city-alias,1,job_809220,https://jobs.51job.com/changzhi-lcx/171372559.html?s=sou_sou_soulb&t=0_0&req=cd647b453d3b54a86a94aafce8da9fe4
山西,长治,平顺县,山西,长治,平顺县,high,exact-city-alias,1,job_809221,https://jobs.51job.com/changzhi-psx/171372101.html?s=sou_sou_soulb&t=0_0&req=cd647b453d3b54a86a94aafce8da9fe4
山西,长治,屯留区,山西,长治,屯留区,high,exact-city-alias,1,job_809222,https://jobs.51job.com/changzhi-tlq/171372040.html?s=sou_sou_soulb&t=0_0&req=cd647b453d3b54a86a94aafce8da9fe4
辽宁,阜新,新邱区,辽宁,阜新,新邱区,high,exact-city-alias,1,job_359403,https://jobs.51job.com/fuxin-xqq/171594959.html?s=sou_sou_soulb&t=0_0&req=435df0dfe8c19213c66c87ddf735fdbe
广西,防城港,上思县,广西,防城港,上思县,high,exact-city-alias,1,job_925411,https://jobs.51job.com/fangchenggang-ssx/170611773.html?s=sou_sou_soulb&t=0_0&req=3ff85b2bf5d962ab02cd0c58c067001d
山西,阳泉,盂县,山西,阳泉,盂县,high,exact-city-alias,1,job_217110,https://jobs.51job.com/yangquan-yx/167957859.html?s=sou_sou_soulb&t=0_0&req=b0f2b8e425ba61319e496ed38464f11a
新疆,阿克苏,沙雅县,新疆,阿克苏,沙雅县,high,exact-city-alias,1,job_529464,https://jobs.51job.com/akesu-syx/171648285.html?s=sou_sou_soulb&t=0_0&req=5bfd4a57ff6a8068a97958f9d89cb325
新疆,阿勒泰,阿勒泰市,新疆,阿勒泰,阿勒泰市,high,exact-city-alias,1,job_912925,https://jobs.51job.com/aletai-lts/168425448.html?s=sou_sou_soulb&t=0_0&req=8ba3a8ad4d1ccd67f1a7d695a4f31b0d
,阿坝,,四川,阿坝,,high,51job-area-alias,1,job_518542,https://jobs.51job.com/all/164819594.html?s=sou_sou_soulb&t=0_0&req=a7b6a0c09962c10ba3b1b5c70b270729
四川,阿坝,小金县,四川,阿坝,小金县,high,51job-area-alias,1,job_074744,https://jobs.51job.com/aba-xjx/170743010.html?s=sou_sou_soulb&t=0_0&req=c5e61a16ebaa8983bfd138837ab75352
四川,阿坝,理县,四川,阿坝,理县,high,51job-area-alias,1,job_356405,https://jobs.51job.com/aba-lx/170995159.html?s=sou_sou_soulb&t=0_0&req=1fafe2d53a9a9140d1f0a6abb3e42c32
四川,阿坝,黑水县,四川,阿坝,黑水县,high,51job-area-alias,1,job_901027,https://jobs.51job.com/aba-hsx/171670693.html?s=sou_sou_soulb&t=0_0&req=289e63cf8bd3da9a8656ed5c0d7e8f14
四川,阿坝,金川县,四川,阿坝,金川县,high,51job-area-alias,1,job_919823,https://jobs.51job.com/aba-jcx/169450006.html?s=sou_sou_soulb&t=0_0&req=d3e10c42d275f22bab70c491432ced0a
内蒙古,阿拉善盟,阿拉善右旗,内蒙古,阿拉善盟,阿拉善右旗,high,exact-city-alias,1,job_221239,https://jobs.51job.com/alashanmeng-lsyq/171610489.html?s=sou_sou_soulb&t=0_0&req=9aa6142fc180f4e9cbc3aca2c9e8c48e
内蒙古,阿拉善盟,阿拉善左旗,内蒙古,阿拉善盟,阿拉善左旗,high,exact-city-alias,1,job_240112,https://jobs.51job.com/alashanmeng-lszq/161073200.html?s=sou_sou_soulb&t=0_0&req=649f9ac2e0593a39c47fd0f497bdaead
西藏,阿里,普兰县,西藏,阿里,普兰县,high,exact-city-alias,1,job_393149,https://jobs.51job.com/ali-plx/169043977.html?s=sou_sou_soulb&t=0_0&req=07d718d45192d0bad66232922e8b95a8
甘肃,陇南,宕昌县,甘肃,陇南,宕昌县,high,exact-city-alias,1,job_222393,https://jobs.51job.com/longnan-dcx/165569525.html?s=sou_sou_soulb&t=0_0&req=f7110893f4b769c59a5cb9c4a4e54473
甘肃,陇南,武都区,甘肃,陇南,武都区,high,exact-city-alias,1,job_353070,https://jobs.51job.com/longnan-wdq/170580352.html?s=sou_sou_soulb&t=0_0&req=a89975002267c8d52be39cb100aaefdb
甘肃,陇南,成县,甘肃,陇南,成县,high,exact-city-alias,1,job_824519,https://jobs.51job.com/longnan-cx/171343490.html?s=sou_sou_soulb&t=0_0&req=cc74291408e917343a31db9a745818f3
,随州,,湖北,随州,,high,exact-city-alias,1,job_522240,https://jobs.51job.com/all/164835481.html?s=sou_sou_soulb&t=0_0&req=c7792fdfd80eff99344e4d9c4d7a0edf
辽宁,鞍山,台安县,辽宁,鞍山,台安县,high,exact-city-alias,1,job_748054,https://jobs.51job.com/anshan-tax/164194565.html?s=sou_sou_soulb&t=0_0&req=319918a48af912918d9a2f7e4295aa2e
河南,驻马店,平舆县,河南,驻马店,平舆县,high,exact-city-alias,1,job_997345,https://jobs.51job.com/zhumadian-pyx/171421218.html?s=sou_sou_soulb&t=0_0&req=7a262421c5a6467adbd242f8502138ef
黑龙江,鸡西,恒山区,黑龙江,鸡西,恒山区,high,exact-city-alias,1,job_376811,https://jobs.51job.com/jixi-hsq/171285245.html?s=sou_sou_soulb&t=0_0&req=70cd86766ba166a0c4127d23cf0820a0
黑龙江,鸡西,梨树区,黑龙江,鸡西,梨树区,high,exact-city-alias,1,job_391056,https://jobs.51job.com/jixi-lsq/171149989.html?s=sou_sou_soulb&t=0_0&req=3d57e3c8fa48a08497812c151b319501
黑龙江,鹤岗,向阳区,黑龙江,鹤岗,向阳区,high,exact-city-alias,1,job_059266,https://jobs.51job.com/hegang-xyq/171570688.html?s=sou_sou_soulb&t=0_0&req=7741259792b85c028e1fcd0508916dcb
黑龙江,鹤岗,萝北县,黑龙江,鹤岗,萝北县,high,exact-city-alias,1,job_386581,https://jobs.51job.com/hegang-lbx/171206957.html?s=sou_sou_soulb&t=0_0&req=10e8e669ee7b27d479b3e010c059fa3b
黑龙江,鹤岗,绥滨县,黑龙江,鹤岗,绥滨县,high,exact-city-alias,1,job_945069,https://jobs.51job.com/hegang-sbx/158686207.html?s=sou_sou_soulb&t=0_1&req=74adae72693a238ed4889c99e2352aec
,黄石,,湖北,黄石,,high,exact-city-alias,1,job_049126,https://jobs.51job.com/all/164372022.html?s=sou_sou_soulb&t=0_0&req=81ff29c6d2d36ff3111756b7dc5736c4
黑龙江,黑河,嫩江市,黑龙江,黑河,嫩江市,high,exact-city-alias,1,job_823544,https://jobs.51job.com/heihe-njs/168290405.html?s=sou_sou_soulb&t=0_0&req=c2838c9cbbe110d79067d6752c85d3e9
贵州,黔东南,黎平县,贵州,黔东南,黎平县,high,51job-area-alias,1,job_054012,https://jobs.51job.com/qiandongnan-lpx/166422019.html?s=sou_sou_soulb&t=0_0&req=4b8bedd5593322d47eaf187e57f113f4
贵州,黔东南,台江县,贵州,黔东南,台江县,high,51job-area-alias,1,job_075165,https://jobs.51job.com/qiandongnan-tjx/170622452.html?s=sou_sou_soulb&t=0_0&req=5da766712cd16861a32f3d73c97e1e26
贵州,黔东南,施秉县,贵州,黔东南,施秉县,high,51job-area-alias,1,job_092411,https://jobs.51job.com/qiandongnan-sbx/171556269.html?s=sou_sou_soulb&t=0_0&req=d0d105f44397bcfa7a1d3b0e09ad79af
贵州,黔东南,剑河县,贵州,黔东南,剑河县,high,51job-area-alias,1,job_286447,https://jobs.51job.com/qiandongnan-jhx/164084148.html?s=sou_sou_soulb&t=0_0&req=2ff8459d28860d3331aab29d634e42cd
贵州,黔南,罗甸县,贵州,黔南,罗甸县,high,51job-area-alias,1,job_948932,https://jobs.51job.com/qiannan-ldx/171526277.html?s=sou_sou_soulb&t=0_0&req=3fda60a4c383d88e3361fcc465b17de9
贵州,黔西南,兴仁市,贵州,黔西南,兴仁市,high,51job-area-alias,1,job_282195,https://jobs.51job.com/qianxinan-xrs/170181932.html?s=sou_sou_soulb&t=0_0&req=b865a056155ba6db7d3cd9b58c045d49
贵州,黔西南,册亨县,贵州,黔西南,册亨县,high,51job-area-alias,1,job_357573,https://jobs.51job.com/qianxinan-chx/170871249.html?s=sou_sou_soulb&t=0_0&req=9a8f7b2c7aabf8651085d26003ccab65
贵州,黔西南,晴隆县,贵州,黔西南,晴隆县,high,51job-area-alias,1,job_949348,https://jobs.51job.com/qianxinan-qlx/171427369.html?s=sou_sou_soulb&t=0_0&req=327a456bd0e69166341d6f4b98a093bc
黑龙江,齐齐哈尔,克山县,黑龙江,齐齐哈尔,克山县,high,exact-city-alias,1,job_347068,https://jobs.51job.com/qiqihaer-ksx/171288680.html?s=sou_sou_soulb&t=0_0&req=58855dcef0337b7a5976feeb5ef61529
黑龙江,齐齐哈尔,建华区,黑龙江,齐齐哈尔,建华区,high,exact-city-alias,1,job_347085,https://jobs.51job.com/qiqihaer-jhq/171608807.html?s=sou_sou_soulb&t=0_0&req=58855dcef0337b7a5976feeb5ef61529
黑龙江,齐齐哈尔,泰来县,黑龙江,齐齐哈尔,泰来县,high,exact-city-alias,1,job_659906,https://jobs.51job.com/qiqihaer-tlx/171073359.html?s=sou_sou_soulb&t=0_0&req=62d2ca41136472a871146dc5034bd9b8
